city_id,city_name,dt,temp,humidity,pressure,weather_main,anomaly_name
3448439,São Paulo,1715714948,22.34,51,1018,Clouds,normal
3448439,São Paulo,1715801348,15.84,58,1015,Drizzle,normal
3448439,São Paulo,1715887748,18.89,77,1018,Clouds,normal
3448439,São Paulo,1715974148,24.8,72,1011,Clouds,normal
3448439,São Paulo,1716060548,18.58,89,1014,Drizzle,normal
3448439,São Paulo,1716146948,25.08,63,1013,Clear,normal
3448439,São Paulo,1716233348,22.8,78,1008,Clouds,pressure_drop
3448439,São Paulo,1716319748,18.6,95,1011,Thunderstorm,storm_event
3448439,São Paulo,1716406148,19.01,74,1019,Clear,normal
3448439,São Paulo,1716492548,18.93,54,1017,Clouds,normal
3448439,São Paulo,1716578948,23.05,56,1016,Clear,normal
3448439,São Paulo,1716665348,21.71,95,1012,Thunderstorm,storm_event
3448439,São Paulo,1716751748,21.64,69,1017,Clouds,normal
3448439,São Paulo,1716838148,13.53,55,1016,Clear,cold_snap
3448439,São Paulo,1716924548,18.21,91,1008,Rain,pressure_drop
3448439,São Paulo,1717010948,16.42,61,1015,Clouds,normal
3448439,São Paulo,1717097348,23.55,76,1013,Clouds,normal
3448439,São Paulo,1717183748,23.99,63,1010,Clear,normal
3448439,São Paulo,1717270148,14.97,70,1015,Clouds,normal
3448439,São Paulo,1717356548,16.28,64,1017,Clouds,normal
3448439,São Paulo,1717442948,18.64,52,1014,Clear,normal
3448439,São Paulo,1717529348,14.23,69,1013,Clouds,normal
3448439,São Paulo,1717615748,18.7,69,1017,Clouds,normal
3448439,São Paulo,1717702148,16.29,61,1009,Clear,normal
3448439,São Paulo,1717788548,13.89,47,1016,Clouds,normal
3448439,São Paulo,1717874948,16.41,92,1013,Drizzle,normal
3448439,São Paulo,1717961348,16.87,48,1014,Clouds,normal
3448439,São Paulo,1718047748,12.81,69,1016,Clear,normal
3448439,São Paulo,1718134148,13.56,63,1013,Clouds,normal
3448439,São Paulo,1718220548,17.48,86,1014,Clear,normal
3448439,São Paulo,1718306948,17.9,65,1020,Clouds,normal
3448439,São Paulo,1718393348,14.43,89,1010,Thunderstorm,storm_event
3448439,São Paulo,1718479748,14.95,56,1010,Clouds,normal
3448439,São Paulo,1718566148,16.83,55,1011,Rain,normal
3448439,São Paulo,1718652548,22.42,92,1016,Clouds,normal
3448439,São Paulo,1718738948,12.42,66,1012,Clouds,normal
3448439,São Paulo,1718825348,15.79,70,1019,Rain,normal
3448439,São Paulo,1718911748,14.66,40,1013,Clear,normal
3448439,São Paulo,1718998148,18.17,89,1015,Clear,normal
3448439,São Paulo,1719084548,16.09,44,1012,Clouds,normal
3448439,São Paulo,1719170948,22.42,49,1018,Clouds,normal
3448439,São Paulo,1719257348,19.91,68,1014,Clear,normal
3448439,São Paulo,1719343748,15.68,69,1013,Clouds,normal
3448439,São Paulo,1719430148,23.66,39,1020,Clouds,drought
3448439,São Paulo,1719516548,16.43,93,1009,Rain,storm_event
3448439,São Paulo,1719602948,21.11,61,1008,Clouds,pressure_drop
3448439,São Paulo,1719689348,21.52,65,1011,Clear,normal
3448439,São Paulo,1719775748,21.82,88,1014,Clear,normal
3448439,São Paulo,1719862148,20.11,49,1011,Clouds,normal
3448439,São Paulo,1719948548,16.4,65,1008,Clouds,pressure_drop
3448439,São Paulo,1720034948,17.27,89,1015,Clouds,normal
3448439,São Paulo,1720121348,11.68,66,1011,Clouds,normal
3448439,São Paulo,1720207748,14.2,61,1018,Clouds,normal
3448439,São Paulo,1720294148,16.5,59,1013,Clouds,normal
3448439,São Paulo,1720380548,17.78,92,1014,Rain,normal
3448439,São Paulo,1720466948,17.03,69,1010,Clear,normal
3448439,São Paulo,1720553348,17.0,92,1018,Rain,normal
3448439,São Paulo,1720639748,12.72,57,1016,Clear,normal
3448439,São Paulo,1720726148,14.58,56,1009,Clouds,normal
3448439,São Paulo,1720812548,14.75,54,1008,Rain,pressure_drop
3448439,São Paulo,1720898948,11.68,95,1008,Thunderstorm,storm_event
3448439,São Paulo,1720985348,21.16,46,1010,Clouds,normal
3448439,São Paulo,1721071748,21.16,48,1013,Clear,normal
3448439,São Paulo,1721158148,20.79,61,1013,Rain,normal
3448439,São Paulo,1721244548,15.47,64,1009,Clear,normal
3448439,São Paulo,1721330948,15.75,70,1012,Clouds,normal
3448439,São Paulo,1721417348,18.98,69,1016,Clouds,normal
3448439,São Paulo,1721503748,16.42,55,1016,Clear,normal
3448439,São Paulo,1721590148,21.16,92,1020,Clear,normal
3448439,São Paulo,1721676548,14.49,49,1019,Clear,normal
3448439,São Paulo,1721762948,17.63,55,1015,Rain,normal
3448439,São Paulo,1721849348,15.23,71,1015,Clouds,normal
3448439,São Paulo,1721935748,16.16,75,1014,Drizzle,normal
3448439,São Paulo,1722022148,15.82,69,1015,Clear,normal
3448439,São Paulo,1722108548,11.98,72,1021,Clear,normal
3448439,São Paulo,1722194948,18.6,61,1014,Clouds,normal
3448439,São Paulo,1722281348,22.54,36,1016,Clear,drought
3448439,São Paulo,1722367748,19.4,74,1021,Clouds,normal
3448439,São Paulo,1722454148,18.51,62,1015,Clear,normal
3448439,São Paulo,1722540548,20.0,66,1017,Rain,normal
3448439,São Paulo,1722626948,20.45,79,1021,Clear,normal
3448439,São Paulo,1722713348,13.62,77,1009,Drizzle,normal
3448439,São Paulo,1722799748,19.12,59,1011,Clear,normal
3448439,São Paulo,1722886148,15.45,57,1008,Rain,pressure_drop
3448439,São Paulo,1722972548,15.91,85,1017,Clear,normal
3448439,São Paulo,1723058948,18.29,70,1016,Clear,normal
3448439,São Paulo,1723145348,12.87,60,1017,Clear,normal
3448439,São Paulo,1723231748,21.21,74,1017,Clouds,normal
3448439,São Paulo,1723318148,19.56,83,1015,Clouds,normal
3448439,São Paulo,1723404548,18.21,57,1014,Clear,normal
3448439,São Paulo,1723490948,18.49,83,1011,Clear,normal
3448439,São Paulo,1723577348,21.22,58,1012,Clouds,normal
3448439,São Paulo,1723663748,19.64,69,1019,Clouds,normal
3448439,São Paulo,1723750148,19.63,76,1022,Clouds,normal
3448439,São Paulo,1723836548,12.87,91,1013,Clear,normal
3448439,São Paulo,1723922948,20.79,46,1010,Clear,normal
3448439,São Paulo,1724009348,15.56,75,1016,Clouds,normal
3448439,São Paulo,1724095748,14.02,40,1015,Clear,normal
3448439,São Paulo,1724182148,18.68,78,1015,Clear,normal
3448439,São Paulo,1724268548,18.1,76,1012,Clear,normal
3448439,São Paulo,1724354948,18.02,80,1013,Clouds,normal
3448439,São Paulo,1724441348,16.87,67,1017,Clouds,normal
3448439,São Paulo,1724527748,14.31,48,1009,Clear,normal
3448439,São Paulo,1724614148,19.4,65,1015,Clouds,normal
3448439,São Paulo,1724700548,20.84,68,1019,Clouds,normal
3448439,São Paulo,1724786948,15.45,60,1009,Clear,normal
3448439,São Paulo,1724873348,16.64,80,1021,Clouds,normal
3448439,São Paulo,1724959748,15.75,94,1012,Thunderstorm,storm_event
3448439,São Paulo,1725046148,12.98,82,1012,Clear,normal
3448439,São Paulo,1725132548,14.87,60,1016,Clouds,normal
3448439,São Paulo,1725218948,21.34,75,1018,Clear,normal
3448439,São Paulo,1725305348,16.17,90,1013,Rain,normal
3448439,São Paulo,1725391748,20.02,75,1020,Clear,normal
3448439,São Paulo,1725478148,20.59,72,1018,Clear,normal
3448439,São Paulo,1725564548,21.35,70,1015,Clear,normal
3448439,São Paulo,1725650948,15.85,42,1011,Clear,normal
3448439,São Paulo,1725737348,19.56,92,1018,Clouds,normal
3448439,São Paulo,1725823748,21.39,65,1013,Clouds,normal
3448439,São Paulo,1725910148,22.17,65,1018,Clear,normal
3448439,São Paulo,1725996548,20.41,92,1015,Clouds,normal
3448439,São Paulo,1726082948,20.66,78,1014,Clouds,normal
3448439,São Paulo,1726169348,18.17,76,1012,Clear,normal
3448439,São Paulo,1726255748,19.81,89,1013,Thunderstorm,storm_event
3448439,São Paulo,1726342148,19.58,76,1013,Clear,normal
3448439,São Paulo,1726428548,15.16,75,1009,Drizzle,normal
3448439,São Paulo,1726514948,22.96,60,1010,Clear,normal
3448439,São Paulo,1726601348,18.84,92,1016,Clear,normal
3448439,São Paulo,1726687748,10.3,47,1017,Clouds,cold_snap
3448439,São Paulo,1726774148,20.15,81,1015,Clear,normal
3448439,São Paulo,1726860548,18.43,82,1019,Clouds,normal
3448439,São Paulo,1726946948,17.86,88,1014,Clear,normal
3448439,São Paulo,1727033348,19.13,90,1015,Clear,normal
3448439,São Paulo,1727119748,24.87,79,1011,Rain,normal
3448439,São Paulo,1727206148,15.92,79,1013,Clouds,normal
3448439,São Paulo,1727292548,17.59,50,1008,Clouds,pressure_drop
3448439,São Paulo,1727378948,18.03,73,1014,Clouds,normal
3448439,São Paulo,1727465348,19.94,73,1011,Clouds,normal
3448439,São Paulo,1727551748,22.29,75,1016,Clouds,normal
3448439,São Paulo,1727638148,25.76,69,1013,Clouds,normal
3448439,São Paulo,1727724548,17.45,53,1012,Clear,normal
3448439,São Paulo,1727810948,12.84,63,1017,Clear,cold_snap
3448439,São Paulo,1727897348,20.66,83,1008,Clear,pressure_drop
3448439,São Paulo,1727983748,22.7,70,1010,Clear,normal
3448439,São Paulo,1728070148,18.14,76,1008,Rain,pressure_drop
3448439,São Paulo,1728156548,17.24,92,1017,Drizzle,normal
3448439,São Paulo,1728242948,17.15,98,1009,Rain,storm_event
3448439,São Paulo,1728329348,23.15,92,1011,Clouds,normal
3448439,São Paulo,1728415748,21.84,90,1011,Clear,normal
3448439,São Paulo,1728502148,26.16,58,1009,Drizzle,normal
3448439,São Paulo,1728588548,22.02,84,1008,Clear,pressure_drop
3448439,São Paulo,1728674948,22.61,59,1020,Clouds,normal
3448439,São Paulo,1728761348,21.31,98,1017,Clouds,extreme_humidity
3448439,São Paulo,1728847748,23.03,50,1008,Clouds,pressure_drop
3448439,São Paulo,1728934148,21.84,60,1015,Rain,normal
3448439,São Paulo,1729020548,23.15,71,1013,Clouds,normal
3448439,São Paulo,1729106948,20.0,68,1016,Clouds,normal
3448439,São Paulo,1729193348,22.49,60,1014,Clouds,normal
3448439,São Paulo,1729279748,18.37,55,1018,Rain,normal
3448439,São Paulo,1729366148,16.09,70,1011,Rain,normal
3448439,São Paulo,1729452548,22.78,81,1009,Rain,normal
3448439,São Paulo,1729538948,21.67,63,1015,Clouds,normal
3448439,São Paulo,1729625348,21.76,50,1008,Clear,pressure_drop
3448439,São Paulo,1729711748,20.61,96,1008,Rain,pressure_drop
3448439,São Paulo,1729798148,18.19,76,1016,Clouds,normal
3448439,São Paulo,1729884548,21.68,92,1011,Rain,normal
3448439,São Paulo,1729970948,18.74,63,1015,Clear,normal
3448439,São Paulo,1730057348,16.8,86,1013,Drizzle,normal
3448439,São Paulo,1730143748,21.94,57,1010,Clear,normal
3448439,São Paulo,1730230148,22.15,92,1015,Rain,normal
3448439,São Paulo,1730316548,18.46,93,1013,Thunderstorm,storm_event
3448439,São Paulo,1730402948,20.02,61,1018,Clear,normal
3448439,São Paulo,1730489348,13.67,58,1018,Clear,cold_snap
3448439,São Paulo,1730575748,14.51,86,1008,Clouds,pressure_drop
3448439,São Paulo,1730662148,18.96,40,1011,Clouds,normal
3448439,São Paulo,1730748548,20.46,84,1014,Clear,normal
3448439,São Paulo,1730834948,24.38,72,1008,Drizzle,pressure_drop
3448439,São Paulo,1730921348,18.62,76,1014,Clouds,normal
3448439,São Paulo,1731007748,20.95,78,1011,Clear,normal
3448439,São Paulo,1731094148,20.44,51,1009,Clouds,normal
3448439,São Paulo,1731180548,20.07,53,1014,Clear,normal
3448439,São Paulo,1731266948,16.13,47,1011,Clear,normal
3448439,São Paulo,1731353348,21.71,79,1011,Clouds,normal
3448439,São Paulo,1731439748,22.14,69,1016,Clear,normal
3448439,São Paulo,1731526148,21.7,70,1017,Clear,normal
3448439,São Paulo,1731612548,16.79,40,1017,Clouds,normal
3448439,São Paulo,1731698948,18.34,55,1013,Rain,normal
3448439,São Paulo,1731785348,19.51,96,1010,Thunderstorm,storm_event
3448439,São Paulo,1731871748,20.21,53,1021,Clouds,normal
3448439,São Paulo,1731958148,23.92,61,1015,Rain,normal
3448439,São Paulo,1732044548,24.22,77,1017,Clear,normal
3448439,São Paulo,1732130948,15.21,78,1008,Clouds,pressure_drop
3448439,São Paulo,1732217348,19.54,63,1019,Drizzle,normal
3448439,São Paulo,1732303748,21.64,87,1014,Clear,normal
3448439,São Paulo,1732390148,18.15,78,1011,Rain,normal
3448439,São Paulo,1732476548,23.88,96,1008,Clouds,pressure_drop
3448439,São Paulo,1732562948,21.63,68,1014,Clouds,normal
3448439,São Paulo,1732649348,20.59,57,1010,Clear,normal
3448439,São Paulo,1732735748,15.2,78,1008,Clouds,pressure_drop
3448439,São Paulo,1732822148,23.56,83,1017,Clear,normal
3448439,São Paulo,1732908548,18.79,52,1015,Clouds,normal
3448439,São Paulo,1732994948,24.32,89,1013,Rain,normal
3448439,São Paulo,1733081348,26.12,61,1012,Clear,normal
3448439,São Paulo,1733167748,24.18,54,1015,Clear,normal
3448439,São Paulo,1733254148,26.19,68,1011,Clear,normal
3448439,São Paulo,1733340548,29.41,47,1009,Clouds,normal
3448439,São Paulo,1733426948,25.61,64,1014,Clouds,normal
3448439,São Paulo,1733513348,20.48,69,1020,Clear,normal
3448439,São Paulo,1733599748,24.51,53,1011,Clear,normal
3448439,São Paulo,1733686148,29.39,91,1013,Clouds,normal
3448439,São Paulo,1733772548,30.26,62,1015,Clear,normal
3448439,São Paulo,1733858948,30.59,76,1012,Clouds,normal
3448439,São Paulo,1733945348,24.56,56,1017,Clear,normal
3448439,São Paulo,1734031748,25.1,97,1013,Clouds,extreme_humidity
3448439,São Paulo,1734118148,20.62,97,1015,Clouds,extreme_humidity
3448439,São Paulo,1734204548,21.65,63,1015,Clear,normal
3448439,São Paulo,1734290948,27.78,44,1013,Clear,normal
3448439,São Paulo,1734377348,25.41,79,1011,Rain,normal
3448439,São Paulo,1734463748,20.48,40,1014,Clear,normal
3448439,São Paulo,1734550148,25.26,63,1015,Clouds,normal
3448439,São Paulo,1734636548,18.32,44,1015,Clear,cold_snap
3448439,São Paulo,1734722948,28.89,57,1009,Clouds,normal
3448439,São Paulo,1734809348,23.29,55,1013,Clear,normal
3448439,São Paulo,1734895748,24.7,79,1012,Clouds,normal
3448439,São Paulo,1734982148,26.83,41,1016,Clouds,normal
3448439,São Paulo,1735068548,25.14,87,1012,Clear,normal
3448439,São Paulo,1735154948,24.93,45,1015,Clouds,normal
3448439,São Paulo,1735241348,23.51,69,1016,Clear,normal
3448439,São Paulo,1735327748,28.2,81,1019,Clear,normal
3448439,São Paulo,1735414148,29.21,55,1010,Rain,normal
3448439,São Paulo,1735500548,24.0,61,1021,Clear,normal
3448439,São Paulo,1735586948,24.05,92,1011,Thunderstorm,storm_event
3448439,São Paulo,1735673348,26.74,81,1020,Clear,normal
3448439,São Paulo,1735759748,27.25,50,1014,Clear,normal
3448439,São Paulo,1735846148,25.14,97,1015,Rain,extreme_humidity
3448439,São Paulo,1735932548,28.83,70,1013,Clear,normal
3448439,São Paulo,1736018948,20.88,72,1009,Clear,normal
3448439,São Paulo,1736105348,26.89,73,1010,Clear,normal
3448439,São Paulo,1736191748,29.27,66,1019,Drizzle,normal
3448439,São Paulo,1736278148,29.9,68,1010,Clouds,normal
3448439,São Paulo,1736364548,25.63,47,1013,Clear,normal
3448439,São Paulo,1736450948,28.11,67,1013,Clouds,normal
3448439,São Paulo,1736537348,26.3,75,1010,Clouds,normal
3448439,São Paulo,1736623748,28.58,61,1009,Clear,normal
3448439,São Paulo,1736710148,26.92,45,1015,Clouds,normal
3448439,São Paulo,1736796548,26.69,87,1009,Rain,normal
3448439,São Paulo,1736882948,27.29,62,1012,Clear,normal
3448439,São Paulo,1736969348,29.55,92,1018,Clear,normal
3448439,São Paulo,1737055748,26.64,89,1013,Rain,normal
3448439,São Paulo,1737142148,25.57,56,1012,Clear,normal
3448439,São Paulo,1737228548,26.82,71,1008,Drizzle,pressure_drop
3448439,São Paulo,1737314948,24.76,77,1015,Clear,normal
3448439,São Paulo,1737401348,29.45,59,1009,Clear,normal
3448439,São Paulo,1737487748,23.09,67,1013,Clear,normal
3448439,São Paulo,1737574148,27.33,71,1015,Clear,normal
3448439,São Paulo,1737660548,25.92,98,1009,Drizzle,extreme_humidity
3448439,São Paulo,1737746948,20.88,67,1014,Clear,normal
3448439,São Paulo,1737833348,26.38,88,1008,Drizzle,pressure_drop
3448439,São Paulo,1737919748,26.98,59,1014,Clouds,normal
3448439,São Paulo,1738006148,24.28,78,1016,Clear,normal
3448439,São Paulo,1738092548,28.24,76,1014,Clear,normal
3448439,São Paulo,1738178948,23.51,73,1013,Rain,normal
3448439,São Paulo,1738265348,22.52,63,1014,Clear,normal
3448439,São Paulo,1738351748,22.17,87,1014,Clear,normal
3448439,São Paulo,1738438148,27.54,68,1008,Rain,pressure_drop
3448439,São Paulo,1738524548,30.06,55,1018,Clear,normal
3448439,São Paulo,1738610948,22.23,66,1008,Drizzle,pressure_drop
3448439,São Paulo,1738697348,30.03,61,1014,Clear,normal
3448439,São Paulo,1738783748,20.41,64,1008,Clouds,pressure_drop
3448439,São Paulo,1738870148,26.62,87,1019,Rain,normal
3448439,São Paulo,1738956548,26.67,60,1016,Clear,normal
3448439,São Paulo,1739042948,26.29,66,1009,Rain,normal
3448439,São Paulo,1739129348,25.21,65,1012,Drizzle,normal
3448439,São Paulo,1739215748,24.15,85,1017,Drizzle,normal
3448439,São Paulo,1739302148,29.46,78,1016,Clear,normal
3448439,São Paulo,1739388548,27.44,60,1014,Rain,normal
3448439,São Paulo,1739474948,26.75,98,1018,Drizzle,extreme_humidity
3448439,São Paulo,1739561348,22.75,67,1012,Rain,normal
3448439,São Paulo,1739647748,24.97,67,1011,Clear,normal
3448439,São Paulo,1739734148,25.99,51,1013,Clear,normal
3448439,São Paulo,1739820548,23.89,96,1011,Thunderstorm,storm_event
3448439,São Paulo,1739906948,20.73,55,1013,Rain,normal
3448439,São Paulo,1739993348,25.52,85,1014,Rain,normal
3448439,São Paulo,1740079748,25.99,86,1009,Clear,normal
3448439,São Paulo,1740166148,24.46,62,1017,Clear,normal
3448439,São Paulo,1740252548,24.91,76,1018,Clear,normal
3448439,São Paulo,1740338948,28.68,66,1012,Clear,normal
3448439,São Paulo,1740425348,26.29,72,1019,Rain,normal
3448439,São Paulo,1740511748,22.66,63,1013,Rain,normal
3448439,São Paulo,1740598148,23.57,92,1021,Clear,normal
3448439,São Paulo,1740684548,24.2,94,1008,Thunderstorm,storm_event
3448439,São Paulo,1740770948,23.19,61,1009,Clouds,normal
3448439,São Paulo,1740857348,26.77,72,1015,Clear,normal
3448439,São Paulo,1740943748,27.03,98,1011,Clouds,extreme_humidity
3448439,São Paulo,1741030148,26.37,45,1013,Clouds,normal
3448439,São Paulo,1741116548,27.96,64,1019,Clouds,normal
3448439,São Paulo,1741202948,25.74,78,1020,Clouds,normal
3448439,São Paulo,1741289348,23.26,52,1019,Clear,normal
3448439,São Paulo,1741375748,23.02,59,1015,Clear,normal
3448439,São Paulo,1741462148,24.73,56,1012,Clear,normal
3448439,São Paulo,1741548548,29.96,36,1017,Clear,drought
3448439,São Paulo,1741634948,25.92,55,1009,Clear,normal
3448439,São Paulo,1741721348,21.77,55,1009,Rain,normal
3448439,São Paulo,1741807748,29.69,73,1017,Clear,normal
3448439,São Paulo,1741894148,27.73,78,1012,Clouds,normal
3448439,São Paulo,1741980548,27.84,58,1011,Clouds,normal
3448439,São Paulo,1742066948,26.61,72,1012,Clear,normal
3448439,São Paulo,1742153348,26.58,98,1017,Drizzle,extreme_humidity
3448439,São Paulo,1742239748,23.84,92,1013,Clear,normal
3448439,São Paulo,1742326148,26.57,60,1009,Clear,normal
3448439,São Paulo,1742412548,22.41,82,1019,Clouds,normal
3448439,São Paulo,1742498948,27.16,55,1012,Clear,normal
3448439,São Paulo,1742585348,26.3,92,1010,Drizzle,normal
3448439,São Paulo,1742671748,28.43,59,1014,Clear,normal
3448439,São Paulo,1742758148,24.26,77,1016,Clouds,normal
3448439,São Paulo,1742844548,30.32,92,1010,Rain,normal
3448439,São Paulo,1742930948,26.45,57,1019,Clouds,normal
3448439,São Paulo,1743017348,25.84,85,1009,Clouds,normal
3448439,São Paulo,1743103748,28.43,67,1015,Clear,normal
3448439,São Paulo,1743190148,26.33,92,1017,Clear,normal
3448439,São Paulo,1743276548,25.27,60,1009,Clouds,normal
3448439,São Paulo,1743362948,28.55,42,1012,Clear,normal
3448439,São Paulo,1743449348,23.93,77,1009,Rain,normal
3448439,São Paulo,1743535748,12.52,35,1016,Clear,cold_snap
3448439,São Paulo,1743622148,12.52,60,1016,Clouds,cold_snap
3448439,São Paulo,1743708548,18.79,84,1017,Rain,normal
3448439,São Paulo,1743794948,22.11,48,1019,Clear,normal
3448439,São Paulo,1743881348,12.52,64,1015,Clear,cold_snap
3448439,São Paulo,1743967748,22.08,87,1008,Clouds,pressure_drop
3448439,São Paulo,1744054148,20.53,79,1009,Clear,normal
3448439,São Paulo,1744140548,23.7,78,1016,Rain,normal
3448439,São Paulo,1744226948,23.01,92,1014,Clouds,normal
3448439,São Paulo,1744313348,22.28,80,1012,Rain,normal
3448439,São Paulo,1744399748,21.96,73,1017,Rain,normal
3448439,São Paulo,1744486148,22.7,56,1013,Rain,normal
3448439,São Paulo,1744572548,19.73,62,1014,Clouds,normal
3448439,São Paulo,1744658948,19.73,82,1009,Clear,normal
3448439,São Paulo,1744745348,19.72,74,1011,Clear,normal
3448439,São Paulo,1744831748,24.87,88,1009,Rain,normal
3448439,São Paulo,1744918148,15.84,69,1016,Clouds,normal
3448439,São Paulo,1745004548,21.48,73,1020,Clouds,normal
3448439,São Paulo,1745090948,13.12,98,1013,Rain,extreme_humidity
3448439,São Paulo,1745177348,15.38,70,1019,Clear,normal
3448439,São Paulo,1745263748,21.99,56,1013,Clouds,normal
3448439,São Paulo,1745350148,19.21,88,1009,Rain,normal
3448439,São Paulo,1745436548,20.35,77,1010,Clear,normal
3448439,São Paulo,1745522948,19.9,66,1013,Clear,normal
3448439,São Paulo,1745609348,23.12,72,1017,Clouds,normal
3448439,São Paulo,1745695748,22.55,74,1019,Rain,normal
3448439,São Paulo,1745782148,25.25,57,1022,Clouds,normal
3448439,São Paulo,1745868548,24.0,69,1014,Clouds,normal
3448439,São Paulo,1745954948,22.16,88,1016,Clouds,normal
3448439,São Paulo,1746041348,23.53,82,1017,Clear,normal
3448439,São Paulo,1746127748,20.63,53,1011,Clouds,normal
3448439,São Paulo,1746214148,21.12,74,1008,Rain,pressure_drop
3448439,São Paulo,1746300548,15.84,49,1019,Clear,normal
3448439,São Paulo,1746386948,22.51,47,1020,Clouds,normal
3448439,São Paulo,1746473348,22.3,92,1019,Rain,normal
3448439,São Paulo,1746559748,20.46,86,1013,Drizzle,normal
3448439,São Paulo,1746646148,21.09,92,1015,Clear,normal
3448439,São Paulo,1746732548,22.5,79,1012,Clear,normal
3448439,São Paulo,1746818948,22.8,79,1015,Clouds,normal
3448439,São Paulo,1746905348,17.38,46,1009,Clear,normal
3448439,São Paulo,1746991748,24.79,77,1009,Rain,normal
3448439,São Paulo,1747078148,27.02,46,1013,Clear,normal
3448439,São Paulo,1747164548,22.78,79,1013,Drizzle,normal
3448439,São Paulo,1747250948,19.02,77,1010,Clear,normal
3448439,São Paulo,1747337348,21.97,57,1015,Clouds,normal
3448439,São Paulo,1747423748,18.24,71,1009,Drizzle,normal
3448439,São Paulo,1747510148,18.3,93,1009,Rain,storm_event
3448439,São Paulo,1747596548,25.39,70,1014,Clear,normal
3448439,São Paulo,1747682948,20.34,98,1019,Clouds,extreme_humidity
3448439,São Paulo,1747769348,21.64,73,1018,Clear,normal
3448439,São Paulo,1747855748,16.42,68,1012,Clouds,normal
3448439,São Paulo,1747942148,20.49,40,1010,Clouds,normal
3448439,São Paulo,1748028548,20.73,67,1008,Drizzle,pressure_drop
3448439,São Paulo,1748114948,24.65,82,1014,Clouds,normal
3448439,São Paulo,1748201348,23.27,73,1016,Clouds,normal
3448439,São Paulo,1748287748,28.89,55,1008,Clouds,pressure_drop
3448439,São Paulo,1748374148,23.67,55,1011,Rain,normal
3448439,São Paulo,1748460548,23.94,69,1014,Clouds,normal
3448439,São Paulo,1748546948,20.73,41,1012,Clear,normal
3448439,São Paulo,1748633348,22.61,44,1012,Clouds,normal
3448439,São Paulo,1748719748,20.34,47,1012,Clear,normal
3448439,São Paulo,1748806148,19.48,86,1014,Rain,normal
3448439,São Paulo,1748892548,15.24,45,1012,Clear,normal
3448439,São Paulo,1748978948,14.32,64,1018,Clouds,normal
3448439,São Paulo,1749065348,17.49,59,1016,Clouds,normal
3448439,São Paulo,1749151748,13.54,43,1015,Clouds,normal
3448439,São Paulo,1749238148,12.42,67,1019,Clouds,normal
3448439,São Paulo,1749324548,18.89,57,1014,Drizzle,normal
3448439,São Paulo,1749410948,19.94,47,1013,Clouds,normal
3448439,São Paulo,1749497348,13.66,68,1010,Rain,normal
3448439,São Paulo,1749583748,18.06,92,1009,Drizzle,normal
3448439,São Paulo,1749670148,20.79,40,1014,Clouds,normal
3448439,São Paulo,1749756548,18.78,70,1012,Rain,normal
3448439,São Paulo,1749842948,16.75,68,1013,Rain,normal
3448439,São Paulo,1749929348,22.42,40,1016,Clear,normal
3448439,São Paulo,1750015748,18.96,63,1018,Clear,normal
3448439,São Paulo,1750102148,17.93,79,1009,Clear,normal
3448439,São Paulo,1750188548,18.42,78,1011,Clouds,normal
3448439,São Paulo,1750274948,17.81,71,1016,Rain,normal
3448439,São Paulo,1750361348,20.02,74,1014,Drizzle,normal
3448439,São Paulo,1750447748,12.44,93,1009,Rain,storm_event
3448439,São Paulo,1750534148,17.56,60,1019,Clouds,normal
3448439,São Paulo,1750620548,15.73,56,1008,Clouds,pressure_drop
3448439,São Paulo,1750706948,18.85,56,1014,Clear,normal
3448439,São Paulo,1750793348,18.46,55,1018,Rain,normal
3448439,São Paulo,1750879748,18.7,94,1013,Thunderstorm,storm_event
3448439,São Paulo,1750966148,15.56,65,1015,Clear,normal
3448439,São Paulo,1751052548,15.56,75,1009,Rain,normal
3448439,São Paulo,1751138948,16.81,40,1018,Clouds,normal
3448439,São Paulo,1751225348,15.49,58,1010,Clouds,normal
3448439,São Paulo,1751311748,15.99,81,1013,Clouds,normal
3448439,São Paulo,1751398148,17.2,63,1008,Rain,pressure_drop
3448439,São Paulo,1751484548,18.63,66,1009,Drizzle,normal
3448439,São Paulo,1751570948,16.87,46,1016,Clouds,normal
3448439,São Paulo,1751657348,21.16,55,1014,Rain,normal
3448439,São Paulo,1751743748,16.78,40,1015,Clouds,normal
3448439,São Paulo,1751830148,15.27,83,1015,Rain,normal
3448439,São Paulo,1751916548,11.68,90,1014,Rain,normal
3448439,São Paulo,1752002948,14.94,58,1017,Clear,normal
3448439,São Paulo,1752089348,19.07,44,1012,Clouds,normal
3448439,São Paulo,1752175748,19.27,68,1011,Clouds,normal
3448439,São Paulo,1752262148,16.61,67,1014,Clouds,normal
3448439,São Paulo,1752348548,15.88,43,1013,Clear,normal
3448439,São Paulo,1752434948,12.96,64,1011,Clear,normal
3448439,São Paulo,1752521348,15.44,91,1016,Clear,normal
3448439,São Paulo,1752607748,18.12,54,1012,Clouds,normal
3448439,São Paulo,1752694148,15.18,87,1011,Rain,normal
3448439,São Paulo,1752780548,19.89,62,1008,Rain,pressure_drop
3448439,São Paulo,1752866948,22.74,96,1008,Rain,pressure_drop
3448439,São Paulo,1752953348,16.6,48,1012,Clouds,normal
3448439,São Paulo,1753039748,13.75,50,1014,Clear,normal
3448439,São Paulo,1753126148,18.55,52,1022,Clear,normal
3448439,São Paulo,1753212548,14.56,98,1014,Rain,extreme_humidity
3448439,São Paulo,1753298948,20.73,85,1015,Clouds,normal
3448439,São Paulo,1753385348,16.95,48,1020,Clear,normal
3448439,São Paulo,1753471748,10.1,73,1008,Clear,pressure_drop
3448439,São Paulo,1753558148,18.16,86,1018,Clear,normal
3448439,São Paulo,1753644548,17.18,83,1009,Clear,normal
3448439,São Paulo,1753730948,17.11,62,1009,Clear,normal
3448439,São Paulo,1753817348,15.59,64,1012,Clear,normal
3448439,São Paulo,1753903748,16.32,74,1013,Clear,normal
3448439,São Paulo,1753990148,16.65,40,1016,Clouds,normal
3448439,São Paulo,1754076548,17.63,82,1009,Clear,normal
3448439,São Paulo,1754162948,17.51,77,1008,Clouds,pressure_drop
3448439,São Paulo,1754249348,16.38,78,1018,Clouds,normal
3448439,São Paulo,1754335748,11.31,70,1008,Clear,pressure_drop
3448439,São Paulo,1754422148,20.57,78,1011,Clear,normal
3448439,São Paulo,1754508548,19.68,92,1009,Rain,normal
3448439,São Paulo,1754594948,17.68,53,1016,Clouds,normal
3448439,São Paulo,1754681348,17.75,72,1014,Clouds,normal
3448439,São Paulo,1754767748,14.85,98,1012,Clouds,extreme_humidity
3448439,São Paulo,1754854148,19.72,48,1010,Clear,normal
3448439,São Paulo,1754940548,17.62,53,1013,Clear,normal
3448439,São Paulo,1755026948,15.94,72,1013,Clear,normal
3448439,São Paulo,1755113348,18.72,65,1014,Drizzle,normal
3448439,São Paulo,1755199748,14.06,78,1011,Clear,normal
3448439,São Paulo,1755286148,20.08,73,1015,Clear,normal
3448439,São Paulo,1755372548,19.22,64,1015,Clear,normal
3448439,São Paulo,1755458948,16.14,73,1009,Rain,normal
3448439,São Paulo,1755545348,19.35,92,1020,Clear,normal
3448439,São Paulo,1755631748,21.96,84,1008,Drizzle,pressure_drop
3448439,São Paulo,1755718148,11.31,75,1008,Rain,pressure_drop
3448439,São Paulo,1755804548,9.04,66,1015,Clouds,cold_snap
3448439,São Paulo,1755890948,20.08,58,1011,Clear,normal
3448439,São Paulo,1755977348,16.87,61,1009,Clear,normal
3448439,São Paulo,1756063748,16.41,54,1013,Clear,normal
3448439,São Paulo,1756150148,19.03,77,1017,Rain,normal
3448439,São Paulo,1756236548,17.9,68,1014,Rain,normal
3448439,São Paulo,1756322948,18.91,40,1019,Clouds,normal
3448439,São Paulo,1756409348,16.0,83,1013,Clouds,normal
3448439,São Paulo,1756495748,18.45,98,1009,Rain,extreme_humidity
3448439,São Paulo,1756582148,17.4,52,1012,Clouds,normal
3448439,São Paulo,1756668548,19.69,79,1009,Clear,normal
3448439,São Paulo,1756754948,17.93,92,1009,Drizzle,normal
3448439,São Paulo,1756841348,17.07,69,1012,Rain,normal
3448439,São Paulo,1756927748,16.89,41,1013,Clear,normal
3448439,São Paulo,1757014148,18.25,58,1012,Clear,normal
3448439,São Paulo,1757100548,20.56,80,1009,Drizzle,normal
3448439,São Paulo,1757186948,9.95,75,1015,Clouds,cold_snap
3448439,São Paulo,1757273348,18.72,72,1012,Clear,normal
3448439,São Paulo,1757359748,19.72,60,1016,Clear,normal
3448439,São Paulo,1757446148,20.14,64,1017,Clouds,normal
3448439,São Paulo,1757532548,19.52,71,1020,Clear,normal
3448439,São Paulo,1757618948,22.6,45,1015,Clear,normal
3448439,São Paulo,1757705348,21.79,72,1013,Clear,normal
3448439,São Paulo,1757791748,19.68,59,1013,Clouds,normal
3448439,São Paulo,1757878148,18.2,59,1010,Clouds,normal
3448439,São Paulo,1757964548,21.96,73,1017,Clouds,normal
3448439,São Paulo,1758050948,21.52,84,1011,Rain,normal
3448439,São Paulo,1758137348,19.1,61,1016,Clear,normal
3448439,São Paulo,1758223748,16.38,85,1014,Clear,normal
3448439,São Paulo,1758310148,23.79,92,1009,Rain,normal
3448439,São Paulo,1758396548,20.37,91,1015,Clouds,normal
3448439,São Paulo,1758482948,18.51,78,1016,Clouds,normal
3448439,São Paulo,1758569348,18.14,81,1014,Drizzle,normal
3448439,São Paulo,1758655748,22.01,40,1015,Clouds,normal
3448439,São Paulo,1758742148,24.14,63,1016,Clear,normal
3448439,São Paulo,1758828548,20.72,80,1013,Clear,normal
3448439,São Paulo,1758914948,17.56,74,1017,Clear,normal
3448439,São Paulo,1759001348,10.18,56,1015,Rain,cold_snap
3448439,São Paulo,1759087748,22.28,77,1015,Clear,normal
3448439,São Paulo,1759174148,22.59,54,1018,Clear,normal
3448439,São Paulo,1759260548,20.18,98,1015,Drizzle,extreme_humidity
3448439,São Paulo,1759346948,16.27,67,1009,Rain,normal
3448439,São Paulo,1759433348,22.24,63,1015,Clouds,normal
3448439,São Paulo,1759519748,21.11,75,1014,Clear,normal
3448439,São Paulo,1759606148,17.37,40,1014,Clear,normal
3448439,São Paulo,1759692548,19.64,49,1015,Clear,normal
3448439,São Paulo,1759778948,13.0,51,1019,Clear,cold_snap
3448439,São Paulo,1759865348,18.06,76,1019,Rain,normal
3448439,São Paulo,1759951748,19.93,69,1015,Drizzle,normal
3448439,São Paulo,1760038148,21.56,92,1013,Rain,normal
3448439,São Paulo,1760124548,19.01,55,1021,Drizzle,normal
3448439,São Paulo,1760210948,23.83,62,1008,Drizzle,pressure_drop
3448439,São Paulo,1760297348,19.81,87,1011,Clear,normal
3448439,São Paulo,1760383748,21.78,73,1017,Clouds,normal
3448439,São Paulo,1760470148,21.74,79,1014,Rain,normal
3448439,São Paulo,1760556548,21.79,78,1017,Clouds,normal
3448439,São Paulo,1760642948,19.0,68,1015,Clear,normal
3448439,São Paulo,1760729348,26.31,67,1014,Rain,normal
3448439,São Paulo,1760815748,26.31,69,1016,Rain,normal
3448439,São Paulo,1760902148,21.88,79,1016,Clouds,normal
3448439,São Paulo,1760988548,20.94,63,1022,Clouds,normal
3448439,São Paulo,1761074948,24.17,38,1012,Clouds,drought
3448439,São Paulo,1761161348,20.21,69,1015,Clouds,normal
3448439,São Paulo,1761247748,18.89,52,1016,Clear,normal
3448439,São Paulo,1761334148,22.11,56,1018,Clouds,normal
3448439,São Paulo,1761420548,19.78,54,1020,Clouds,normal
3448439,São Paulo,1761506948,22.85,91,1020,Rain,normal
3448439,São Paulo,1761593348,19.52,55,1011,Clouds,normal
3448439,São Paulo,1761679748,13.61,67,1018,Clouds,cold_snap
3448439,São Paulo,1761766148,22.59,76,1014,Clear,normal
3448439,São Paulo,1761852548,14.86,76,1008,Clear,pressure_drop
3448439,São Paulo,1761938948,16.46,68,1015,Clear,normal
3448439,São Paulo,1762025348,22.76,96,1008,Clouds,pressure_drop
3448439,São Paulo,1762111748,18.57,54,1014,Clouds,normal
3448439,São Paulo,1762198148,16.17,65,1014,Clouds,normal
3448439,São Paulo,1762284548,19.23,61,1008,Drizzle,pressure_drop
3448439,São Paulo,1762370948,21.22,76,1018,Clouds,normal
3448439,São Paulo,1762457348,19.8,74,1016,Clouds,normal
3448439,São Paulo,1762543748,23.03,82,1018,Clear,normal
3448439,São Paulo,1762630148,18.74,68,1014,Clouds,normal
3448439,São Paulo,1762716548,19.3,47,1015,Clouds,normal
3448439,São Paulo,1762802948,21.2,57,1011,Clear,normal
3448439,São Paulo,1762889348,21.37,76,1021,Clouds,normal
3448439,São Paulo,1762975748,13.67,49,1015,Clouds,cold_snap
3448439,São Paulo,1763062148,18.59,67,1014,Drizzle,normal
3448439,São Paulo,1763148548,20.19,85,1012,Clouds,normal
3448439,São Paulo,1763234948,23.42,81,1010,Drizzle,normal
3448439,São Paulo,1763321348,20.84,89,1011,Drizzle,normal
3448439,São Paulo,1763407748,16.13,83,1011,Clouds,normal
3448439,São Paulo,1763494148,20.46,98,1016,Drizzle,extreme_humidity
3448439,São Paulo,1763580548,16.13,57,1015,Clear,normal
3448439,São Paulo,1763666948,22.22,92,1015,Drizzle,normal
3448439,São Paulo,1763753348,19.8,74,1011,Clouds,normal
3448439,São Paulo,1763839748,23.33,70,1009,Clear,normal
3448439,São Paulo,1763926148,25.84,60,1009,Clouds,normal
3448439,São Paulo,1764012548,21.02,84,1015,Clouds,normal
3448439,São Paulo,1764098948,21.92,78,1021,Clouds,normal
3448439,São Paulo,1764185348,16.89,88,1017,Drizzle,normal
3448439,São Paulo,1764271748,24.0,86,1022,Rain,normal
3448439,São Paulo,1764358148,20.19,61,1012,Clear,normal
3448439,São Paulo,1764444548,19.86,73,1013,Clouds,normal
3448439,São Paulo,1764530948,21.02,92,1015,Rain,normal
3448439,São Paulo,1764617348,29.23,64,1016,Clouds,normal
3448439,São Paulo,1764703748,24.76,70,1022,Clear,normal
3448439,São Paulo,1764790148,26.67,82,1018,Clear,normal
3448439,São Paulo,1764876548,20.48,71,1009,Clouds,normal
3448439,São Paulo,1764962948,25.99,78,1011,Clear,normal
3448439,São Paulo,1765049348,26.24,63,1013,Clouds,normal
3448439,São Paulo,1765135748,30.59,76,1018,Clear,normal
3448439,São Paulo,1765222148,18.32,56,1015,Clear,cold_snap
3448439,São Paulo,1765308548,27.72,49,1014,Clear,normal
3448439,São Paulo,1765394948,29.59,75,1017,Clouds,normal
3448439,São Paulo,1765481348,25.44,67,1010,Clear,normal
3448439,São Paulo,1765567748,25.94,78,1016,Rain,normal
3448439,São Paulo,1765654148,22.84,59,1016,Clear,normal
3448439,São Paulo,1765740548,29.31,90,1008,Rain,pressure_drop
3448439,São Paulo,1765826948,23.15,75,1011,Clear,normal
3448439,São Paulo,1765913348,25.23,87,1013,Clouds,normal
3448439,São Paulo,1765999748,26.9,53,1014,Clouds,normal
3448439,São Paulo,1766086148,24.8,75,1009,Clear,normal
3448439,São Paulo,1766172548,27.38,55,1009,Clouds,normal
3448439,São Paulo,1766258948,28.56,63,1009,Clear,normal
3448439,São Paulo,1766345348,26.58,50,1008,Rain,pressure_drop
3448439,São Paulo,1766431748,22.41,57,1014,Clouds,normal
3448439,São Paulo,1766518148,27.12,57,1018,Clouds,normal
3448439,São Paulo,1766604548,23.65,51,1009,Clear,normal
3448439,São Paulo,1766690948,24.58,40,1013,Clear,normal
3448439,São Paulo,1766777348,29.13,37,1010,Clouds,drought
3448439,São Paulo,1766863748,25.49,94,1010,Thunderstorm,storm_event
3448439,São Paulo,1766950148,20.48,40,1013,Clear,normal
3448439,São Paulo,1767036548,24.36,65,1018,Clear,normal
3448439,São Paulo,1767122948,23.98,63,1020,Clear,normal
3448439,São Paulo,1767209348,22.1,84,1008,Rain,pressure_drop
3448439,São Paulo,1767295748,25.1,53,1010,Clear,normal
3448439,São Paulo,1767382148,28.3,64,1014,Clear,normal
3448439,São Paulo,1767468548,23.21,77,1017,Clear,normal
3448439,São Paulo,1767554948,26.08,95,1012,Thunderstorm,storm_event
3448439,São Paulo,1767641348,24.34,66,1014,Rain,normal
3448439,São Paulo,1767727748,28.94,73,1008,Rain,pressure_drop
3448439,São Paulo,1767814148,20.97,55,1009,Drizzle,normal
3448439,São Paulo,1767900548,22.65,56,1011,Clear,normal
3448439,São Paulo,1767986948,29.14,85,1014,Rain,normal
3448439,São Paulo,1768073348,26.57,75,1011,Clouds,normal
3448439,São Paulo,1768159748,20.88,69,1016,Clear,normal
3448439,São Paulo,1768246148,30.42,54,1015,Clear,normal
3448439,São Paulo,1768332548,25.47,65,1014,Clear,normal
3448439,São Paulo,1768418948,29.29,66,1017,Clear,normal
3448439,São Paulo,1768505348,27.7,56,1018,Clear,normal
3448439,São Paulo,1768591748,19.27,70,1008,Clouds,pressure_drop
3448439,São Paulo,1768678148,28.91,74,1015,Clear,normal
3448439,São Paulo,1768764548,27.67,94,1013,Thunderstorm,storm_event
3448439,São Paulo,1768850948,26.65,79,1013,Clear,normal
3448439,São Paulo,1768937348,30.14,69,1017,Clear,normal
3448439,São Paulo,1769023748,24.21,66,1019,Clear,normal
3448439,São Paulo,1769110148,21.3,63,1020,Clear,normal
3448439,São Paulo,1769196548,27.13,63,1009,Clear,normal
3448439,São Paulo,1769282948,27.49,65,1013,Clear,normal
3448439,São Paulo,1769369348,26.95,97,1014,Drizzle,extreme_humidity
3448439,São Paulo,1769455748,26.1,70,1016,Rain,normal
3448439,São Paulo,1769542148,27.31,75,1015,Clear,normal
3448439,São Paulo,1769628548,24.9,77,1014,Clear,normal
3448439,São Paulo,1769714948,24.92,92,1009,Clouds,normal
3448439,São Paulo,1769801348,21.39,65,1012,Clear,normal
3448439,São Paulo,1769887748,26.73,61,1009,Clear,normal
3448439,São Paulo,1769974148,30.0,88,1013,Rain,normal
3448439,São Paulo,1770060548,30.7,78,1011,Clear,normal
3448439,São Paulo,1770146948,27.21,40,1016,Clear,normal
3448439,São Paulo,1770233348,27.78,83,1015,Clouds,normal
3448439,São Paulo,1770319748,27.05,50,1011,Clear,normal
3448439,São Paulo,1770406148,29.83,62,1015,Rain,normal
3448439,São Paulo,1770492548,27.27,86,1012,Drizzle,normal
3448439,São Paulo,1770578948,27.73,50,1022,Clear,normal
3448439,São Paulo,1770665348,27.98,55,1011,Rain,normal
3448439,São Paulo,1770751748,20.73,84,1010,Rain,normal
3448439,São Paulo,1770838148,26.56,86,1010,Rain,normal
3448439,São Paulo,1770924548,28.3,43,1009,Clouds,normal
3448439,São Paulo,1771010948,24.29,56,1009,Clouds,normal
3448439,São Paulo,1771097348,25.96,88,1011,Rain,normal
3448439,São Paulo,1771183748,24.07,83,1015,Clouds,normal
3448439,São Paulo,1771270148,25.55,81,1020,Clouds,normal
3448439,São Paulo,1771356548,25.86,63,1011,Clear,normal
3448439,São Paulo,1771442948,26.0,78,1019,Clear,normal
3448439,São Paulo,1771529348,25.38,71,1012,Clouds,normal
3448439,São Paulo,1771615748,25.74,48,1011,Clear,normal
3448439,São Paulo,1771702148,29.75,39,1013,Clear,drought
3448439,São Paulo,1771788548,31.24,55,1009,Rain,normal
3448439,São Paulo,1771874948,25.93,54,1015,Clouds,normal
3448439,São Paulo,1771961348,25.48,68,1011,Clear,normal
3448439,São Paulo,1772047748,25.01,42,1013,Clear,normal
3448439,São Paulo,1772134148,24.86,58,1014,Clear,normal
3448439,São Paulo,1772220548,27.92,82,1013,Clear,normal
3448439,São Paulo,1772306948,25.31,67,1020,Clouds,normal
3448439,São Paulo,1772393348,21.87,81,1015,Drizzle,normal
3448439,São Paulo,1772479748,20.97,93,1009,Rain,storm_event
3448439,São Paulo,1772566148,25.78,92,1009,Rain,normal
3448439,São Paulo,1772652548,26.23,61,1018,Clouds,normal
3448439,São Paulo,1772738948,27.66,74,1013,Rain,normal
3448439,São Paulo,1772825348,23.55,80,1018,Clear,normal
3448439,São Paulo,1772911748,31.58,38,1010,Clear,drought
3448439,São Paulo,1772998148,26.1,72,1014,Drizzle,normal
3448439,São Paulo,1773084548,26.03,68,1015,Clear,normal
3448439,São Paulo,1773170948,29.05,49,1015,Clear,normal
3448439,São Paulo,1773257348,21.96,69,1012,Clouds,normal
3448439,São Paulo,1773343748,24.08,64,1020,Clear,normal
3448439,São Paulo,1773430148,23.41,46,1019,Clouds,normal
3448439,São Paulo,1773516548,30.3,38,1012,Clouds,drought
3448439,São Paulo,1773602948,30.1,97,1017,Clouds,extreme_humidity
3448439,São Paulo,1773689348,28.05,53,1009,Clear,normal
3448439,São Paulo,1773775748,29.36,83,1013,Clear,normal
3448439,São Paulo,1773862148,28.31,73,1013,Clouds,normal
3448439,São Paulo,1773948548,26.68,92,1010,Rain,normal
3448439,São Paulo,1774034948,28.31,80,1012,Clouds,normal
3448439,São Paulo,1774121348,28.66,70,1012,Drizzle,normal
3448439,São Paulo,1774207748,26.18,93,1013,Thunderstorm,storm_event
3448439,São Paulo,1774294148,25.77,64,1013,Clear,normal
3448439,São Paulo,1774380548,27.81,59,1016,Clear,normal
3448439,São Paulo,1774466948,30.24,56,1016,Clear,normal
3448439,São Paulo,1774553348,27.38,68,1014,Clear,normal
3448439,São Paulo,1774639748,24.92,66,1018,Drizzle,normal
3448439,São Paulo,1774726148,30.6,38,1016,Clear,drought
3448439,São Paulo,1774812548,25.74,75,1012,Clear,normal
3448439,São Paulo,1774898948,29.18,87,1008,Rain,pressure_drop
3448439,São Paulo,1774985348,23.76,98,1013,Rain,extreme_humidity
3448439,São Paulo,1775071748,14.99,73,1010,Clear,normal
3448439,São Paulo,1775158148,19.26,69,1008,Rain,pressure_drop
3448439,São Paulo,1775244548,20.95,61,1010,Clouds,normal
3448439,São Paulo,1775330948,23.31,81,1010,Clear,normal
3448439,São Paulo,1775417348,23.06,55,1015,Clear,normal
3448439,São Paulo,1775503748,26.76,92,1009,Rain,normal
3448439,São Paulo,1775590148,24.03,82,1012,Clouds,normal
3448439,São Paulo,1775676548,20.58,86,1015,Rain,normal
3448439,São Paulo,1775762948,20.39,92,1015,Rain,normal
3448439,São Paulo,1775849348,17.61,61,1013,Clouds,normal
3448439,São Paulo,1775935748,19.56,97,1018,Drizzle,extreme_humidity
3448439,São Paulo,1776022148,21.69,57,1020,Clear,normal
3448439,São Paulo,1776108548,21.32,64,1012,Clouds,normal
3448439,São Paulo,1776194948,22.93,58,1022,Clouds,normal
3448439,São Paulo,1776281348,16.94,85,1017,Rain,normal
3448439,São Paulo,1776367748,15.09,59,1011,Clear,normal
3448439,São Paulo,1776454148,21.29,55,1009,Rain,normal
3448439,São Paulo,1776540548,22.18,79,1018,Drizzle,normal
3448439,São Paulo,1776626948,20.92,73,1017,Clear,normal
3448439,São Paulo,1776713348,19.67,64,1012,Clear,normal
3448439,São Paulo,1776799748,19.7,98,1012,Drizzle,extreme_humidity
3448439,São Paulo,1776886148,17.09,83,1015,Clouds,normal
3448439,São Paulo,1776972548,23.48,61,1010,Clear,normal
3448439,São Paulo,1777058948,19.22,77,1013,Rain,normal
3448439,São Paulo,1777145348,17.13,76,1013,Clouds,normal
3448439,São Paulo,1777231748,20.92,40,1016,Clear,normal
3448439,São Paulo,1777318148,25.91,92,1012,Clear,normal
3448439,São Paulo,1777404548,18.64,86,1009,Drizzle,normal
3448439,São Paulo,1777490948,23.77,80,1016,Clouds,normal
3448439,São Paulo,1777577348,17.97,70,1008,Clear,pressure_drop
3448439,São Paulo,1777663748,24.95,80,1012,Clear,normal
3448439,São Paulo,1777750148,16.17,85,1013,Clouds,normal
3448439,São Paulo,1777836548,26.33,83,1015,Clear,normal
3448439,São Paulo,1777922948,21.04,96,1009,Rain,storm_event
3448439,São Paulo,1778009348,25.79,80,1008,Clouds,pressure_drop
3448439,São Paulo,1778095748,20.34,81,1008,Drizzle,pressure_drop
3448439,São Paulo,1778182148,15.84,52,1017,Clear,normal
3448439,São Paulo,1778268548,21.98,92,1010,Clear,normal
3448439,São Paulo,1778354948,18.69,75,1008,Clouds,pressure_drop
3448439,São Paulo,1778441348,16.66,85,1012,Clouds,normal
3448439,São Paulo,1778527748,21.34,79,1015,Clear,normal
3448439,São Paulo,1778614148,19.69,67,1016,Clouds,normal
3448439,São Paulo,1778700548,17.43,67,1014,Rain,normal
3467865,Campinas,1715714948,21.07,91,1015,Clouds,normal
3467865,Campinas,1715801348,18.11,61,1016,Clear,normal
3467865,Campinas,1715887748,21.81,88,1017,Clear,normal
3467865,Campinas,1715974148,21.14,92,1014,Clear,normal
3467865,Campinas,1716060548,19.08,95,1013,Thunderstorm,storm_event
3467865,Campinas,1716146948,21.52,98,1019,Drizzle,extreme_humidity
3467865,Campinas,1716233348,20.65,61,1010,Clouds,normal
3467865,Campinas,1716319748,20.63,79,1022,Clouds,normal
3467865,Campinas,1716406148,20.27,69,1019,Clear,normal
3467865,Campinas,1716492548,15.49,93,1013,Thunderstorm,storm_event
3467865,Campinas,1716578948,18.34,90,1017,Clear,normal
3467865,Campinas,1716665348,20.87,68,1018,Clear,normal
3467865,Campinas,1716751748,19.27,72,1015,Clouds,normal
3467865,Campinas,1716838148,18.33,87,1018,Rain,normal
3467865,Campinas,1716924548,21.05,55,1015,Clear,normal
3467865,Campinas,1717010948,21.0,54,1014,Clear,normal
3467865,Campinas,1717097348,20.39,75,1017,Clear,normal
3467865,Campinas,1717183748,24.7,83,1013,Clouds,normal
3467865,Campinas,1717270148,17.4,62,1011,Clouds,normal
3467865,Campinas,1717356548,16.07,67,1012,Rain,normal
3467865,Campinas,1717442948,23.9,71,1014,Clear,normal
3467865,Campinas,1717529348,18.51,75,1022,Clear,normal
3467865,Campinas,1717615748,20.52,83,1010,Drizzle,normal
3467865,Campinas,1717702148,12.49,88,1008,Thunderstorm,storm_event
3467865,Campinas,1717788548,21.14,62,1011,Clear,normal
3467865,Campinas,1717874948,15.91,75,1017,Rain,normal
3467865,Campinas,1717961348,18.17,92,1019,Drizzle,normal
3467865,Campinas,1718047748,15.04,92,1009,Rain,normal
3467865,Campinas,1718134148,23.9,77,1012,Clear,normal
3467865,Campinas,1718220548,22.04,84,1008,Clouds,pressure_drop
3467865,Campinas,1718306948,17.8,79,1015,Clouds,normal
3467865,Campinas,1718393348,18.63,62,1008,Clouds,pressure_drop
3467865,Campinas,1718479748,23.04,79,1016,Clear,normal
3467865,Campinas,1718566148,15.43,73,1010,Drizzle,normal
3467865,Campinas,1718652548,18.27,78,1017,Clear,normal
3467865,Campinas,1718738948,19.51,80,1014,Rain,normal
3467865,Campinas,1718825348,19.88,59,1015,Clear,normal
3467865,Campinas,1718911748,15.9,66,1016,Drizzle,normal
3467865,Campinas,1718998148,23.9,66,1022,Clear,normal
3467865,Campinas,1719084548,18.5,68,1013,Rain,normal
3467865,Campinas,1719170948,23.57,72,1016,Clouds,normal
3467865,Campinas,1719257348,19.05,66,1013,Clouds,normal
3467865,Campinas,1719343748,23.9,65,1010,Clear,normal
3467865,Campinas,1719430148,17.48,76,1017,Clear,normal
3467865,Campinas,1719516548,15.51,85,1011,Rain,normal
3467865,Campinas,1719602948,13.7,92,1014,Rain,normal
3467865,Campinas,1719689348,20.24,44,1018,Clear,normal
3467865,Campinas,1719775748,19.74,74,1012,Clear,normal
3467865,Campinas,1719862148,15.4,77,1017,Clear,normal
3467865,Campinas,1719948548,14.63,58,1013,Clear,normal
3467865,Campinas,1720034948,13.35,65,1015,Rain,normal
3467865,Campinas,1720121348,18.54,94,1009,Rain,storm_event
3467865,Campinas,1720207748,16.25,60,1018,Clouds,normal
3467865,Campinas,1720294148,20.64,75,1013,Clear,normal
3467865,Campinas,1720380548,18.38,84,1012,Clouds,normal
3467865,Campinas,1720466948,17.28,79,1011,Clear,normal
3467865,Campinas,1720553348,18.8,49,1019,Clouds,normal
3467865,Campinas,1720639748,20.35,90,1015,Clouds,normal
3467865,Campinas,1720726148,12.14,73,1012,Clear,normal
3467865,Campinas,1720812548,17.28,78,1009,Clear,normal
3467865,Campinas,1720898948,21.81,63,1015,Rain,normal
3467865,Campinas,1720985348,20.62,80,1017,Clouds,normal
3467865,Campinas,1721071748,20.67,56,1015,Clear,normal
3467865,Campinas,1721158148,18.86,74,1011,Clouds,normal
3467865,Campinas,1721244548,8.61,66,1020,Clouds,cold_snap
3467865,Campinas,1721330948,13.4,83,1013,Clear,normal
3467865,Campinas,1721417348,15.59,92,1011,Clouds,normal
3467865,Campinas,1721503748,17.77,52,1015,Clear,normal
3467865,Campinas,1721590148,18.88,66,1008,Clouds,pressure_drop
3467865,Campinas,1721676548,16.33,73,1008,Drizzle,pressure_drop
3467865,Campinas,1721762948,20.58,64,1014,Clear,normal
3467865,Campinas,1721849348,12.05,52,1018,Clouds,normal
3467865,Campinas,1721935748,15.59,97,1019,Rain,extreme_humidity
3467865,Campinas,1722022148,15.85,88,1012,Clouds,normal
3467865,Campinas,1722108548,13.54,85,1013,Clouds,normal
3467865,Campinas,1722194948,15.99,97,1014,Rain,extreme_humidity
3467865,Campinas,1722281348,15.35,82,1008,Clear,pressure_drop
3467865,Campinas,1722367748,18.73,68,1013,Clear,normal
3467865,Campinas,1722454148,19.04,92,1018,Clear,normal
3467865,Campinas,1722540548,17.14,97,1016,Clouds,extreme_humidity
3467865,Campinas,1722626948,13.5,61,1013,Clear,normal
3467865,Campinas,1722713348,16.27,70,1020,Clouds,normal
3467865,Campinas,1722799748,8.4,54,1021,Clear,cold_snap
3467865,Campinas,1722886148,11.51,63,1016,Clear,normal
3467865,Campinas,1722972548,19.88,85,1015,Rain,normal
3467865,Campinas,1723058948,15.98,68,1015,Clear,normal
3467865,Campinas,1723145348,15.53,69,1014,Clear,normal
3467865,Campinas,1723231748,18.47,51,1009,Clouds,normal
3467865,Campinas,1723318148,24.42,35,1018,Clear,drought
3467865,Campinas,1723404548,16.08,72,1016,Clouds,normal
3467865,Campinas,1723490948,17.12,58,1008,Clear,pressure_drop
3467865,Campinas,1723577348,19.6,62,1012,Rain,normal
3467865,Campinas,1723663748,15.11,52,1016,Clear,normal
3467865,Campinas,1723750148,17.75,50,1008,Clouds,pressure_drop
3467865,Campinas,1723836548,14.53,92,1012,Thunderstorm,storm_event
3467865,Campinas,1723922948,17.86,70,1014,Clouds,normal
3467865,Campinas,1724009348,11.94,59,1015,Clear,normal
3467865,Campinas,1724095748,18.93,68,1012,Rain,normal
3467865,Campinas,1724182148,17.93,92,1013,Clear,normal
3467865,Campinas,1724268548,18.27,68,1013,Clouds,normal
3467865,Campinas,1724354948,15.15,51,1009,Clear,normal
3467865,Campinas,1724441348,13.37,77,1018,Clouds,normal
3467865,Campinas,1724527748,15.99,55,1012,Rain,normal
3467865,Campinas,1724614148,14.48,85,1009,Clouds,normal
3467865,Campinas,1724700548,19.21,92,1017,Clouds,normal
3467865,Campinas,1724786948,16.68,50,1008,Clear,pressure_drop
3467865,Campinas,1724873348,10.62,70,1014,Clouds,normal
3467865,Campinas,1724959748,17.07,70,1019,Clear,normal
3467865,Campinas,1725046148,20.94,68,1015,Clouds,normal
3467865,Campinas,1725132548,13.6,92,1017,Clouds,normal
3467865,Campinas,1725218948,22.54,92,1018,Clouds,normal
3467865,Campinas,1725305348,24.83,60,1016,Clouds,normal
3467865,Campinas,1725391748,22.55,55,1016,Clouds,normal
3467865,Campinas,1725478148,26.06,92,1016,Clouds,normal
3467865,Campinas,1725564548,24.78,64,1008,Clouds,pressure_drop
3467865,Campinas,1725650948,20.08,81,1014,Clear,normal
3467865,Campinas,1725737348,17.06,76,1022,Clouds,normal
3467865,Campinas,1725823748,24.98,52,1016,Clear,normal
3467865,Campinas,1725910148,16.46,93,1009,Rain,storm_event
3467865,Campinas,1725996548,17.75,55,1017,Rain,normal
3467865,Campinas,1726082948,18.98,94,1009,Rain,storm_event
3467865,Campinas,1726169348,24.03,87,1009,Rain,normal
3467865,Campinas,1726255748,20.59,92,1013,Rain,normal
3467865,Campinas,1726342148,26.95,39,1018,Clear,drought
3467865,Campinas,1726428548,23.08,69,1016,Clear,normal
3467865,Campinas,1726514948,18.02,50,1015,Clear,normal
3467865,Campinas,1726601348,22.14,93,1009,Rain,storm_event
3467865,Campinas,1726687748,20.57,75,1015,Clouds,normal
3467865,Campinas,1726774148,22.83,46,1016,Clouds,normal
3467865,Campinas,1726860548,20.7,72,1017,Clear,normal
3467865,Campinas,1726946948,21.17,97,1010,Clouds,extreme_humidity
3467865,Campinas,1727033348,23.98,71,1014,Clear,normal
3467865,Campinas,1727119748,21.02,77,1018,Rain,normal
3467865,Campinas,1727206148,20.36,40,1012,Clear,normal
3467865,Campinas,1727292548,22.18,58,1009,Rain,normal
3467865,Campinas,1727378948,20.69,86,1017,Clear,normal
3467865,Campinas,1727465348,17.7,80,1014,Clouds,normal
3467865,Campinas,1727551748,19.05,75,1015,Rain,normal
3467865,Campinas,1727638148,19.06,66,1008,Clouds,pressure_drop
3467865,Campinas,1727724548,23.91,53,1018,Clouds,normal
3467865,Campinas,1727810948,17.7,90,1009,Drizzle,normal
3467865,Campinas,1727897348,20.62,71,1016,Clear,normal
3467865,Campinas,1727983748,23.4,67,1010,Clear,normal
3467865,Campinas,1728070148,25.39,90,1017,Clear,normal
3467865,Campinas,1728156548,22.72,78,1017,Clear,normal
3467865,Campinas,1728242948,22.34,64,1012,Clear,normal
3467865,Campinas,1728329348,22.27,68,1016,Clear,normal
3467865,Campinas,1728415748,23.19,92,1015,Clear,normal
3467865,Campinas,1728502148,22.18,92,1011,Clear,normal
3467865,Campinas,1728588548,18.86,57,1014,Clear,normal
3467865,Campinas,1728674948,26.65,72,1013,Clouds,normal
3467865,Campinas,1728761348,19.97,57,1009,Clear,normal
3467865,Campinas,1728847748,24.15,92,1010,Clouds,normal
3467865,Campinas,1728934148,12.98,71,1015,Clear,cold_snap
3467865,Campinas,1729020548,23.61,65,1017,Clear,normal
3467865,Campinas,1729106948,19.52,59,1009,Clouds,normal
3467865,Campinas,1729193348,24.82,55,1016,Clear,normal
3467865,Campinas,1729279748,22.24,62,1009,Rain,normal
3467865,Campinas,1729366148,26.87,74,1009,Drizzle,normal
3467865,Campinas,1729452548,23.43,83,1012,Clouds,normal
3467865,Campinas,1729538948,20.74,58,1011,Drizzle,normal
3467865,Campinas,1729625348,17.22,43,1020,Clouds,normal
3467865,Campinas,1729711748,19.31,61,1009,Clouds,normal
3467865,Campinas,1729798148,20.07,85,1015,Clouds,normal
3467865,Campinas,1729884548,22.02,78,1017,Clear,normal
3467865,Campinas,1729970948,26.54,38,1020,Clear,drought
3467865,Campinas,1730057348,21.27,65,1016,Clear,normal
3467865,Campinas,1730143748,22.2,63,1009,Clouds,normal
3467865,Campinas,1730230148,12.98,38,1018,Clear,cold_snap
3467865,Campinas,1730316548,22.83,74,1009,Clear,normal
3467865,Campinas,1730402948,17.95,90,1013,Thunderstorm,storm_event
3467865,Campinas,1730489348,18.48,68,1008,Drizzle,pressure_drop
3467865,Campinas,1730575748,21.63,57,1011,Clouds,normal
3467865,Campinas,1730662148,17.05,68,1022,Clouds,normal
3467865,Campinas,1730748548,12.29,56,1015,Clear,cold_snap
3467865,Campinas,1730834948,25.52,52,1013,Clouds,normal
3467865,Campinas,1730921348,17.57,46,1015,Clear,normal
3467865,Campinas,1731007748,18.65,52,1017,Clear,normal
3467865,Campinas,1731094148,18.84,94,1012,Thunderstorm,storm_event
3467865,Campinas,1731180548,22.76,71,1015,Clear,normal
3467865,Campinas,1731266948,18.52,51,1018,Clear,normal
3467865,Campinas,1731353348,22.71,73,1012,Rain,normal
3467865,Campinas,1731439748,24.26,61,1020,Clear,normal
3467865,Campinas,1731526148,23.31,66,1016,Clear,normal
3467865,Campinas,1731612548,23.55,92,1014,Clouds,normal
3467865,Campinas,1731698948,19.65,56,1020,Clouds,normal
3467865,Campinas,1731785348,19.56,42,1012,Clouds,normal
3467865,Campinas,1731871748,23.31,92,1014,Clouds,normal
3467865,Campinas,1731958148,24.22,53,1020,Clear,normal
3467865,Campinas,1732044548,19.02,60,1018,Clouds,normal
3467865,Campinas,1732130948,19.48,60,1011,Clouds,normal
3467865,Campinas,1732217348,15.11,57,1018,Clear,normal
3467865,Campinas,1732303748,23.17,62,1019,Clear,normal
3467865,Campinas,1732390148,22.68,75,1018,Clear,normal
3467865,Campinas,1732476548,16.61,68,1017,Clear,normal
3467865,Campinas,1732562948,17.99,51,1017,Clear,normal
3467865,Campinas,1732649348,14.81,67,1009,Clear,normal
3467865,Campinas,1732735748,25.75,86,1011,Clouds,normal
3467865,Campinas,1732822148,21.31,86,1013,Clouds,normal
3467865,Campinas,1732908548,26.42,57,1018,Clouds,normal
3467865,Campinas,1732994948,20.59,55,1010,Rain,normal
3467865,Campinas,1733081348,24.75,54,1014,Clouds,normal
3467865,Campinas,1733167748,28.54,40,1012,Clear,normal
3467865,Campinas,1733254148,25.39,72,1016,Clouds,normal
3467865,Campinas,1733340548,24.15,62,1019,Clouds,normal
3467865,Campinas,1733426948,25.5,68,1020,Clouds,normal
3467865,Campinas,1733513348,28.47,84,1014,Clear,normal
3467865,Campinas,1733599748,24.72,62,1018,Clouds,normal
3467865,Campinas,1733686148,26.36,49,1011,Clear,normal
3467865,Campinas,1733772548,25.16,54,1020,Clouds,normal
3467865,Campinas,1733858948,27.36,64,1013,Clouds,normal
3467865,Campinas,1733945348,21.65,64,1016,Clouds,normal
3467865,Campinas,1734031748,25.93,40,1014,Clouds,normal
3467865,Campinas,1734118148,22.29,89,1013,Thunderstorm,storm_event
3467865,Campinas,1734204548,21.74,60,1015,Clear,normal
3467865,Campinas,1734290948,22.33,66,1013,Clear,normal
3467865,Campinas,1734377348,22.14,76,1010,Clear,normal
3467865,Campinas,1734463748,20.68,49,1016,Clear,normal
3467865,Campinas,1734550148,18.48,68,1018,Clouds,cold_snap
3467865,Campinas,1734636548,24.25,48,1010,Clouds,normal
3467865,Campinas,1734722948,24.5,59,1016,Rain,normal
3467865,Campinas,1734809348,24.26,87,1016,Clear,normal
3467865,Campinas,1734895748,23.48,66,1011,Clouds,normal
3467865,Campinas,1734982148,24.92,55,1010,Clear,normal
3467865,Campinas,1735068548,20.22,50,1017,Clouds,normal
3467865,Campinas,1735154948,21.7,92,1012,Clear,normal
3467865,Campinas,1735241348,27.55,76,1009,Clear,normal
3467865,Campinas,1735327748,18.48,75,1015,Clear,cold_snap
3467865,Campinas,1735414148,22.65,43,1020,Clear,normal
3467865,Campinas,1735500548,23.56,90,1008,Thunderstorm,storm_event
3467865,Campinas,1735586948,24.76,56,1015,Clear,normal
3467865,Campinas,1735673348,26.62,61,1011,Clouds,normal
3467865,Campinas,1735759748,26.81,82,1018,Clouds,normal
3467865,Campinas,1735846148,22.55,71,1009,Rain,normal
3467865,Campinas,1735932548,30.0,75,1016,Clear,normal
3467865,Campinas,1736018948,28.15,70,1021,Clouds,normal
3467865,Campinas,1736105348,25.87,68,1017,Drizzle,normal
3467865,Campinas,1736191748,30.62,41,1016,Clear,normal
3467865,Campinas,1736278148,24.63,92,1016,Clear,normal
3467865,Campinas,1736364548,26.85,41,1013,Clouds,normal
3467865,Campinas,1736450948,24.92,64,1019,Drizzle,normal
3467865,Campinas,1736537348,25.43,78,1011,Rain,normal
3467865,Campinas,1736623748,24.95,55,1010,Clouds,normal
3467865,Campinas,1736710148,27.46,92,1013,Clear,normal
3467865,Campinas,1736796548,27.69,66,1018,Clear,normal
3467865,Campinas,1736882948,25.83,79,1008,Rain,pressure_drop
3467865,Campinas,1736969348,22.75,58,1014,Clear,normal
3467865,Campinas,1737055748,28.06,87,1013,Clouds,normal
3467865,Campinas,1737142148,23.73,65,1013,Clear,normal
3467865,Campinas,1737228548,24.77,92,1015,Drizzle,normal
3467865,Campinas,1737314948,27.51,82,1017,Clouds,normal
3467865,Campinas,1737401348,30.98,65,1015,Clouds,normal
3467865,Campinas,1737487748,24.31,86,1017,Clear,normal
3467865,Campinas,1737574148,28.79,92,1016,Clouds,normal
3467865,Campinas,1737660548,27.9,97,1014,Rain,extreme_humidity
3467865,Campinas,1737746948,27.34,83,1009,Rain,normal
3467865,Campinas,1737833348,23.93,68,1017,Rain,normal
3467865,Campinas,1737919748,23.17,63,1018,Clear,normal
3467865,Campinas,1738006148,27.36,64,1008,Drizzle,pressure_drop
3467865,Campinas,1738092548,26.72,60,1015,Clear,normal
3467865,Campinas,1738178948,26.33,69,1011,Clouds,normal
3467865,Campinas,1738265348,26.33,67,1014,Clear,normal
3467865,Campinas,1738351748,26.95,82,1015,Clear,normal
3467865,Campinas,1738438148,24.8,79,1016,Clear,normal
3467865,Campinas,1738524548,25.13,83,1018,Clouds,normal
3467865,Campinas,1738610948,25.76,74,1019,Clear,normal
3467865,Campinas,1738697348,24.61,81,1015,Rain,normal
3467865,Campinas,1738783748,25.77,40,1014,Clear,normal
3467865,Campinas,1738870148,25.63,91,1011,Clouds,normal
3467865,Campinas,1738956548,23.5,93,1009,Rain,storm_event
3467865,Campinas,1739042948,28.4,91,1015,Rain,normal
3467865,Campinas,1739129348,25.94,70,1009,Rain,normal
3467865,Campinas,1739215748,30.08,71,1012,Clear,normal
3467865,Campinas,1739302148,27.19,58,1014,Rain,normal
3467865,Campinas,1739388548,25.5,79,1016,Clear,normal
3467865,Campinas,1739474948,30.03,65,1018,Clear,normal
3467865,Campinas,1739561348,28.77,92,1015,Clear,normal
3467865,Campinas,1739647748,27.2,61,1017,Clouds,normal
3467865,Campinas,1739734148,24.65,87,1018,Clouds,normal
3467865,Campinas,1739820548,24.38,68,1016,Rain,normal
3467865,Campinas,1739906948,27.61,69,1019,Clear,normal
3467865,Campinas,1739993348,25.51,56,1019,Clear,normal
3467865,Campinas,1740079748,26.74,69,1011,Clear,normal
3467865,Campinas,1740166148,29.0,73,1012,Clear,normal
3467865,Campinas,1740252548,25.66,92,1013,Drizzle,normal
3467865,Campinas,1740338948,21.95,72,1022,Clear,normal
3467865,Campinas,1740425348,25.2,93,1009,Rain,storm_event
3467865,Campinas,1740511748,24.15,60,1013,Clouds,normal
3467865,Campinas,1740598148,28.91,86,1017,Clear,normal
3467865,Campinas,1740684548,23.08,87,1009,Rain,normal
3467865,Campinas,1740770948,23.49,55,1015,Clear,normal
3467865,Campinas,1740857348,32.1,38,1015,Clouds,drought
3467865,Campinas,1740943748,24.27,54,1011,Clear,normal
3467865,Campinas,1741030148,27.56,69,1009,Clear,normal
3467865,Campinas,1741116548,29.59,65,1010,Clouds,normal
3467865,Campinas,1741202948,26.45,83,1016,Rain,normal
3467865,Campinas,1741289348,31.29,78,1017,Clear,normal
3467865,Campinas,1741375748,23.96,81,1012,Clear,normal
3467865,Campinas,1741462148,22.34,40,1016,Clouds,normal
3467865,Campinas,1741548548,21.74,71,1022,Clear,normal
3467865,Campinas,1741634948,25.86,64,1018,Clear,normal
3467865,Campinas,1741721348,26.25,94,1009,Rain,storm_event
3467865,Campinas,1741807748,26.18,62,1019,Clouds,normal
3467865,Campinas,1741894148,30.9,59,1020,Clouds,normal
3467865,Campinas,1741980548,31.29,47,1012,Clouds,normal
3467865,Campinas,1742066948,32.73,74,1008,Clear,pressure_drop
3467865,Campinas,1742153348,28.82,80,1017,Clear,normal
3467865,Campinas,1742239748,30.1,81,1017,Clear,normal
3467865,Campinas,1742326148,31.02,35,1017,Clear,drought
3467865,Campinas,1742412548,24.36,61,1011,Drizzle,normal
3467865,Campinas,1742498948,27.07,71,1013,Clear,normal
3467865,Campinas,1742585348,25.84,58,1016,Clouds,normal
3467865,Campinas,1742671748,24.51,90,1009,Drizzle,normal
3467865,Campinas,1742758148,25.58,75,1016,Drizzle,normal
3467865,Campinas,1742844548,28.73,55,1013,Clear,normal
3467865,Campinas,1742930948,27.39,80,1014,Clear,normal
3467865,Campinas,1743017348,23.76,69,1021,Clear,normal
3467865,Campinas,1743103748,25.53,74,1014,Clear,normal
3467865,Campinas,1743190148,24.08,89,1009,Rain,normal
3467865,Campinas,1743276548,23.5,95,1010,Thunderstorm,storm_event
3467865,Campinas,1743362948,26.19,70,1013,Clear,normal
3467865,Campinas,1743449348,24.31,82,1015,Clear,normal
3467865,Campinas,1743535748,20.54,60,1021,Clear,normal
3467865,Campinas,1743622148,20.13,92,1011,Rain,normal
3467865,Campinas,1743708548,21.13,73,1022,Clear,normal
3467865,Campinas,1743794948,16.91,88,1013,Drizzle,normal
3467865,Campinas,1743881348,21.69,69,1015,Clear,normal
3467865,Campinas,1743967748,19.91,56,1022,Clouds,normal
3467865,Campinas,1744054148,21.36,48,1015,Clear,normal
3467865,Campinas,1744140548,20.14,91,1016,Rain,normal
3467865,Campinas,1744226948,25.28,52,1020,Clear,normal
3467865,Campinas,1744313348,22.44,57,1016,Clear,normal
3467865,Campinas,1744399748,21.2,66,1009,Clear,normal
3467865,Campinas,1744486148,20.95,63,1013,Clear,normal
3467865,Campinas,1744572548,19.12,40,1016,Clouds,normal
3467865,Campinas,1744658948,20.68,53,1015,Clouds,normal
3467865,Campinas,1744745348,18.82,59,1018,Clear,normal
3467865,Campinas,1744831748,20.3,98,1013,Thunderstorm,storm_event
3467865,Campinas,1744918148,21.55,95,1008,Thunderstorm,storm_event
3467865,Campinas,1745004548,19.83,97,1014,Clouds,extreme_humidity
3467865,Campinas,1745090948,17.63,61,1011,Clear,normal
3467865,Campinas,1745177348,23.11,40,1010,Clouds,normal
3467865,Campinas,1745263748,20.07,50,1022,Clear,normal
3467865,Campinas,1745350148,18.88,93,1009,Rain,storm_event
3467865,Campinas,1745436548,22.79,97,1009,Thunderstorm,storm_event
3467865,Campinas,1745522948,21.55,88,1011,Clouds,normal
3467865,Campinas,1745609348,18.17,98,1015,Clouds,extreme_humidity
3467865,Campinas,1745695748,20.09,55,1011,Clear,normal
3467865,Campinas,1745782148,20.08,66,1019,Drizzle,normal
3467865,Campinas,1745868548,19.93,73,1015,Clear,normal
3467865,Campinas,1745954948,24.36,68,1018,Clear,normal
3467865,Campinas,1746041348,20.76,57,1019,Clear,normal
3467865,Campinas,1746127748,25.35,78,1008,Drizzle,pressure_drop
3467865,Campinas,1746214148,23.12,46,1014,Clear,normal
3467865,Campinas,1746300548,23.03,70,1011,Clouds,normal
3467865,Campinas,1746386948,17.7,67,1011,Clouds,normal
3467865,Campinas,1746473348,22.19,92,1018,Clear,normal
3467865,Campinas,1746559748,23.24,47,1013,Clear,normal
3467865,Campinas,1746646148,16.79,67,1013,Clear,normal
3467865,Campinas,1746732548,18.7,74,1016,Clouds,normal
3467865,Campinas,1746818948,21.3,56,1015,Clouds,normal
3467865,Campinas,1746905348,22.26,76,1022,Clear,normal
3467865,Campinas,1746991748,26.61,36,1016,Clear,drought
3467865,Campinas,1747078148,14.53,75,1017,Clouds,cold_snap
3467865,Campinas,1747164548,22.57,67,1015,Clear,normal
3467865,Campinas,1747250948,22.18,60,1008,Clear,pressure_drop
3467865,Campinas,1747337348,25.56,81,1014,Clouds,normal
3467865,Campinas,1747423748,21.9,60,1018,Clouds,normal
3467865,Campinas,1747510148,20.26,93,1009,Rain,storm_event
3467865,Campinas,1747596548,21.42,58,1021,Clouds,normal
3467865,Campinas,1747682948,22.31,63,1021,Clear,normal
3467865,Campinas,1747769348,19.52,53,1017,Clouds,normal
3467865,Campinas,1747855748,20.13,40,1016,Clouds,normal
3467865,Campinas,1747942148,17.71,84,1012,Clear,normal
3467865,Campinas,1748028548,19.6,92,1018,Clouds,normal
3467865,Campinas,1748114948,19.08,77,1015,Clear,normal
3467865,Campinas,1748201348,24.33,56,1016,Clear,normal
3467865,Campinas,1748287748,23.22,65,1015,Clear,normal
3467865,Campinas,1748374148,18.75,72,1015,Clear,normal
3467865,Campinas,1748460548,23.77,50,1015,Clouds,normal
3467865,Campinas,1748546948,19.59,89,1018,Clear,normal
3467865,Campinas,1748633348,25.59,45,1016,Clouds,normal
3467865,Campinas,1748719748,19.09,78,1012,Rain,normal
3467865,Campinas,1748806148,18.56,55,1012,Rain,normal
3467865,Campinas,1748892548,11.41,86,1015,Clear,normal
3467865,Campinas,1748978948,20.97,68,1012,Rain,normal
3467865,Campinas,1749065348,23.06,87,1015,Rain,normal
3467865,Campinas,1749151748,19.8,58,1016,Clear,normal
3467865,Campinas,1749238148,19.32,70,1009,Clear,normal
3467865,Campinas,1749324548,19.51,82,1008,Drizzle,pressure_drop
3467865,Campinas,1749410948,8.28,67,1019,Rain,cold_snap
3467865,Campinas,1749497348,18.86,68,1009,Rain,normal
3467865,Campinas,1749583748,16.48,80,1015,Clouds,normal
3467865,Campinas,1749670148,16.67,75,1017,Clouds,normal
3467865,Campinas,1749756548,11.97,62,1018,Clear,normal
3467865,Campinas,1749842948,18.45,64,1017,Clouds,normal
3467865,Campinas,1749929348,16.46,73,1019,Clear,normal
3467865,Campinas,1750015748,20.13,69,1015,Clouds,normal
3467865,Campinas,1750102148,17.27,71,1011,Clear,normal
3467865,Campinas,1750188548,13.86,62,1015,Clouds,normal
3467865,Campinas,1750274948,16.25,59,1013,Clear,normal
3467865,Campinas,1750361348,11.41,54,1022,Clouds,normal
3467865,Campinas,1750447748,13.97,68,1015,Clear,normal
3467865,Campinas,1750534148,23.78,74,1013,Clear,normal
3467865,Campinas,1750620548,15.33,68,1009,Rain,normal
3467865,Campinas,1750706948,13.73,73,1011,Clouds,normal
3467865,Campinas,1750793348,14.18,67,1010,Rain,normal
3467865,Campinas,1750879748,17.59,68,1012,Clouds,normal
3467865,Campinas,1750966148,14.74,98,1014,Rain,extreme_humidity
3467865,Campinas,1751052548,14.51,82,1016,Clouds,normal
3467865,Campinas,1751138948,18.14,67,1012,Clear,normal
3467865,Campinas,1751225348,15.59,55,1009,Clear,normal
3467865,Campinas,1751311748,19.54,66,1020,Rain,normal
3467865,Campinas,1751398148,19.75,92,1012,Clouds,normal
3467865,Campinas,1751484548,17.16,62,1016,Clear,normal
3467865,Campinas,1751570948,18.25,89,1016,Clear,normal
3467865,Campinas,1751657348,14.75,52,1020,Clouds,normal
3467865,Campinas,1751743748,15.66,60,1012,Clear,normal
3467865,Campinas,1751830148,13.76,46,1014,Clouds,normal
3467865,Campinas,1751916548,20.65,73,1015,Clouds,normal
3467865,Campinas,1752002948,17.11,74,1017,Clear,normal
3467865,Campinas,1752089348,20.57,69,1017,Clouds,normal
3467865,Campinas,1752175748,12.23,73,1017,Clouds,normal
3467865,Campinas,1752262148,18.67,64,1011,Clear,normal
3467865,Campinas,1752348548,15.43,80,1008,Rain,pressure_drop
3467865,Campinas,1752434948,14.91,60,1020,Clear,normal
3467865,Campinas,1752521348,16.42,73,1015,Clear,normal
3467865,Campinas,1752607748,14.84,68,1013,Clear,normal
3467865,Campinas,1752694148,20.71,64,1011,Clear,normal
3467865,Campinas,1752780548,16.51,67,1013,Clear,normal
3467865,Campinas,1752866948,12.05,63,1014,Clear,normal
3467865,Campinas,1752953348,20.05,81,1014,Clear,normal
3467865,Campinas,1753039748,17.13,67,1014,Clear,normal
3467865,Campinas,1753126148,18.18,80,1010,Clear,normal
3467865,Campinas,1753212548,12.41,82,1015,Clear,normal
3467865,Campinas,1753298948,23.89,52,1008,Rain,pressure_drop
3467865,Campinas,1753385348,17.94,82,1011,Clouds,normal
3467865,Campinas,1753471748,17.97,92,1015,Clouds,normal
3467865,Campinas,1753558148,20.93,87,1011,Drizzle,normal
3467865,Campinas,1753644548,22.07,72,1009,Clear,normal
3467865,Campinas,1753730948,19.34,65,1017,Clear,normal
3467865,Campinas,1753817348,15.08,93,1011,Thunderstorm,storm_event
3467865,Campinas,1753903748,21.0,62,1013,Rain,normal
3467865,Campinas,1753990148,13.65,69,1021,Clouds,normal
3467865,Campinas,1754076548,11.11,40,1018,Clear,normal
3467865,Campinas,1754162948,21.79,39,1017,Clear,drought
3467865,Campinas,1754249348,18.35,61,1014,Clear,normal
3467865,Campinas,1754335748,18.21,76,1015,Clouds,normal
3467865,Campinas,1754422148,15.32,47,1022,Clouds,normal
3467865,Campinas,1754508548,14.96,67,1016,Clouds,normal
3467865,Campinas,1754594948,16.79,67,1016,Clear,normal
3467865,Campinas,1754681348,23.09,74,1018,Rain,normal
3467865,Campinas,1754767748,14.62,91,1013,Clouds,normal
3467865,Campinas,1754854148,14.69,61,1014,Clouds,normal
3467865,Campinas,1754940548,10.62,47,1009,Clouds,normal
3467865,Campinas,1755026948,11.48,56,1009,Clear,normal
3467865,Campinas,1755113348,20.84,74,1016,Clouds,normal
3467865,Campinas,1755199748,12.12,50,1008,Clouds,pressure_drop
3467865,Campinas,1755286148,19.74,82,1018,Clouds,normal
3467865,Campinas,1755372548,16.93,70,1012,Rain,normal
3467865,Campinas,1755458948,16.07,87,1010,Clouds,normal
3467865,Campinas,1755545348,15.09,64,1009,Clear,normal
3467865,Campinas,1755631748,19.07,76,1012,Clouds,normal
3467865,Campinas,1755718148,15.47,59,1008,Clouds,pressure_drop
3467865,Campinas,1755804548,17.17,49,1016,Clear,normal
3467865,Campinas,1755890948,12.86,98,1011,Clouds,extreme_humidity
3467865,Campinas,1755977348,19.97,77,1017,Clear,normal
3467865,Campinas,1756063748,17.98,64,1008,Clouds,pressure_drop
3467865,Campinas,1756150148,15.93,75,1014,Clouds,normal
3467865,Campinas,1756236548,22.15,65,1020,Clouds,normal
3467865,Campinas,1756322948,11.97,50,1012,Clear,normal
3467865,Campinas,1756409348,16.55,78,1020,Clear,normal
3467865,Campinas,1756495748,10.66,98,1015,Rain,extreme_humidity
3467865,Campinas,1756582148,17.64,94,1013,Thunderstorm,storm_event
3467865,Campinas,1756668548,13.09,88,1012,Thunderstorm,storm_event
3467865,Campinas,1756754948,22.48,71,1012,Clear,normal
3467865,Campinas,1756841348,21.44,40,1015,Clouds,normal
3467865,Campinas,1756927748,23.71,60,1018,Clear,normal
3467865,Campinas,1757014148,17.75,57,1016,Rain,normal
3467865,Campinas,1757100548,25.07,82,1018,Clouds,normal
3467865,Campinas,1757186948,25.69,74,1014,Clouds,normal
3467865,Campinas,1757273348,21.84,40,1018,Clear,normal
3467865,Campinas,1757359748,22.14,63,1014,Rain,normal
3467865,Campinas,1757446148,26.06,87,1017,Clouds,normal
3467865,Campinas,1757532548,24.85,84,1008,Rain,pressure_drop
3467865,Campinas,1757618948,20.97,40,1019,Clouds,normal
3467865,Campinas,1757705348,21.38,40,1018,Clear,normal
3467865,Campinas,1757791748,19.45,85,1016,Rain,normal
3467865,Campinas,1757878148,21.5,59,1012,Clear,normal
3467865,Campinas,1757964548,22.06,62,1011,Clear,normal
3467865,Campinas,1758050948,11.53,54,1017,Clouds,cold_snap
3467865,Campinas,1758137348,22.64,83,1013,Clear,normal
3467865,Campinas,1758223748,21.69,40,1022,Clouds,normal
3467865,Campinas,1758310148,22.27,80,1015,Rain,normal
3467865,Campinas,1758396548,20.96,50,1008,Clear,pressure_drop
3467865,Campinas,1758482948,18.89,97,1013,Thunderstorm,storm_event
3467865,Campinas,1758569348,21.34,83,1008,Rain,pressure_drop
3467865,Campinas,1758655748,20.5,60,1013,Clouds,normal
3467865,Campinas,1758742148,16.0,74,1008,Clouds,pressure_drop
3467865,Campinas,1758828548,22.28,52,1017,Clear,normal
3467865,Campinas,1758914948,17.86,43,1021,Clear,normal
3467865,Campinas,1759001348,20.08,50,1014,Clouds,normal
3467865,Campinas,1759087748,23.48,53,1019,Clear,normal
3467865,Campinas,1759174148,18.14,97,1013,Rain,extreme_humidity
3467865,Campinas,1759260548,20.86,62,1018,Clear,normal
3467865,Campinas,1759346948,24.33,87,1008,Clouds,pressure_drop
3467865,Campinas,1759433348,21.62,91,1008,Thunderstorm,storm_event
3467865,Campinas,1759519748,15.07,59,1008,Clear,pressure_drop
3467865,Campinas,1759606148,21.27,53,1016,Clouds,normal
3467865,Campinas,1759692548,15.63,85,1017,Clouds,normal
3467865,Campinas,1759778948,21.24,80,1016,Clear,normal
3467865,Campinas,1759865348,24.53,55,1015,Clear,normal
3467865,Campinas,1759951748,19.38,98,1014,Clouds,extreme_humidity
3467865,Campinas,1760038148,18.11,77,1011,Clear,normal
3467865,Campinas,1760124548,22.59,66,1008,Rain,pressure_drop
3467865,Campinas,1760210948,23.92,55,1019,Clouds,normal
3467865,Campinas,1760297348,28.42,70,1008,Rain,pressure_drop
3467865,Campinas,1760383748,24.96,66,1016,Clear,normal
3467865,Campinas,1760470148,23.79,55,1011,Clear,normal
3467865,Campinas,1760556548,21.55,62,1017,Clear,normal
3467865,Campinas,1760642948,18.5,56,1008,Clouds,pressure_drop
3467865,Campinas,1760729348,26.87,70,1016,Clear,normal
3467865,Campinas,1760815748,21.25,73,1014,Clear,normal
3467865,Campinas,1760902148,26.87,51,1011,Clear,normal
3467865,Campinas,1760988548,26.07,80,1014,Clear,normal
3467865,Campinas,1761074948,18.42,98,1016,Drizzle,extreme_humidity
3467865,Campinas,1761161348,20.47,74,1014,Clouds,normal
3467865,Campinas,1761247748,21.28,77,1020,Clear,normal
3467865,Campinas,1761334148,23.66,62,1012,Clear,normal
3467865,Campinas,1761420548,21.77,45,1013,Clear,normal
3467865,Campinas,1761506948,23.35,89,1012,Thunderstorm,storm_event
3467865,Campinas,1761593348,22.04,66,1011,Clouds,normal
3467865,Campinas,1761679748,21.29,45,1013,Clear,normal
3467865,Campinas,1761766148,22.49,72,1012,Clear,normal
3467865,Campinas,1761852548,25.91,39,1013,Clear,drought
3467865,Campinas,1761938948,28.37,38,1019,Clouds,drought
3467865,Campinas,1762025348,19.42,96,1009,Rain,storm_event
3467865,Campinas,1762111748,21.33,80,1017,Clear,normal
3467865,Campinas,1762198148,18.97,77,1010,Rain,normal
3467865,Campinas,1762284548,26.65,65,1012,Clear,normal
3467865,Campinas,1762370948,14.81,55,1018,Rain,normal
3467865,Campinas,1762457348,20.86,57,1012,Clear,normal
3467865,Campinas,1762543748,11.35,75,1021,Clouds,cold_snap
3467865,Campinas,1762630148,18.91,54,1015,Clouds,normal
3467865,Campinas,1762716548,27.53,48,1016,Clouds,normal
3467865,Campinas,1762802948,21.16,64,1011,Clear,normal
3467865,Campinas,1762889348,22.9,67,1017,Clear,normal
3467865,Campinas,1762975748,24.35,63,1011,Clear,normal
3467865,Campinas,1763062148,20.42,77,1010,Rain,normal
3467865,Campinas,1763148548,15.57,59,1010,Clear,normal
3467865,Campinas,1763234948,19.83,45,1016,Clouds,normal
3467865,Campinas,1763321348,19.3,57,1017,Clear,normal
3467865,Campinas,1763407748,18.51,78,1018,Clear,normal
3467865,Campinas,1763494148,24.31,40,1020,Clouds,normal
3467865,Campinas,1763580548,24.6,67,1015,Clouds,normal
3467865,Campinas,1763666948,22.41,58,1018,Clouds,normal
3467865,Campinas,1763753348,19.33,89,1013,Clouds,normal
3467865,Campinas,1763839748,18.17,76,1012,Rain,normal
3467865,Campinas,1763926148,24.51,58,1008,Clear,pressure_drop
3467865,Campinas,1764012548,24.75,64,1022,Clouds,normal
3467865,Campinas,1764098948,22.27,65,1015,Drizzle,normal
3467865,Campinas,1764185348,26.18,80,1009,Drizzle,normal
3467865,Campinas,1764271748,16.12,66,1017,Clear,normal
3467865,Campinas,1764358148,22.85,69,1012,Clear,normal
3467865,Campinas,1764444548,16.06,40,1018,Clouds,normal
3467865,Campinas,1764530948,24.13,77,1013,Clear,normal
3467865,Campinas,1764617348,18.96,61,1008,Rain,pressure_drop
3467865,Campinas,1764703748,24.08,64,1008,Drizzle,pressure_drop
3467865,Campinas,1764790148,21.24,71,1011,Clouds,normal
3467865,Campinas,1764876548,22.23,96,1010,Thunderstorm,storm_event
3467865,Campinas,1764962948,28.38,92,1015,Rain,normal
3467865,Campinas,1765049348,31.14,67,1020,Clouds,normal
3467865,Campinas,1765135748,25.56,81,1015,Rain,normal
3467865,Campinas,1765222148,28.56,83,1020,Clear,normal
3467865,Campinas,1765308548,26.07,61,1020,Clear,normal
3467865,Campinas,1765394948,22.82,50,1016,Clear,normal
3467865,Campinas,1765481348,25.6,82,1017,Clouds,normal
3467865,Campinas,1765567748,20.22,69,1017,Clear,normal
3467865,Campinas,1765654148,23.77,53,1015,Clouds,normal
3467865,Campinas,1765740548,31.14,54,1017,Clouds,normal
3467865,Campinas,1765826948,26.81,72,1016,Clear,normal
3467865,Campinas,1765913348,21.82,87,1008,Clouds,pressure_drop
3467865,Campinas,1765999748,28.28,70,1019,Clouds,normal
3467865,Campinas,1766086148,26.26,67,1009,Clouds,normal
3467865,Campinas,1766172548,23.73,48,1020,Clouds,normal
3467865,Campinas,1766258948,25.59,57,1016,Clouds,normal
3467865,Campinas,1766345348,18.48,58,1018,Clear,cold_snap
3467865,Campinas,1766431748,25.47,50,1008,Clear,pressure_drop
3467865,Campinas,1766518148,29.22,39,1015,Clear,drought
3467865,Campinas,1766604548,24.74,70,1022,Clear,normal
3467865,Campinas,1766690948,30.96,66,1021,Clear,normal
3467865,Campinas,1766777348,26.57,65,1012,Clouds,normal
3467865,Campinas,1766863748,31.32,35,1014,Clear,drought
3467865,Campinas,1766950148,28.57,84,1012,Clouds,normal
3467865,Campinas,1767036548,26.78,88,1019,Clouds,normal
3467865,Campinas,1767122948,24.91,52,1014,Clouds,normal
3467865,Campinas,1767209348,19.79,50,1008,Drizzle,pressure_drop
3467865,Campinas,1767295748,27.61,78,1017,Clear,normal
3467865,Campinas,1767382148,28.49,92,1009,Drizzle,normal
3467865,Campinas,1767468548,28.92,51,1016,Clear,normal
3467865,Campinas,1767554948,30.17,58,1014,Rain,normal
3467865,Campinas,1767641348,29.06,88,1014,Clear,normal
3467865,Campinas,1767727748,30.77,46,1018,Clear,normal
3467865,Campinas,1767814148,26.01,52,1019,Clear,normal
3467865,Campinas,1767900548,26.25,69,1018,Clear,normal
3467865,Campinas,1767986948,17.44,66,1021,Clear,cold_snap
3467865,Campinas,1768073348,22.34,74,1012,Clear,normal
3467865,Campinas,1768159748,24.01,65,1014,Rain,normal
3467865,Campinas,1768246148,28.19,69,1011,Clear,normal
3467865,Campinas,1768332548,26.61,92,1010,Drizzle,normal
3467865,Campinas,1768418948,30.58,72,1015,Clouds,normal
3467865,Campinas,1768505348,31.94,55,1013,Clear,normal
3467865,Campinas,1768591748,21.31,88,1018,Clouds,normal
3467865,Campinas,1768678148,28.41,67,1012,Clouds,normal
3467865,Campinas,1768764548,26.84,98,1017,Rain,extreme_humidity
3467865,Campinas,1768850948,27.86,92,1013,Rain,normal
3467865,Campinas,1768937348,23.0,89,1011,Thunderstorm,storm_event
3467865,Campinas,1769023748,28.64,82,1012,Clear,normal
3467865,Campinas,1769110148,25.2,70,1020,Clear,normal
3467865,Campinas,1769196548,29.11,92,1013,Clear,normal
3467865,Campinas,1769282948,24.65,66,1009,Clear,normal
3467865,Campinas,1769369348,25.17,81,1017,Clear,normal
3467865,Campinas,1769455748,28.5,80,1013,Clear,normal
3467865,Campinas,1769542148,21.26,54,1013,Clear,normal
3467865,Campinas,1769628548,23.99,62,1012,Clear,normal
3467865,Campinas,1769714948,26.71,98,1016,Rain,extreme_humidity
3467865,Campinas,1769801348,22.24,61,1014,Clear,normal
3467865,Campinas,1769887748,26.99,90,1018,Clear,normal
3467865,Campinas,1769974148,26.1,90,1010,Thunderstorm,storm_event
3467865,Campinas,1770060548,25.63,50,1017,Clear,normal
3467865,Campinas,1770146948,25.88,72,1008,Clouds,pressure_drop
3467865,Campinas,1770233348,27.31,70,1016,Clouds,normal
3467865,Campinas,1770319748,23.46,57,1009,Clear,normal
3467865,Campinas,1770406148,23.33,72,1016,Clear,normal
3467865,Campinas,1770492548,23.35,79,1020,Rain,normal
3467865,Campinas,1770578948,26.72,56,1018,Clear,normal
3467865,Campinas,1770665348,24.79,90,1012,Thunderstorm,storm_event
3467865,Campinas,1770751748,26.52,84,1011,Rain,normal
3467865,Campinas,1770838148,26.88,92,1017,Rain,normal
3467865,Campinas,1770924548,27.09,90,1011,Clouds,normal
3467865,Campinas,1771010948,26.41,92,1014,Rain,normal
3467865,Campinas,1771097348,28.44,69,1016,Clouds,normal
3467865,Campinas,1771183748,26.66,98,1015,Drizzle,extreme_humidity
3467865,Campinas,1771270148,29.26,55,1013,Clouds,normal
3467865,Campinas,1771356548,24.75,92,1011,Drizzle,normal
3467865,Campinas,1771442948,26.35,84,1016,Clear,normal
3467865,Campinas,1771529348,26.68,80,1013,Rain,normal
3467865,Campinas,1771615748,29.67,92,1016,Rain,normal
3467865,Campinas,1771702148,23.22,75,1013,Rain,normal
3467865,Campinas,1771788548,27.99,74,1013,Rain,normal
3467865,Campinas,1771874948,24.8,97,1014,Drizzle,extreme_humidity
3467865,Campinas,1771961348,27.01,92,1016,Clear,normal
3467865,Campinas,1772047748,22.29,71,1017,Rain,normal
3467865,Campinas,1772134148,21.12,90,1008,Rain,pressure_drop
3467865,Campinas,1772220548,30.08,41,1020,Clouds,normal
3467865,Campinas,1772306948,28.03,70,1009,Clouds,normal
3467865,Campinas,1772393348,29.45,69,1017,Clouds,normal
3467865,Campinas,1772479748,28.72,50,1008,Clear,pressure_drop
3467865,Campinas,1772566148,29.4,40,1010,Clear,normal
3467865,Campinas,1772652548,22.46,79,1015,Rain,normal
3467865,Campinas,1772738948,28.05,56,1014,Clear,normal
3467865,Campinas,1772825348,25.67,74,1013,Rain,normal
3467865,Campinas,1772911748,25.85,80,1016,Drizzle,normal
3467865,Campinas,1772998148,26.04,63,1016,Rain,normal
3467865,Campinas,1773084548,26.59,60,1014,Clouds,normal
3467865,Campinas,1773170948,22.33,69,1015,Clear,normal
3467865,Campinas,1773257348,25.17,90,1013,Clouds,normal
3467865,Campinas,1773343748,22.21,97,1018,Rain,extreme_humidity
3467865,Campinas,1773430148,23.67,77,1008,Clouds,pressure_drop
3467865,Campinas,1773516548,25.62,60,1019,Clear,normal
3467865,Campinas,1773602948,31.29,67,1013,Clear,normal
3467865,Campinas,1773689348,21.81,60,1019,Clear,normal
3467865,Campinas,1773775748,26.57,50,1015,Clouds,normal
3467865,Campinas,1773862148,27.62,66,1012,Clear,normal
3467865,Campinas,1773948548,21.74,82,1022,Rain,normal
3467865,Campinas,1774034948,26.5,58,1018,Clouds,normal
3467865,Campinas,1774121348,26.91,75,1015,Clouds,normal
3467865,Campinas,1774207748,26.9,67,1009,Clouds,normal
3467865,Campinas,1774294148,29.44,46,1009,Clear,normal
3467865,Campinas,1774380548,20.88,94,1011,Thunderstorm,storm_event
3467865,Campinas,1774466948,27.55,90,1008,Thunderstorm,storm_event
3467865,Campinas,1774553348,26.48,95,1013,Thunderstorm,storm_event
3467865,Campinas,1774639748,27.85,76,1009,Clouds,normal
3467865,Campinas,1774726148,24.64,67,1013,Rain,normal
3467865,Campinas,1774812548,29.44,57,1013,Rain,normal
3467865,Campinas,1774898948,27.34,40,1022,Clouds,normal
3467865,Campinas,1774985348,25.0,90,1014,Clear,normal
3467865,Campinas,1775071748,20.04,92,1015,Clouds,normal
3467865,Campinas,1775158148,23.85,88,1015,Rain,normal
3467865,Campinas,1775244548,21.85,71,1016,Clouds,normal
3467865,Campinas,1775330948,19.78,65,1010,Clear,normal
3467865,Campinas,1775417348,19.97,69,1021,Clear,normal
3467865,Campinas,1775503748,19.08,70,1017,Rain,normal
3467865,Campinas,1775590148,20.14,86,1011,Clear,normal
3467865,Campinas,1775676548,25.36,72,1012,Clear,normal
3467865,Campinas,1775762948,17.2,68,1008,Drizzle,pressure_drop
3467865,Campinas,1775849348,19.61,98,1013,Clouds,extreme_humidity
3467865,Campinas,1775935748,23.37,89,1010,Thunderstorm,storm_event
3467865,Campinas,1776022148,22.19,78,1018,Clear,normal
3467865,Campinas,1776108548,20.2,73,1014,Clouds,normal
3467865,Campinas,1776194948,21.9,64,1010,Clear,normal
3467865,Campinas,1776281348,20.67,42,1017,Clouds,normal
3467865,Campinas,1776367748,25.36,64,1013,Clouds,normal
3467865,Campinas,1776454148,21.6,72,1012,Clouds,normal
3467865,Campinas,1776540548,16.91,92,1011,Drizzle,normal
3467865,Campinas,1776626948,19.82,65,1015,Clouds,normal
3467865,Campinas,1776713348,24.38,80,1018,Clear,normal
3467865,Campinas,1776799748,22.42,69,1019,Clouds,normal
3467865,Campinas,1776886148,17.03,84,1008,Clear,pressure_drop
3467865,Campinas,1776972548,20.51,81,1015,Clouds,normal
3467865,Campinas,1777058948,24.51,93,1008,Clear,pressure_drop
3467865,Campinas,1777145348,18.8,76,1013,Clouds,normal
3467865,Campinas,1777231748,19.65,97,1018,Drizzle,extreme_humidity
3467865,Campinas,1777318148,25.36,72,1022,Clear,normal
3467865,Campinas,1777404548,21.18,51,1019,Clear,normal
3467865,Campinas,1777490948,19.67,88,1019,Clouds,normal
3467865,Campinas,1777577348,21.02,82,1015,Rain,normal
3467865,Campinas,1777663748,25.78,81,1015,Clear,normal
3467865,Campinas,1777750148,25.37,92,1018,Rain,normal
3467865,Campinas,1777836548,22.66,92,1017,Clouds,normal
3467865,Campinas,1777922948,21.41,63,1015,Clear,normal
3467865,Campinas,1778009348,25.4,64,1016,Clear,normal
3467865,Campinas,1778095748,23.0,88,1020,Clear,normal
3467865,Campinas,1778182148,22.66,79,1017,Drizzle,normal
3467865,Campinas,1778268548,21.61,74,1015,Clear,normal
3467865,Campinas,1778354948,25.38,92,1012,Clear,normal
3467865,Campinas,1778441348,18.99,66,1018,Clear,normal
3467865,Campinas,1778527748,21.7,76,1014,Clouds,normal
3467865,Campinas,1778614148,21.23,57,1012,Rain,normal
3467865,Campinas,1778700548,21.87,77,1010,Clear,normal
3462315,Guarulhos,1715714948,23.51,40,1021,Clear,normal
3462315,Guarulhos,1715801348,23.98,55,1020,Clouds,normal
3462315,Guarulhos,1715887748,28.26,37,1012,Clear,drought
3462315,Guarulhos,1715974148,21.2,70,1014,Clear,normal
3462315,Guarulhos,1716060548,17.91,92,1012,Rain,normal
3462315,Guarulhos,1716146948,21.57,92,1021,Clear,normal
3462315,Guarulhos,1716233348,21.52,70,1022,Clouds,normal
3462315,Guarulhos,1716319748,22.22,74,1017,Rain,normal
3462315,Guarulhos,1716406148,20.7,60,1015,Clear,normal
3462315,Guarulhos,1716492548,19.76,89,1016,Clouds,normal
3462315,Guarulhos,1716578948,16.78,76,1016,Clouds,normal
3462315,Guarulhos,1716665348,22.23,61,1010,Clouds,normal
3462315,Guarulhos,1716751748,20.92,54,1012,Clear,normal
3462315,Guarulhos,1716838148,26.02,71,1012,Clouds,normal
3462315,Guarulhos,1716924548,21.61,80,1019,Clouds,normal
3462315,Guarulhos,1717010948,23.19,54,1012,Clear,normal
3462315,Guarulhos,1717097348,22.84,45,1019,Clear,normal
3462315,Guarulhos,1717183748,22.63,97,1012,Thunderstorm,storm_event
3462315,Guarulhos,1717270148,13.05,79,1015,Clouds,normal
3462315,Guarulhos,1717356548,12.57,69,1016,Rain,normal
3462315,Guarulhos,1717442948,16.96,54,1018,Clouds,normal
3462315,Guarulhos,1717529348,21.14,93,1008,Rain,pressure_drop
3462315,Guarulhos,1717615748,16.0,54,1014,Clouds,normal
3462315,Guarulhos,1717702148,14.26,98,1016,Rain,extreme_humidity
3462315,Guarulhos,1717788548,16.59,55,1011,Rain,normal
3462315,Guarulhos,1717874948,18.88,56,1018,Clear,normal
3462315,Guarulhos,1717961348,14.95,68,1010,Rain,normal
3462315,Guarulhos,1718047748,18.26,73,1013,Clouds,normal
3462315,Guarulhos,1718134148,16.17,89,1011,Rain,normal
3462315,Guarulhos,1718220548,17.96,88,1016,Clouds,normal
3462315,Guarulhos,1718306948,18.5,47,1012,Clouds,normal
3462315,Guarulhos,1718393348,15.41,94,1013,Thunderstorm,storm_event
3462315,Guarulhos,1718479748,12.16,92,1012,Clouds,normal
3462315,Guarulhos,1718566148,13.2,57,1009,Rain,normal
3462315,Guarulhos,1718652548,14.12,43,1018,Clouds,normal
3462315,Guarulhos,1718738948,21.17,53,1016,Clear,normal
3462315,Guarulhos,1718825348,15.92,56,1017,Clear,normal
3462315,Guarulhos,1718911748,14.17,83,1008,Rain,pressure_drop
3462315,Guarulhos,1718998148,16.63,59,1013,Clear,normal
3462315,Guarulhos,1719084548,21.0,68,1016,Clouds,normal
3462315,Guarulhos,1719170948,14.66,93,1011,Thunderstorm,storm_event
3462315,Guarulhos,1719257348,17.19,65,1008,Drizzle,pressure_drop
3462315,Guarulhos,1719343748,17.81,92,1010,Drizzle,normal
3462315,Guarulhos,1719430148,15.67,92,1018,Clouds,normal
3462315,Guarulhos,1719516548,16.09,59,1010,Clear,normal
3462315,Guarulhos,1719602948,17.94,83,1014,Clear,normal
3462315,Guarulhos,1719689348,17.16,77,1010,Clouds,normal
3462315,Guarulhos,1719775748,16.69,55,1009,Rain,normal
3462315,Guarulhos,1719862148,21.4,71,1022,Clear,normal
3462315,Guarulhos,1719948548,19.37,60,1013,Clear,normal
3462315,Guarulhos,1720034948,11.42,85,1013,Clouds,normal
3462315,Guarulhos,1720121348,13.38,63,1021,Clear,normal
3462315,Guarulhos,1720207748,12.03,61,1011,Clouds,normal
3462315,Guarulhos,1720294148,17.5,57,1015,Clouds,normal
3462315,Guarulhos,1720380548,21.23,74,1017,Clear,normal
3462315,Guarulhos,1720466948,16.51,92,1020,Clouds,normal
3462315,Guarulhos,1720553348,8.89,46,1021,Clear,cold_snap
3462315,Guarulhos,1720639748,14.54,80,1009,Rain,normal
3462315,Guarulhos,1720726148,19.07,40,1014,Clouds,normal
3462315,Guarulhos,1720812548,12.62,70,1015,Clouds,normal
3462315,Guarulhos,1720898948,16.05,74,1017,Drizzle,normal
3462315,Guarulhos,1720985348,18.19,71,1012,Rain,normal
3462315,Guarulhos,1721071748,8.52,52,1018,Clouds,cold_snap
3462315,Guarulhos,1721158148,14.36,68,1014,Clear,normal
3462315,Guarulhos,1721244548,12.11,87,1012,Clear,normal
3462315,Guarulhos,1721330948,14.95,57,1019,Clouds,normal
3462315,Guarulhos,1721417348,17.28,84,1013,Rain,normal
3462315,Guarulhos,1721503748,19.23,56,1020,Clouds,normal
3462315,Guarulhos,1721590148,16.75,77,1015,Clear,normal
3462315,Guarulhos,1721676548,16.61,79,1013,Clear,normal
3462315,Guarulhos,1721762948,16.72,79,1015,Clouds,normal
3462315,Guarulhos,1721849348,16.25,63,1014,Clouds,normal
3462315,Guarulhos,1721935748,13.78,58,1019,Clear,normal
3462315,Guarulhos,1722022148,15.33,91,1019,Rain,normal
3462315,Guarulhos,1722108548,16.96,88,1011,Thunderstorm,storm_event
3462315,Guarulhos,1722194948,17.82,98,1012,Clouds,extreme_humidity
3462315,Guarulhos,1722281348,19.3,49,1015,Clouds,normal
3462315,Guarulhos,1722367748,13.93,65,1017,Rain,normal
3462315,Guarulhos,1722454148,16.84,49,1016,Clouds,normal
3462315,Guarulhos,1722540548,16.44,60,1016,Clear,normal
3462315,Guarulhos,1722626948,18.24,92,1014,Clouds,normal
3462315,Guarulhos,1722713348,18.85,90,1018,Clouds,normal
3462315,Guarulhos,1722799748,18.32,92,1017,Clear,normal
3462315,Guarulhos,1722886148,17.5,42,1019,Clouds,normal
3462315,Guarulhos,1722972548,13.79,97,1012,Rain,extreme_humidity
3462315,Guarulhos,1723058948,16.98,54,1011,Clouds,normal
3462315,Guarulhos,1723145348,13.02,65,1018,Clear,normal
3462315,Guarulhos,1723231748,21.26,51,1014,Clouds,normal
3462315,Guarulhos,1723318148,19.57,92,1009,Clear,normal
3462315,Guarulhos,1723404548,20.37,40,1017,Clear,normal
3462315,Guarulhos,1723490948,16.9,72,1021,Clear,normal
3462315,Guarulhos,1723577348,16.49,66,1012,Drizzle,normal
3462315,Guarulhos,1723663748,15.94,65,1013,Clear,normal
3462315,Guarulhos,1723750148,22.15,75,1011,Rain,normal
3462315,Guarulhos,1723836548,20.88,66,1014,Clouds,normal
3462315,Guarulhos,1723922948,11.94,40,1016,Clear,normal
3462315,Guarulhos,1724009348,16.78,88,1008,Drizzle,pressure_drop
3462315,Guarulhos,1724095748,14.21,73,1012,Clouds,normal
3462315,Guarulhos,1724182148,8.72,63,1017,Clear,cold_snap
3462315,Guarulhos,1724268548,16.7,75,1009,Drizzle,normal
3462315,Guarulhos,1724354948,21.22,60,1018,Clouds,normal
3462315,Guarulhos,1724441348,20.02,49,1018,Clouds,normal
3462315,Guarulhos,1724527748,13.83,88,1012,Thunderstorm,storm_event
3462315,Guarulhos,1724614148,22.93,62,1008,Drizzle,pressure_drop
3462315,Guarulhos,1724700548,13.92,89,1017,Clear,normal
3462315,Guarulhos,1724786948,17.13,61,1008,Drizzle,pressure_drop
3462315,Guarulhos,1724873348,17.09,40,1017,Clouds,normal
3462315,Guarulhos,1724959748,16.51,57,1012,Clouds,normal
3462315,Guarulhos,1725046148,13.25,71,1022,Clear,normal
3462315,Guarulhos,1725132548,12.27,54,1016,Clear,normal
3462315,Guarulhos,1725218948,17.75,73,1014,Clear,normal
3462315,Guarulhos,1725305348,20.64,84,1010,Clouds,normal
3462315,Guarulhos,1725391748,24.01,54,1015,Clouds,normal
3462315,Guarulhos,1725478148,20.82,80,1013,Clouds,normal
3462315,Guarulhos,1725564548,18.43,58,1021,Clouds,normal
3462315,Guarulhos,1725650948,18.75,63,1009,Clouds,normal
3462315,Guarulhos,1725737348,24.7,66,1021,Clear,normal
3462315,Guarulhos,1725823748,21.19,77,1009,Clouds,normal
3462315,Guarulhos,1725910148,21.15,92,1015,Drizzle,normal
3462315,Guarulhos,1725996548,25.19,50,1008,Clouds,pressure_drop
3462315,Guarulhos,1726082948,19.0,70,1014,Clear,normal
3462315,Guarulhos,1726169348,22.13,71,1018,Clear,normal
3462315,Guarulhos,1726255748,20.15,93,1009,Rain,storm_event
3462315,Guarulhos,1726342148,24.4,66,1015,Clear,normal
3462315,Guarulhos,1726428548,13.4,63,1017,Rain,cold_snap
3462315,Guarulhos,1726514948,14.05,67,1017,Clear,cold_snap
3462315,Guarulhos,1726601348,21.22,72,1012,Rain,normal
3462315,Guarulhos,1726687748,23.55,86,1018,Clouds,normal
3462315,Guarulhos,1726774148,23.18,80,1009,Drizzle,normal
3462315,Guarulhos,1726860548,20.33,95,1013,Thunderstorm,storm_event
3462315,Guarulhos,1726946948,21.69,53,1009,Clear,normal
3462315,Guarulhos,1727033348,21.16,40,1013,Clear,normal
3462315,Guarulhos,1727119748,20.73,69,1011,Rain,normal
3462315,Guarulhos,1727206148,19.86,67,1014,Clouds,normal
3462315,Guarulhos,1727292548,19.34,82,1013,Clear,normal
3462315,Guarulhos,1727378948,21.17,69,1009,Clear,normal
3462315,Guarulhos,1727465348,23.46,74,1022,Clear,normal
3462315,Guarulhos,1727551748,24.93,92,1017,Clouds,normal
3462315,Guarulhos,1727638148,23.73,60,1015,Clouds,normal
3462315,Guarulhos,1727724548,22.28,58,1012,Clouds,normal
3462315,Guarulhos,1727810948,20.34,40,1011,Clear,normal
3462315,Guarulhos,1727897348,18.31,73,1016,Clouds,normal
3462315,Guarulhos,1727983748,22.76,92,1014,Rain,normal
3462315,Guarulhos,1728070148,23.22,72,1019,Clear,normal
3462315,Guarulhos,1728156548,19.92,62,1019,Clouds,normal
3462315,Guarulhos,1728242948,16.76,88,1012,Clouds,normal
3462315,Guarulhos,1728329348,20.07,62,1010,Clear,normal
3462315,Guarulhos,1728415748,22.56,82,1014,Clouds,normal
3462315,Guarulhos,1728502148,20.63,92,1009,Rain,normal
3462315,Guarulhos,1728588548,17.75,62,1015,Clear,normal
3462315,Guarulhos,1728674948,20.89,76,1015,Clear,normal
3462315,Guarulhos,1728761348,20.26,76,1009,Rain,normal
3462315,Guarulhos,1728847748,24.15,81,1019,Rain,normal
3462315,Guarulhos,1728934148,17.33,56,1019,Clouds,normal
3462315,Guarulhos,1729020548,17.58,59,1015,Clear,normal
3462315,Guarulhos,1729106948,15.92,42,1017,Clouds,normal
3462315,Guarulhos,1729193348,19.49,79,1014,Rain,normal
3462315,Guarulhos,1729279748,23.01,78,1012,Rain,normal
3462315,Guarulhos,1729366148,25.39,92,1017,Rain,normal
3462315,Guarulhos,1729452548,20.07,64,1012,Clouds,normal
3462315,Guarulhos,1729538948,19.09,98,1016,Rain,extreme_humidity
3462315,Guarulhos,1729625348,22.67,46,1015,Clear,normal
3462315,Guarulhos,1729711748,22.41,57,1009,Clouds,normal
3462315,Guarulhos,1729798148,20.55,67,1020,Clear,normal
3462315,Guarulhos,1729884548,20.93,66,1019,Clouds,normal
3462315,Guarulhos,1729970948,20.33,50,1020,Clouds,normal
3462315,Guarulhos,1730057348,18.78,78,1014,Rain,normal
3462315,Guarulhos,1730143748,18.93,72,1014,Clouds,normal
3462315,Guarulhos,1730230148,17.07,74,1012,Rain,normal
3462315,Guarulhos,1730316548,22.75,77,1017,Clear,normal
3462315,Guarulhos,1730402948,19.17,51,1013,Clouds,normal
3462315,Guarulhos,1730489348,18.57,62,1013,Clear,normal
3462315,Guarulhos,1730575748,22.78,54,1013,Clouds,normal
3462315,Guarulhos,1730662148,21.74,80,1015,Clear,normal
3462315,Guarulhos,1730748548,23.44,40,1022,Clouds,normal
3462315,Guarulhos,1730834948,15.71,59,1014,Clear,normal
3462315,Guarulhos,1730921348,19.53,72,1015,Clouds,normal
3462315,Guarulhos,1731007748,20.18,67,1012,Clouds,normal
3462315,Guarulhos,1731094148,25.61,36,1015,Clear,drought
3462315,Guarulhos,1731180548,22.06,85,1018,Clear,normal
3462315,Guarulhos,1731266948,17.0,55,1015,Clear,normal
3462315,Guarulhos,1731353348,22.78,45,1020,Clear,normal
3462315,Guarulhos,1731439748,19.98,66,1012,Clear,normal
3462315,Guarulhos,1731526148,19.32,45,1015,Clear,normal
3462315,Guarulhos,1731612548,19.77,74,1014,Clouds,normal
3462315,Guarulhos,1731698948,17.15,83,1013,Clouds,normal
3462315,Guarulhos,1731785348,19.34,55,1018,Clear,normal
3462315,Guarulhos,1731871748,23.75,67,1013,Drizzle,normal
3462315,Guarulhos,1731958148,17.62,54,1017,Clouds,normal
3462315,Guarulhos,1732044548,20.51,82,1019,Clear,normal
3462315,Guarulhos,1732130948,16.96,77,1009,Rain,normal
3462315,Guarulhos,1732217348,25.43,40,1019,Clouds,normal
3462315,Guarulhos,1732303748,19.76,55,1016,Drizzle,normal
3462315,Guarulhos,1732390148,23.27,52,1013,Clouds,normal
3462315,Guarulhos,1732476548,24.49,49,1020,Clouds,normal
3462315,Guarulhos,1732562948,18.42,93,1009,Rain,storm_event
3462315,Guarulhos,1732649348,22.36,60,1015,Clear,normal
3462315,Guarulhos,1732735748,20.25,49,1018,Clear,normal
3462315,Guarulhos,1732822148,21.91,54,1012,Clear,normal
3462315,Guarulhos,1732908548,24.68,73,1015,Clouds,normal
3462315,Guarulhos,1732994948,24.25,55,1014,Clear,normal
3462315,Guarulhos,1733081348,24.96,92,1011,Clouds,normal
3462315,Guarulhos,1733167748,30.67,69,1015,Clouds,normal
3462315,Guarulhos,1733254148,28.31,57,1015,Clouds,normal
3462315,Guarulhos,1733340548,29.72,85,1015,Clouds,normal
3462315,Guarulhos,1733426948,29.66,63,1012,Clear,normal
3462315,Guarulhos,1733513348,23.18,47,1013,Clouds,normal
3462315,Guarulhos,1733599748,23.99,73,1013,Clear,normal
3462315,Guarulhos,1733686148,23.61,92,1013,Drizzle,normal
3462315,Guarulhos,1733772548,16.57,57,1021,Clear,cold_snap
3462315,Guarulhos,1733858948,26.92,78,1014,Clouds,normal
3462315,Guarulhos,1733945348,27.99,62,1008,Clouds,pressure_drop
3462315,Guarulhos,1734031748,26.14,61,1016,Clouds,normal
3462315,Guarulhos,1734118148,25.84,69,1014,Clear,normal
3462315,Guarulhos,1734204548,25.5,65,1012,Drizzle,normal
3462315,Guarulhos,1734290948,28.25,80,1017,Drizzle,normal
3462315,Guarulhos,1734377348,23.92,60,1014,Rain,normal
3462315,Guarulhos,1734463748,21.72,74,1015,Clear,normal
3462315,Guarulhos,1734550148,17.35,75,1018,Clouds,cold_snap
3462315,Guarulhos,1734636548,22.75,98,1012,Thunderstorm,storm_event
3462315,Guarulhos,1734722948,26.98,64,1009,Clouds,normal
3462315,Guarulhos,1734809348,28.75,92,1015,Clouds,normal
3462315,Guarulhos,1734895748,23.86,68,1012,Clear,normal
3462315,Guarulhos,1734982148,30.67,75,1015,Clear,normal
3462315,Guarulhos,1735068548,29.69,69,1014,Clouds,normal
3462315,Guarulhos,1735154948,19.85,89,1013,Thunderstorm,storm_event
3462315,Guarulhos,1735241348,28.33,67,1019,Clear,normal
3462315,Guarulhos,1735327748,24.7,51,1018,Clear,normal
3462315,Guarulhos,1735414148,23.66,76,1013,Rain,normal
3462315,Guarulhos,1735500548,27.46,63,1015,Clear,normal
3462315,Guarulhos,1735586948,23.82,97,1011,Rain,extreme_humidity
3462315,Guarulhos,1735673348,28.05,53,1014,Clear,normal
3462315,Guarulhos,1735759748,28.15,65,1011,Clear,normal
3462315,Guarulhos,1735846148,22.11,66,1008,Rain,pressure_drop
3462315,Guarulhos,1735932548,22.85,98,1018,Drizzle,extreme_humidity
3462315,Guarulhos,1736018948,22.11,96,1009,Rain,storm_event
3462315,Guarulhos,1736105348,25.92,67,1022,Clear,normal
3462315,Guarulhos,1736191748,24.36,76,1022,Clouds,normal
3462315,Guarulhos,1736278148,23.74,63,1013,Clear,normal
3462315,Guarulhos,1736364548,22.6,87,1009,Clear,normal
3462315,Guarulhos,1736450948,28.41,66,1011,Clear,normal
3462315,Guarulhos,1736537348,25.26,55,1015,Clouds,normal
3462315,Guarulhos,1736623748,26.18,83,1008,Clear,pressure_drop
3462315,Guarulhos,1736710148,29.39,67,1010,Rain,normal
3462315,Guarulhos,1736796548,25.6,54,1009,Clouds,normal
3462315,Guarulhos,1736882948,26.71,81,1019,Rain,normal
3462315,Guarulhos,1736969348,29.24,84,1019,Rain,normal
3462315,Guarulhos,1737055748,27.57,63,1014,Clouds,normal
3462315,Guarulhos,1737142148,27.36,56,1014,Clear,normal
3462315,Guarulhos,1737228548,30.08,63,1016,Clouds,normal
3462315,Guarulhos,1737314948,30.29,75,1008,Clear,pressure_drop
3462315,Guarulhos,1737401348,30.46,90,1014,Drizzle,normal
3462315,Guarulhos,1737487748,25.11,87,1009,Clouds,normal
3462315,Guarulhos,1737574148,27.14,92,1009,Clouds,normal
3462315,Guarulhos,1737660548,24.44,63,1008,Rain,pressure_drop
3462315,Guarulhos,1737746948,23.14,77,1009,Rain,normal
3462315,Guarulhos,1737833348,22.83,58,1016,Clear,normal
3462315,Guarulhos,1737919748,25.91,76,1018,Clouds,normal
3462315,Guarulhos,1738006148,23.24,67,1016,Clouds,normal
3462315,Guarulhos,1738092548,24.05,63,1012,Clouds,normal
3462315,Guarulhos,1738178948,21.86,43,1013,Clear,normal
3462315,Guarulhos,1738265348,18.44,53,1016,Clouds,cold_snap
3462315,Guarulhos,1738351748,26.2,70,1019,Rain,normal
3462315,Guarulhos,1738438148,25.44,98,1014,Rain,extreme_humidity
3462315,Guarulhos,1738524548,24.58,77,1015,Clouds,normal
3462315,Guarulhos,1738610948,26.79,62,1017,Clear,normal
3462315,Guarulhos,1738697348,30.89,67,1013,Clouds,normal
3462315,Guarulhos,1738783748,22.89,74,1012,Clouds,normal
3462315,Guarulhos,1738870148,22.66,68,1019,Clear,normal
3462315,Guarulhos,1738956548,31.43,60,1015,Clouds,normal
3462315,Guarulhos,1739042948,28.25,70,1018,Clear,normal
3462315,Guarulhos,1739129348,31.11,74,1022,Clear,normal
3462315,Guarulhos,1739215748,21.25,92,1013,Clear,normal
3462315,Guarulhos,1739302148,26.31,82,1012,Clouds,normal
3462315,Guarulhos,1739388548,25.54,89,1016,Clear,normal
3462315,Guarulhos,1739474948,21.06,76,1013,Rain,normal
3462315,Guarulhos,1739561348,25.23,67,1019,Clouds,normal
3462315,Guarulhos,1739647748,27.87,72,1009,Rain,normal
3462315,Guarulhos,1739734148,25.77,86,1008,Clear,pressure_drop
3462315,Guarulhos,1739820548,28.64,65,1012,Clear,normal
3462315,Guarulhos,1739906948,28.56,66,1011,Clear,normal
3462315,Guarulhos,1739993348,28.54,58,1016,Clear,normal
3462315,Guarulhos,1740079748,22.53,98,1014,Rain,extreme_humidity
3462315,Guarulhos,1740166148,27.29,84,1010,Clouds,normal
3462315,Guarulhos,1740252548,29.09,69,1011,Rain,normal
3462315,Guarulhos,1740338948,28.18,80,1008,Rain,pressure_drop
3462315,Guarulhos,1740425348,28.98,92,1015,Rain,normal
3462315,Guarulhos,1740511748,21.33,98,1011,Thunderstorm,storm_event
3462315,Guarulhos,1740598148,27.92,69,1009,Clouds,normal
3462315,Guarulhos,1740684548,26.08,74,1013,Clear,normal
3462315,Guarulhos,1740770948,24.11,58,1015,Clear,normal
3462315,Guarulhos,1740857348,25.59,56,1014,Clouds,normal
3462315,Guarulhos,1740943748,24.13,62,1020,Rain,normal
3462315,Guarulhos,1741030148,23.77,84,1012,Rain,normal
3462315,Guarulhos,1741116548,27.51,77,1017,Clear,normal
3462315,Guarulhos,1741202948,27.63,81,1016,Clear,normal
3462315,Guarulhos,1741289348,28.23,65,1016,Clouds,normal
3462315,Guarulhos,1741375748,23.66,89,1013,Thunderstorm,storm_event
3462315,Guarulhos,1741462148,31.95,36,1017,Clear,drought
3462315,Guarulhos,1741548548,26.5,41,1021,Clear,normal
3462315,Guarulhos,1741634948,25.87,69,1012,Rain,normal
3462315,Guarulhos,1741721348,27.2,60,1017,Clear,normal
3462315,Guarulhos,1741807748,31.1,36,1014,Clouds,drought
3462315,Guarulhos,1741894148,26.6,71,1013,Clear,normal
3462315,Guarulhos,1741980548,23.78,63,1013,Rain,normal
3462315,Guarulhos,1742066948,23.62,51,1019,Clouds,normal
3462315,Guarulhos,1742153348,25.6,46,1018,Clouds,normal
3462315,Guarulhos,1742239748,27.95,77,1015,Rain,normal
3462315,Guarulhos,1742326148,31.61,35,1013,Clear,drought
3462315,Guarulhos,1742412548,25.32,45,1016,Clear,normal
3462315,Guarulhos,1742498948,23.67,55,1009,Rain,normal
3462315,Guarulhos,1742585348,23.86,72,1015,Clear,normal
3462315,Guarulhos,1742671748,25.61,58,1014,Rain,normal
3462315,Guarulhos,1742758148,26.93,90,1012,Thunderstorm,storm_event
3462315,Guarulhos,1742844548,23.23,62,1015,Rain,normal
3462315,Guarulhos,1742930948,26.18,90,1014,Clear,normal
3462315,Guarulhos,1743017348,23.69,69,1009,Clouds,normal
3462315,Guarulhos,1743103748,27.26,42,1017,Clouds,normal
3462315,Guarulhos,1743190148,24.81,47,1014,Clouds,normal
3462315,Guarulhos,1743276548,25.82,64,1014,Clear,normal
3462315,Guarulhos,1743362948,24.26,91,1010,Rain,normal
3462315,Guarulhos,1743449348,28.94,56,1017,Clouds,normal
3462315,Guarulhos,1743535748,19.01,74,1022,Clear,normal
3462315,Guarulhos,1743622148,22.15,75,1010,Clouds,normal
3462315,Guarulhos,1743708548,17.66,57,1022,Clouds,normal
3462315,Guarulhos,1743794948,18.44,92,1010,Drizzle,normal
3462315,Guarulhos,1743881348,20.67,43,1018,Clouds,normal
3462315,Guarulhos,1743967748,24.92,57,1020,Clear,normal
3462315,Guarulhos,1744054148,18.13,63,1017,Clear,normal
3462315,Guarulhos,1744140548,19.75,74,1008,Clear,pressure_drop
3462315,Guarulhos,1744226948,20.68,66,1016,Clear,normal
3462315,Guarulhos,1744313348,18.97,64,1015,Clear,normal
3462315,Guarulhos,1744399748,21.47,55,1011,Drizzle,normal
3462315,Guarulhos,1744486148,25.17,66,1016,Clear,normal
3462315,Guarulhos,1744572548,16.23,70,1008,Clouds,pressure_drop
3462315,Guarulhos,1744658948,17.88,74,1009,Rain,normal
3462315,Guarulhos,1744745348,22.9,84,1021,Clouds,normal
3462315,Guarulhos,1744831748,19.26,51,1020,Clear,normal
3462315,Guarulhos,1744918148,25.87,60,1022,Clear,normal
3462315,Guarulhos,1745004548,24.34,90,1012,Clear,normal
3462315,Guarulhos,1745090948,17.61,48,1018,Clouds,normal
3462315,Guarulhos,1745177348,20.69,73,1009,Clear,normal
3462315,Guarulhos,1745263748,11.77,67,1020,Rain,cold_snap
3462315,Guarulhos,1745350148,20.25,40,1016,Clear,normal
3462315,Guarulhos,1745436548,17.61,81,1013,Rain,normal
3462315,Guarulhos,1745522948,18.94,60,1014,Clear,normal
3462315,Guarulhos,1745609348,20.43,67,1014,Clear,normal
3462315,Guarulhos,1745695748,24.38,75,1018,Clear,normal
3462315,Guarulhos,1745782148,16.62,63,1015,Drizzle,normal
3462315,Guarulhos,1745868548,15.23,55,1012,Drizzle,normal
3462315,Guarulhos,1745954948,11.21,55,1021,Clouds,cold_snap
3462315,Guarulhos,1746041348,22.52,68,1010,Clear,normal
3462315,Guarulhos,1746127748,18.48,66,1014,Clear,normal
3462315,Guarulhos,1746214148,18.19,73,1018,Drizzle,normal
3462315,Guarulhos,1746300548,21.8,71,1022,Clouds,normal
3462315,Guarulhos,1746386948,19.34,92,1016,Drizzle,normal
3462315,Guarulhos,1746473348,16.78,71,1019,Clouds,normal
3462315,Guarulhos,1746559748,17.19,94,1010,Thunderstorm,storm_event
3462315,Guarulhos,1746646148,21.14,57,1016,Clouds,normal
3462315,Guarulhos,1746732548,22.32,75,1015,Rain,normal
3462315,Guarulhos,1746818948,17.92,75,1016,Clouds,normal
3462315,Guarulhos,1746905348,24.53,58,1021,Clouds,normal
3462315,Guarulhos,1746991748,23.74,54,1010,Clear,normal
3462315,Guarulhos,1747078148,22.04,67,1017,Rain,normal
3462315,Guarulhos,1747164548,23.14,52,1016,Clouds,normal
3462315,Guarulhos,1747250948,22.31,86,1020,Clear,normal
3462315,Guarulhos,1747337348,18.09,50,1008,Rain,pressure_drop
3462315,Guarulhos,1747423748,17.64,63,1018,Clear,normal
3462315,Guarulhos,1747510148,20.23,59,1017,Clear,normal
3462315,Guarulhos,1747596548,21.34,92,1014,Drizzle,normal
3462315,Guarulhos,1747682948,22.93,69,1016,Drizzle,normal
3462315,Guarulhos,1747769348,22.26,73,1015,Clouds,normal
3462315,Guarulhos,1747855748,24.99,77,1013,Clear,normal
3462315,Guarulhos,1747942148,16.78,60,1020,Clouds,normal
3462315,Guarulhos,1748028548,22.06,55,1014,Rain,normal
3462315,Guarulhos,1748114948,24.3,79,1014,Rain,normal
3462315,Guarulhos,1748201348,16.85,67,1019,Rain,normal
3462315,Guarulhos,1748287748,20.39,43,1020,Clouds,normal
3462315,Guarulhos,1748374148,20.28,67,1017,Clear,normal
3462315,Guarulhos,1748460548,16.88,62,1014,Rain,normal
3462315,Guarulhos,1748546948,18.53,72,1017,Clouds,normal
3462315,Guarulhos,1748633348,21.4,79,1016,Clear,normal
3462315,Guarulhos,1748719748,21.25,92,1013,Thunderstorm,storm_event
3462315,Guarulhos,1748806148,17.9,56,1020,Clear,normal
3462315,Guarulhos,1748892548,17.77,78,1020,Drizzle,normal
3462315,Guarulhos,1748978948,13.08,87,1016,Clear,normal
3462315,Guarulhos,1749065348,21.32,68,1011,Clear,normal
3462315,Guarulhos,1749151748,14.36,58,1014,Clouds,normal
3462315,Guarulhos,1749238148,13.34,87,1016,Clear,normal
3462315,Guarulhos,1749324548,18.59,71,1016,Clouds,normal
3462315,Guarulhos,1749410948,17.07,83,1018,Rain,normal
3462315,Guarulhos,1749497348,20.48,57,1016,Clear,normal
3462315,Guarulhos,1749583748,15.25,64,1012,Rain,normal
3462315,Guarulhos,1749670148,15.15,68,1019,Clear,normal
3462315,Guarulhos,1749756548,12.16,86,1011,Rain,normal
3462315,Guarulhos,1749842948,16.27,62,1015,Clouds,normal
3462315,Guarulhos,1749929348,20.05,68,1008,Drizzle,pressure_drop
3462315,Guarulhos,1750015748,18.37,55,1018,Rain,normal
3462315,Guarulhos,1750102148,14.36,46,1022,Clear,normal
3462315,Guarulhos,1750188548,19.54,65,1014,Clouds,normal
3462315,Guarulhos,1750274948,13.56,63,1012,Clouds,normal
3462315,Guarulhos,1750361348,19.0,67,1010,Clouds,normal
3462315,Guarulhos,1750447748,16.72,56,1018,Clouds,normal
3462315,Guarulhos,1750534148,13.89,91,1015,Clear,normal
3462315,Guarulhos,1750620548,15.75,81,1013,Clear,normal
3462315,Guarulhos,1750706948,20.79,59,1008,Drizzle,pressure_drop
3462315,Guarulhos,1750793348,16.12,84,1018,Clear,normal
3462315,Guarulhos,1750879748,16.34,69,1012,Clear,normal
3462315,Guarulhos,1750966148,17.49,40,1014,Clouds,normal
3462315,Guarulhos,1751052548,19.25,40,1014,Clouds,normal
3462315,Guarulhos,1751138948,19.09,63,1021,Clear,normal
3462315,Guarulhos,1751225348,15.74,67,1014,Clear,normal
3462315,Guarulhos,1751311748,13.49,51,1017,Clouds,normal
3462315,Guarulhos,1751398148,11.42,86,1014,Clouds,normal
3462315,Guarulhos,1751484548,11.42,44,1015,Clear,normal
3462315,Guarulhos,1751570948,18.47,58,1011,Clear,normal
3462315,Guarulhos,1751657348,16.79,70,1012,Clouds,normal
3462315,Guarulhos,1751743748,14.95,53,1013,Clouds,normal
3462315,Guarulhos,1751830148,14.25,69,1008,Clouds,pressure_drop
3462315,Guarulhos,1751916548,17.74,96,1013,Thunderstorm,storm_event
3462315,Guarulhos,1752002948,16.79,62,1008,Rain,pressure_drop
3462315,Guarulhos,1752089348,21.96,47,1014,Clear,normal
3462315,Guarulhos,1752175748,15.56,55,1014,Clear,normal
3462315,Guarulhos,1752262148,16.36,40,1012,Clear,normal
3462315,Guarulhos,1752348548,17.38,74,1016,Clouds,normal
3462315,Guarulhos,1752434948,17.39,59,1011,Clouds,normal
3462315,Guarulhos,1752521348,18.09,92,1011,Thunderstorm,storm_event
3462315,Guarulhos,1752607748,14.64,95,1009,Rain,storm_event
3462315,Guarulhos,1752694148,11.42,62,1015,Clouds,normal
3462315,Guarulhos,1752780548,21.63,49,1013,Clear,normal
3462315,Guarulhos,1752866948,15.11,81,1020,Clouds,normal
3462315,Guarulhos,1752953348,14.66,55,1017,Rain,normal
3462315,Guarulhos,1753039748,12.77,47,1016,Clear,normal
3462315,Guarulhos,1753126148,11.42,71,1021,Rain,normal
3462315,Guarulhos,1753212548,18.52,50,1014,Clear,normal
3462315,Guarulhos,1753298948,14.02,52,1020,Clear,normal
3462315,Guarulhos,1753385348,19.72,60,1015,Clouds,normal
3462315,Guarulhos,1753471748,15.01,75,1009,Clear,normal
3462315,Guarulhos,1753558148,8.04,58,1020,Clear,cold_snap
3462315,Guarulhos,1753644548,13.05,49,1013,Clear,normal
3462315,Guarulhos,1753730948,20.35,69,1009,Clear,normal
3462315,Guarulhos,1753817348,17.57,76,1015,Rain,normal
3462315,Guarulhos,1753903748,11.42,81,1010,Rain,normal
3462315,Guarulhos,1753990148,16.56,92,1008,Clouds,pressure_drop
3462315,Guarulhos,1754076548,12.45,67,1015,Clouds,normal
3462315,Guarulhos,1754162948,15.09,59,1018,Clouds,normal
3462315,Guarulhos,1754249348,13.43,92,1011,Clouds,normal
3462315,Guarulhos,1754335748,17.65,74,1008,Clouds,pressure_drop
3462315,Guarulhos,1754422148,16.13,68,1009,Rain,normal
3462315,Guarulhos,1754508548,18.42,65,1011,Rain,normal
3462315,Guarulhos,1754594948,8.72,52,1020,Rain,cold_snap
3462315,Guarulhos,1754681348,12.88,97,1013,Thunderstorm,storm_event
3462315,Guarulhos,1754767748,13.77,97,1015,Clouds,extreme_humidity
3462315,Guarulhos,1754854148,16.25,55,1009,Rain,normal
3462315,Guarulhos,1754940548,17.82,75,1016,Rain,normal
3462315,Guarulhos,1755026948,13.82,75,1013,Clouds,normal
3462315,Guarulhos,1755113348,18.57,46,1016,Clear,normal
3462315,Guarulhos,1755199748,16.72,79,1015,Clouds,normal
3462315,Guarulhos,1755286148,13.57,63,1017,Clear,normal
3462315,Guarulhos,1755372548,20.04,56,1022,Clouds,normal
3462315,Guarulhos,1755458948,17.5,72,1019,Clouds,normal
3462315,Guarulhos,1755545348,12.84,83,1016,Clear,normal
3462315,Guarulhos,1755631748,9.36,35,1017,Clouds,cold_snap
3462315,Guarulhos,1755718148,19.36,79,1017,Clear,normal
3462315,Guarulhos,1755804548,12.3,73,1017,Clear,normal
3462315,Guarulhos,1755890948,22.15,40,1013,Clouds,normal
3462315,Guarulhos,1755977348,17.18,63,1014,Clouds,normal
3462315,Guarulhos,1756063748,13.45,46,1011,Clear,normal
3462315,Guarulhos,1756150148,13.08,62,1014,Clear,normal
3462315,Guarulhos,1756236548,19.23,62,1018,Clear,normal
3462315,Guarulhos,1756322948,16.6,54,1015,Clouds,normal
3462315,Guarulhos,1756409348,15.47,71,1012,Clouds,normal
3462315,Guarulhos,1756495748,14.98,77,1015,Clear,normal
3462315,Guarulhos,1756582148,13.3,40,1013,Clouds,normal
3462315,Guarulhos,1756668548,12.63,86,1012,Rain,normal
3462315,Guarulhos,1756754948,19.77,91,1012,Clear,normal
3462315,Guarulhos,1756841348,23.28,65,1022,Clear,normal
3462315,Guarulhos,1756927748,23.41,83,1013,Clouds,normal
3462315,Guarulhos,1757014148,24.55,39,1010,Clear,drought
3462315,Guarulhos,1757100548,16.55,76,1014,Clear,normal
3462315,Guarulhos,1757186948,17.01,52,1013,Clear,normal
3462315,Guarulhos,1757273348,21.57,76,1022,Clear,normal
3462315,Guarulhos,1757359748,24.09,56,1009,Clear,normal
3462315,Guarulhos,1757446148,15.47,93,1009,Rain,storm_event
3462315,Guarulhos,1757532548,25.65,60,1009,Clear,normal
3462315,Guarulhos,1757618948,19.44,83,1012,Clouds,normal
3462315,Guarulhos,1757705348,22.15,76,1017,Clear,normal
3462315,Guarulhos,1757791748,22.61,78,1015,Clouds,normal
3462315,Guarulhos,1757878148,17.63,76,1015,Clear,normal
3462315,Guarulhos,1757964548,24.5,47,1020,Clear,normal
3462315,Guarulhos,1758050948,22.08,62,1009,Clouds,normal
3462315,Guarulhos,1758137348,22.12,77,1014,Clouds,normal
3462315,Guarulhos,1758223748,17.39,92,1011,Clear,normal
3462315,Guarulhos,1758310148,18.92,65,1017,Clear,normal
3462315,Guarulhos,1758396548,25.29,69,1016,Clouds,normal
3462315,Guarulhos,1758482948,22.94,90,1014,Clouds,normal
3462315,Guarulhos,1758569348,23.2,86,1009,Rain,normal
3462315,Guarulhos,1758655748,19.62,93,1012,Thunderstorm,storm_event
3462315,Guarulhos,1758742148,20.99,72,1008,Clouds,pressure_drop
3462315,Guarulhos,1758828548,20.54,98,1012,Rain,extreme_humidity
3462315,Guarulhos,1758914948,22.07,47,1013,Clouds,normal
3462315,Guarulhos,1759001348,26.0,55,1014,Rain,normal
3462315,Guarulhos,1759087748,24.39,85,1013,Clear,normal
3462315,Guarulhos,1759174148,16.58,69,1012,Clear,normal
3462315,Guarulhos,1759260548,20.1,92,1008,Thunderstorm,storm_event
3462315,Guarulhos,1759346948,17.37,54,1019,Clouds,normal
3462315,Guarulhos,1759433348,23.84,92,1011,Rain,normal
3462315,Guarulhos,1759519748,22.74,67,1011,Rain,normal
3462315,Guarulhos,1759606148,23.21,70,1016,Clouds,normal
3462315,Guarulhos,1759692548,21.54,75,1016,Clear,normal
3462315,Guarulhos,1759778948,16.28,69,1011,Rain,normal
3462315,Guarulhos,1759865348,19.42,68,1018,Clear,normal
3462315,Guarulhos,1759951748,19.29,72,1009,Clear,normal
3462315,Guarulhos,1760038148,21.76,97,1015,Clouds,extreme_humidity
3462315,Guarulhos,1760124548,21.3,75,1014,Clear,normal
3462315,Guarulhos,1760210948,18.99,86,1020,Clear,normal
3462315,Guarulhos,1760297348,19.6,52,1019,Clear,normal
3462315,Guarulhos,1760383748,21.61,71,1015,Rain,normal
3462315,Guarulhos,1760470148,26.27,92,1008,Clouds,pressure_drop
3462315,Guarulhos,1760556548,16.95,69,1022,Clouds,normal
3462315,Guarulhos,1760642948,20.55,92,1014,Rain,normal
3462315,Guarulhos,1760729348,18.02,85,1012,Clear,normal
3462315,Guarulhos,1760815748,19.58,98,1017,Clouds,extreme_humidity
3462315,Guarulhos,1760902148,21.96,60,1019,Clear,normal
3462315,Guarulhos,1760988548,23.53,77,1017,Clear,normal
3462315,Guarulhos,1761074948,17.18,57,1015,Clear,normal
3462315,Guarulhos,1761161348,18.83,91,1013,Thunderstorm,storm_event
3462315,Guarulhos,1761247748,22.44,98,1014,Clouds,extreme_humidity
3462315,Guarulhos,1761334148,22.65,89,1009,Rain,normal
3462315,Guarulhos,1761420548,22.71,59,1013,Clear,normal
3462315,Guarulhos,1761506948,19.44,75,1012,Clear,normal
3462315,Guarulhos,1761593348,22.77,70,1018,Clear,normal
3462315,Guarulhos,1761679748,18.55,87,1010,Clouds,normal
3462315,Guarulhos,1761766148,24.31,79,1013,Clear,normal
3462315,Guarulhos,1761852548,20.14,47,1012,Clear,normal
3462315,Guarulhos,1761938948,22.48,51,1017,Clear,normal
3462315,Guarulhos,1762025348,20.22,93,1009,Rain,storm_event
3462315,Guarulhos,1762111748,23.2,42,1015,Clouds,normal
3462315,Guarulhos,1762198148,19.99,79,1017,Rain,normal
3462315,Guarulhos,1762284548,16.79,93,1009,Rain,storm_event
3462315,Guarulhos,1762370948,20.12,40,1016,Clear,normal
3462315,Guarulhos,1762457348,19.12,83,1012,Clouds,normal
3462315,Guarulhos,1762543748,25.54,75,1016,Clear,normal
3462315,Guarulhos,1762630148,17.06,54,1014,Clear,normal
3462315,Guarulhos,1762716548,16.29,94,1013,Thunderstorm,storm_event
3462315,Guarulhos,1762802948,18.84,58,1015,Clouds,normal
3462315,Guarulhos,1762889348,21.24,40,1017,Clear,normal
3462315,Guarulhos,1762975748,20.3,43,1021,Clear,normal
3462315,Guarulhos,1763062148,22.36,63,1018,Clear,normal
3462315,Guarulhos,1763148548,22.1,52,1019,Clouds,normal
3462315,Guarulhos,1763234948,21.06,42,1013,Clouds,normal
3462315,Guarulhos,1763321348,21.59,55,1014,Rain,normal
3462315,Guarulhos,1763407748,19.7,44,1016,Clouds,normal
3462315,Guarulhos,1763494148,23.95,60,1015,Clear,normal
3462315,Guarulhos,1763580548,17.99,55,1017,Rain,normal
3462315,Guarulhos,1763666948,22.82,68,1012,Clouds,normal
3462315,Guarulhos,1763753348,26.45,52,1008,Rain,pressure_drop
3462315,Guarulhos,1763839748,19.52,68,1012,Clouds,normal
3462315,Guarulhos,1763926148,20.9,67,1016,Clouds,normal
3462315,Guarulhos,1764012548,20.83,66,1014,Drizzle,normal
3462315,Guarulhos,1764098948,26.25,36,1013,Clear,drought
3462315,Guarulhos,1764185348,21.67,81,1016,Clear,normal
3462315,Guarulhos,1764271748,21.22,44,1020,Clear,normal
3462315,Guarulhos,1764358148,18.87,58,1014,Clouds,normal
3462315,Guarulhos,1764444548,20.1,71,1016,Rain,normal
3462315,Guarulhos,1764530948,21.35,40,1017,Clouds,normal
3462315,Guarulhos,1764617348,25.49,69,1016,Clear,normal
3462315,Guarulhos,1764703748,24.85,96,1013,Thunderstorm,storm_event
3462315,Guarulhos,1764790148,26.47,92,1018,Clear,normal
3462315,Guarulhos,1764876548,24.19,54,1014,Clear,normal
3462315,Guarulhos,1764962948,26.31,84,1012,Rain,normal
3462315,Guarulhos,1765049348,27.25,80,1012,Clear,normal
3462315,Guarulhos,1765135748,27.67,93,1009,Rain,storm_event
3462315,Guarulhos,1765222148,23.86,71,1017,Clouds,normal
3462315,Guarulhos,1765308548,24.89,64,1014,Clear,normal
3462315,Guarulhos,1765394948,28.4,60,1017,Clouds,normal
3462315,Guarulhos,1765481348,16.61,70,1016,Clear,cold_snap
3462315,Guarulhos,1765567748,23.6,68,1011,Clear,normal
3462315,Guarulhos,1765654148,27.85,57,1013,Clouds,normal
3462315,Guarulhos,1765740548,26.53,55,1021,Rain,normal
3462315,Guarulhos,1765826948,19.59,84,1012,Drizzle,normal
3462315,Guarulhos,1765913348,25.98,70,1008,Clouds,pressure_drop
3462315,Guarulhos,1765999748,27.67,51,1022,Clear,normal
3462315,Guarulhos,1766086148,29.95,86,1015,Clear,normal
3462315,Guarulhos,1766172548,24.82,46,1020,Clear,normal
3462315,Guarulhos,1766258948,25.01,57,1011,Drizzle,normal
3462315,Guarulhos,1766345348,20.34,72,1013,Clouds,normal
3462315,Guarulhos,1766431748,25.81,63,1018,Clouds,normal
3462315,Guarulhos,1766518148,22.85,55,1009,Rain,normal
3462315,Guarulhos,1766604548,25.38,56,1014,Clear,normal
3462315,Guarulhos,1766690948,23.57,86,1012,Rain,normal
3462315,Guarulhos,1766777348,21.48,77,1008,Rain,pressure_drop
3462315,Guarulhos,1766863748,23.7,70,1020,Clear,normal
3462315,Guarulhos,1766950148,27.83,42,1014,Clear,normal
3462315,Guarulhos,1767036548,30.67,40,1015,Clear,normal
3462315,Guarulhos,1767122948,22.77,65,1017,Clear,normal
3462315,Guarulhos,1767209348,29.75,89,1018,Drizzle,normal
3462315,Guarulhos,1767295748,25.27,49,1016,Clouds,normal
3462315,Guarulhos,1767382148,24.16,73,1010,Clouds,normal
3462315,Guarulhos,1767468548,24.64,83,1013,Clear,normal
3462315,Guarulhos,1767554948,20.73,95,1012,Thunderstorm,storm_event
3462315,Guarulhos,1767641348,28.32,65,1017,Clouds,normal
3462315,Guarulhos,1767727748,23.91,53,1017,Clouds,normal
3462315,Guarulhos,1767814148,25.27,85,1008,Clouds,pressure_drop
3462315,Guarulhos,1767900548,26.87,70,1013,Clear,normal
3462315,Guarulhos,1767986948,25.66,88,1008,Rain,pressure_drop
3462315,Guarulhos,1768073348,25.94,68,1021,Clouds,normal
3462315,Guarulhos,1768159748,23.95,92,1010,Thunderstorm,storm_event
3462315,Guarulhos,1768246148,28.45,76,1008,Clouds,pressure_drop
3462315,Guarulhos,1768332548,23.08,80,1014,Clouds,normal
3462315,Guarulhos,1768418948,29.13,87,1015,Clear,normal
3462315,Guarulhos,1768505348,27.72,86,1017,Clear,normal
3462315,Guarulhos,1768591748,30.46,82,1012,Clouds,normal
3462315,Guarulhos,1768678148,27.07,76,1012,Rain,normal
3462315,Guarulhos,1768764548,21.42,93,1012,Thunderstorm,storm_event
3462315,Guarulhos,1768850948,25.2,85,1016,Rain,normal
3462315,Guarulhos,1768937348,25.86,74,1016,Clouds,normal
3462315,Guarulhos,1769023748,26.56,88,1015,Clouds,normal
3462315,Guarulhos,1769110148,26.33,92,1010,Clear,normal
3462315,Guarulhos,1769196548,25.27,79,1013,Rain,normal
3462315,Guarulhos,1769282948,28.98,74,1012,Rain,normal
3462315,Guarulhos,1769369348,26.51,92,1016,Clear,normal
3462315,Guarulhos,1769455748,24.8,62,1018,Clear,normal
3462315,Guarulhos,1769542148,29.5,78,1014,Clear,normal
3462315,Guarulhos,1769628548,23.96,45,1010,Clear,normal
3462315,Guarulhos,1769714948,25.1,45,1014,Clear,normal
3462315,Guarulhos,1769801348,22.93,61,1013,Clear,normal
3462315,Guarulhos,1769887748,28.11,55,1009,Drizzle,normal
3462315,Guarulhos,1769974148,27.36,58,1011,Clear,normal
3462315,Guarulhos,1770060548,25.02,89,1014,Clear,normal
3462315,Guarulhos,1770146948,26.3,96,1013,Thunderstorm,storm_event
3462315,Guarulhos,1770233348,28.26,70,1015,Clear,normal
3462315,Guarulhos,1770319748,24.65,71,1022,Clouds,normal
3462315,Guarulhos,1770406148,27.08,91,1010,Drizzle,normal
3462315,Guarulhos,1770492548,30.35,63,1013,Rain,normal
3462315,Guarulhos,1770578948,31.28,69,1016,Clear,normal
3462315,Guarulhos,1770665348,28.85,86,1011,Clear,normal
3462315,Guarulhos,1770751748,28.77,78,1010,Rain,normal
3462315,Guarulhos,1770838148,25.0,69,1010,Clouds,normal
3462315,Guarulhos,1770924548,31.81,38,1013,Clear,drought
3462315,Guarulhos,1771010948,27.5,40,1011,Clouds,normal
3462315,Guarulhos,1771097348,27.4,40,1015,Clouds,normal
3462315,Guarulhos,1771183748,20.0,95,1008,Drizzle,pressure_drop
3462315,Guarulhos,1771270148,23.51,60,1014,Rain,normal
3462315,Guarulhos,1771356548,24.26,76,1009,Clear,normal
3462315,Guarulhos,1771442948,23.96,67,1014,Clear,normal
3462315,Guarulhos,1771529348,25.76,75,1017,Drizzle,normal
3462315,Guarulhos,1771615748,27.35,88,1010,Rain,normal
3462315,Guarulhos,1771702148,23.19,92,1009,Rain,normal
3462315,Guarulhos,1771788548,31.43,67,1013,Rain,normal
3462315,Guarulhos,1771874948,25.33,72,1009,Rain,normal
3462315,Guarulhos,1771961348,29.11,92,1014,Rain,normal
3462315,Guarulhos,1772047748,28.36,58,1011,Clear,normal
3462315,Guarulhos,1772134148,30.11,69,1020,Clear,normal
3462315,Guarulhos,1772220548,23.99,86,1008,Clouds,pressure_drop
3462315,Guarulhos,1772306948,26.84,76,1016,Clouds,normal
3462315,Guarulhos,1772393348,31.56,81,1008,Drizzle,pressure_drop
3462315,Guarulhos,1772479748,21.43,70,1014,Clear,normal
3462315,Guarulhos,1772566148,27.49,60,1014,Rain,normal
3462315,Guarulhos,1772652548,26.15,43,1011,Clear,normal
3462315,Guarulhos,1772738948,23.22,40,1017,Clouds,normal
3462315,Guarulhos,1772825348,25.15,67,1016,Clouds,normal
3462315,Guarulhos,1772911748,27.61,40,1014,Clear,normal
3462315,Guarulhos,1772998148,25.04,63,1018,Clear,normal
3462315,Guarulhos,1773084548,22.79,85,1019,Clouds,normal
3462315,Guarulhos,1773170948,30.51,35,1017,Clear,drought
3462315,Guarulhos,1773257348,22.65,79,1016,Rain,normal
3462315,Guarulhos,1773343748,25.03,98,1019,Rain,extreme_humidity
3462315,Guarulhos,1773430148,22.76,53,1014,Clear,normal
3462315,Guarulhos,1773516548,23.68,68,1014,Rain,normal
3462315,Guarulhos,1773602948,27.7,92,1013,Rain,normal
3462315,Guarulhos,1773689348,22.56,43,1015,Clouds,normal
3462315,Guarulhos,1773775748,24.57,58,1008,Clouds,pressure_drop
3462315,Guarulhos,1773862148,27.53,55,1014,Clouds,normal
3462315,Guarulhos,1773948548,24.63,80,1016,Clear,normal
3462315,Guarulhos,1774034948,29.21,66,1019,Rain,normal
3462315,Guarulhos,1774121348,32.41,50,1008,Clouds,pressure_drop
3462315,Guarulhos,1774207748,25.26,91,1018,Rain,normal
3462315,Guarulhos,1774294148,22.83,98,1016,Clouds,extreme_humidity
3462315,Guarulhos,1774380548,28.87,35,1015,Clouds,drought
3462315,Guarulhos,1774466948,23.88,74,1020,Clouds,normal
3462315,Guarulhos,1774553348,27.48,69,1015,Clear,normal
3462315,Guarulhos,1774639748,22.78,50,1009,Clouds,normal
3462315,Guarulhos,1774726148,20.54,88,1008,Thunderstorm,storm_event
3462315,Guarulhos,1774812548,26.07,92,1013,Clear,normal
3462315,Guarulhos,1774898948,24.86,68,1016,Rain,normal
3462315,Guarulhos,1774985348,29.67,63,1019,Clear,normal
3462315,Guarulhos,1775071748,24.54,79,1015,Rain,normal
3462315,Guarulhos,1775158148,18.97,70,1008,Rain,pressure_drop
3462315,Guarulhos,1775244548,19.97,44,1009,Clouds,normal
3462315,Guarulhos,1775330948,22.3,49,1017,Clear,normal
3462315,Guarulhos,1775417348,20.36,72,1016,Clear,normal
3462315,Guarulhos,1775503748,19.63,72,1022,Clear,normal
3462315,Guarulhos,1775590148,16.67,60,1010,Clear,normal
3462315,Guarulhos,1775676548,21.79,85,1008,Clouds,pressure_drop
3462315,Guarulhos,1775762948,24.47,83,1020,Clouds,normal
3462315,Guarulhos,1775849348,19.55,88,1019,Drizzle,normal
3462315,Guarulhos,1775935748,23.76,89,1013,Clear,normal
3462315,Guarulhos,1776022148,21.54,83,1011,Rain,normal
3462315,Guarulhos,1776108548,22.05,91,1014,Clouds,normal
3462315,Guarulhos,1776194948,16.98,63,1010,Clear,normal
3462315,Guarulhos,1776281348,21.74,62,1015,Clear,normal
3462315,Guarulhos,1776367748,17.32,68,1018,Clear,normal
3462315,Guarulhos,1776454148,22.49,42,1015,Clear,normal
3462315,Guarulhos,1776540548,17.08,98,1009,Clouds,extreme_humidity
3462315,Guarulhos,1776626948,19.37,44,1018,Clear,normal
3462315,Guarulhos,1776713348,17.6,68,1018,Drizzle,normal
3462315,Guarulhos,1776799748,20.11,55,1014,Drizzle,normal
3462315,Guarulhos,1776886148,21.86,49,1014,Clear,normal
3462315,Guarulhos,1776972548,16.52,49,1019,Clouds,normal
3462315,Guarulhos,1777058948,17.19,87,1017,Clouds,normal
3462315,Guarulhos,1777145348,22.52,95,1013,Thunderstorm,storm_event
3462315,Guarulhos,1777231748,23.08,58,1014,Clear,normal
3462315,Guarulhos,1777318148,24.7,40,1018,Clear,normal
3462315,Guarulhos,1777404548,13.05,64,1016,Clouds,cold_snap
3462315,Guarulhos,1777490948,18.28,58,1015,Clear,normal
3462315,Guarulhos,1777577348,25.01,73,1022,Clear,normal
3462315,Guarulhos,1777663748,20.3,92,1015,Clouds,normal
3462315,Guarulhos,1777750148,23.66,50,1019,Clouds,normal
3462315,Guarulhos,1777836548,25.11,81,1021,Clouds,normal
3462315,Guarulhos,1777922948,19.46,92,1012,Clouds,normal
3462315,Guarulhos,1778009348,23.25,91,1017,Clouds,normal
3462315,Guarulhos,1778095748,16.78,61,1011,Clouds,normal
3462315,Guarulhos,1778182148,17.65,50,1018,Clouds,normal
3462315,Guarulhos,1778268548,23.26,76,1016,Clear,normal
3462315,Guarulhos,1778354948,23.25,77,1020,Clear,normal
3462315,Guarulhos,1778441348,18.65,78,1017,Clear,normal
3462315,Guarulhos,1778527748,20.97,58,1020,Clear,normal
3462315,Guarulhos,1778614148,19.12,63,1022,Clear,normal
3462315,Guarulhos,1778700548,17.4,87,1021,Clear,normal
3450083,São Bernardo do Campo,1715714948,13.96,63,1019,Clouds,normal
3450083,São Bernardo do Campo,1715801348,17.16,90,1009,Clear,normal
3450083,São Bernardo do Campo,1715887748,18.61,81,1020,Clouds,normal
3450083,São Bernardo do Campo,1715974148,15.63,77,1017,Clouds,normal
3450083,São Bernardo do Campo,1716060548,13.96,80,1014,Clouds,normal
3450083,São Bernardo do Campo,1716146948,19.28,76,1014,Rain,normal
3450083,São Bernardo do Campo,1716233348,23.15,59,1014,Clear,normal
3450083,São Bernardo do Campo,1716319748,16.34,75,1009,Rain,normal
3450083,São Bernardo do Campo,1716406148,16.37,89,1015,Clouds,normal
3450083,São Bernardo do Campo,1716492548,18.98,91,1013,Thunderstorm,storm_event
3450083,São Bernardo do Campo,1716578948,13.96,67,1016,Clear,normal
3450083,São Bernardo do Campo,1716665348,17.85,40,1011,Clouds,normal
3450083,São Bernardo do Campo,1716751748,13.96,58,1020,Clouds,normal
3450083,São Bernardo do Campo,1716838148,21.09,98,1009,Rain,extreme_humidity
3450083,São Bernardo do Campo,1716924548,24.53,66,1015,Clear,normal
3450083,São Bernardo do Campo,1717010948,15.37,71,1008,Clear,pressure_drop
3450083,São Bernardo do Campo,1717097348,11.37,96,1009,Rain,storm_event
3450083,São Bernardo do Campo,1717183748,14.56,87,1011,Clear,normal
3450083,São Bernardo do Campo,1717270148,18.88,87,1014,Clouds,normal
3450083,São Bernardo do Campo,1717356548,17.42,53,1012,Clouds,normal
3450083,São Bernardo do Campo,1717442948,23.49,71,1008,Clouds,pressure_drop
3450083,São Bernardo do Campo,1717529348,13.9,86,1008,Drizzle,pressure_drop
3450083,São Bernardo do Campo,1717615748,15.44,69,1017,Clear,normal
3450083,São Bernardo do Campo,1717702148,17.33,92,1020,Clear,normal
3450083,São Bernardo do Campo,1717788548,19.15,91,1009,Clear,normal
3450083,São Bernardo do Campo,1717874948,14.77,54,1016,Clouds,normal
3450083,São Bernardo do Campo,1717961348,14.37,55,1015,Clear,normal
3450083,São Bernardo do Campo,1718047748,19.38,92,1016,Clouds,normal
3450083,São Bernardo do Campo,1718134148,14.01,58,1011,Clear,normal
3450083,São Bernardo do Campo,1718220548,18.37,56,1022,Clear,normal
3450083,São Bernardo do Campo,1718306948,19.24,66,1008,Rain,pressure_drop
3450083,São Bernardo do Campo,1718393348,18.58,88,1008,Clear,pressure_drop
3450083,São Bernardo do Campo,1718479748,17.96,97,1016,Drizzle,extreme_humidity
3450083,São Bernardo do Campo,1718566148,13.08,49,1017,Clear,normal
3450083,São Bernardo do Campo,1718652548,18.47,80,1012,Clear,normal
3450083,São Bernardo do Campo,1718738948,14.56,55,1013,Clouds,normal
3450083,São Bernardo do Campo,1718825348,15.4,59,1013,Clear,normal
3450083,São Bernardo do Campo,1718911748,16.26,69,1012,Clouds,normal
3450083,São Bernardo do Campo,1718998148,12.99,40,1010,Clear,normal
3450083,São Bernardo do Campo,1719084548,19.93,40,1012,Clear,normal
3450083,São Bernardo do Campo,1719170948,16.59,80,1013,Clear,normal
3450083,São Bernardo do Campo,1719257348,20.88,75,1009,Rain,normal
3450083,São Bernardo do Campo,1719343748,18.85,75,1008,Drizzle,pressure_drop
3450083,São Bernardo do Campo,1719430148,17.68,61,1016,Clear,normal
3450083,São Bernardo do Campo,1719516548,18.44,58,1018,Clear,normal
3450083,São Bernardo do Campo,1719602948,13.95,40,1014,Clouds,normal
3450083,São Bernardo do Campo,1719689348,18.24,40,1012,Clouds,normal
3450083,São Bernardo do Campo,1719775748,15.67,91,1010,Thunderstorm,storm_event
3450083,São Bernardo do Campo,1719862148,18.83,80,1015,Clouds,normal
3450083,São Bernardo do Campo,1719948548,16.13,75,1011,Clear,normal
3450083,São Bernardo do Campo,1720034948,16.31,65,1011,Clouds,normal
3450083,São Bernardo do Campo,1720121348,18.64,80,1009,Clouds,normal
3450083,São Bernardo do Campo,1720207748,20.08,75,1013,Clouds,normal
3450083,São Bernardo do Campo,1720294148,17.51,70,1015,Clear,normal
3450083,São Bernardo do Campo,1720380548,14.53,80,1016,Drizzle,normal
3450083,São Bernardo do Campo,1720466948,21.6,58,1019,Clouds,normal
3450083,São Bernardo do Campo,1720553348,20.14,83,1014,Clear,normal
3450083,São Bernardo do Campo,1720639748,18.5,55,1014,Clouds,normal
3450083,São Bernardo do Campo,1720726148,19.67,65,1013,Rain,normal
3450083,São Bernardo do Campo,1720812548,22.11,83,1014,Rain,normal
3450083,São Bernardo do Campo,1720898948,19.88,44,1013,Clouds,normal
3450083,São Bernardo do Campo,1720985348,21.33,56,1012,Clouds,normal
3450083,São Bernardo do Campo,1721071748,15.71,63,1018,Clouds,normal
3450083,São Bernardo do Campo,1721158148,12.5,49,1015,Clouds,normal
3450083,São Bernardo do Campo,1721244548,16.54,48,1020,Clear,normal
3450083,São Bernardo do Campo,1721330948,14.59,70,1012,Clouds,normal
3450083,São Bernardo do Campo,1721417348,21.92,60,1014,Clouds,normal
3450083,São Bernardo do Campo,1721503748,20.24,40,1013,Clear,normal
3450083,São Bernardo do Campo,1721590148,15.61,78,1019,Clouds,normal
3450083,São Bernardo do Campo,1721676548,22.11,57,1019,Drizzle,normal
3450083,São Bernardo do Campo,1721762948,16.25,66,1016,Clear,normal
3450083,São Bernardo do Campo,1721849348,13.97,97,1009,Thunderstorm,storm_event
3450083,São Bernardo do Campo,1721935748,16.07,93,1009,Rain,storm_event
3450083,São Bernardo do Campo,1722022148,22.11,40,1016,Clear,normal
3450083,São Bernardo do Campo,1722108548,19.39,76,1014,Clear,normal
3450083,São Bernardo do Campo,1722194948,15.4,75,1009,Clouds,normal
3450083,São Bernardo do Campo,1722281348,17.24,60,1014,Clear,normal
3450083,São Bernardo do Campo,1722367748,22.11,97,1017,Rain,extreme_humidity
3450083,São Bernardo do Campo,1722454148,18.92,76,1012,Clear,normal
3450083,São Bernardo do Campo,1722540548,16.85,82,1010,Clouds,normal
3450083,São Bernardo do Campo,1722626948,18.49,70,1019,Clouds,normal
3450083,São Bernardo do Campo,1722713348,12.05,96,1008,Clear,pressure_drop
3450083,São Bernardo do Campo,1722799748,16.86,53,1015,Clouds,normal
3450083,São Bernardo do Campo,1722886148,14.3,72,1008,Clear,pressure_drop
3450083,São Bernardo do Campo,1722972548,16.19,86,1015,Clouds,normal
3450083,São Bernardo do Campo,1723058948,12.66,67,1011,Clear,normal
3450083,São Bernardo do Campo,1723145348,18.38,43,1019,Clouds,normal
3450083,São Bernardo do Campo,1723231748,16.9,54,1017,Clouds,normal
3450083,São Bernardo do Campo,1723318148,15.24,73,1010,Clear,normal
3450083,São Bernardo do Campo,1723404548,14.12,84,1015,Rain,normal
3450083,São Bernardo do Campo,1723490948,18.5,68,1012,Clear,normal
3450083,São Bernardo do Campo,1723577348,16.84,60,1015,Clear,normal
3450083,São Bernardo do Campo,1723663748,16.62,63,1011,Clouds,normal
3450083,São Bernardo do Campo,1723750148,14.94,54,1014,Clouds,normal
3450083,São Bernardo do Campo,1723836548,17.49,75,1012,Rain,normal
3450083,São Bernardo do Campo,1723922948,19.07,42,1011,Clear,normal
3450083,São Bernardo do Campo,1724009348,21.85,92,1017,Clouds,normal
3450083,São Bernardo do Campo,1724095748,12.21,72,1013,Clouds,normal
3450083,São Bernardo do Campo,1724182148,17.41,63,1018,Clear,normal
3450083,São Bernardo do Campo,1724268548,19.99,38,1014,Clear,drought
3450083,São Bernardo do Campo,1724354948,14.13,72,1014,Clouds,normal
3450083,São Bernardo do Campo,1724441348,15.8,67,1013,Clouds,normal
3450083,São Bernardo do Campo,1724527748,16.3,68,1020,Rain,normal
3450083,São Bernardo do Campo,1724614148,14.03,97,1013,Rain,extreme_humidity
3450083,São Bernardo do Campo,1724700548,13.6,98,1015,Rain,extreme_humidity
3450083,São Bernardo do Campo,1724786948,16.1,61,1022,Clear,normal
3450083,São Bernardo do Campo,1724873348,12.17,60,1014,Rain,normal
3450083,São Bernardo do Campo,1724959748,20.32,92,1015,Drizzle,normal
3450083,São Bernardo do Campo,1725046148,19.28,76,1013,Clouds,normal
3450083,São Bernardo do Campo,1725132548,17.48,93,1010,Thunderstorm,storm_event
3450083,São Bernardo do Campo,1725218948,22.99,71,1017,Clear,normal
3450083,São Bernardo do Campo,1725305348,23.54,80,1012,Rain,normal
3450083,São Bernardo do Campo,1725391748,20.37,92,1009,Rain,normal
3450083,São Bernardo do Campo,1725478148,21.73,92,1013,Clouds,normal
3450083,São Bernardo do Campo,1725564548,21.27,56,1019,Clear,normal
3450083,São Bernardo do Campo,1725650948,23.34,55,1009,Drizzle,normal
3450083,São Bernardo do Campo,1725737348,26.0,47,1013,Clouds,normal
3450083,São Bernardo do Campo,1725823748,17.12,98,1009,Rain,storm_event
3450083,São Bernardo do Campo,1725910148,20.72,65,1018,Clear,normal
3450083,São Bernardo do Campo,1725996548,20.07,61,1008,Clear,pressure_drop
3450083,São Bernardo do Campo,1726082948,23.63,52,1022,Clear,normal
3450083,São Bernardo do Campo,1726169348,21.3,65,1009,Rain,normal
3450083,São Bernardo do Campo,1726255748,20.05,54,1018,Clear,normal
3450083,São Bernardo do Campo,1726342148,18.57,62,1019,Clouds,normal
3450083,São Bernardo do Campo,1726428548,21.02,48,1013,Clouds,normal
3450083,São Bernardo do Campo,1726514948,25.35,75,1013,Clear,normal
3450083,São Bernardo do Campo,1726601348,18.78,55,1018,Clear,normal
3450083,São Bernardo do Campo,1726687748,27.1,85,1020,Clear,normal
3450083,São Bernardo do Campo,1726774148,20.02,90,1014,Rain,normal
3450083,São Bernardo do Campo,1726860548,22.13,78,1022,Rain,normal
3450083,São Bernardo do Campo,1726946948,20.75,48,1014,Clouds,normal
3450083,São Bernardo do Campo,1727033348,13.35,50,1020,Clouds,cold_snap
3450083,São Bernardo do Campo,1727119748,19.25,64,1012,Clear,normal
3450083,São Bernardo do Campo,1727206148,22.12,98,1014,Clouds,extreme_humidity
3450083,São Bernardo do Campo,1727292548,21.19,75,1014,Drizzle,normal
3450083,São Bernardo do Campo,1727378948,18.37,84,1010,Drizzle,normal
3450083,São Bernardo do Campo,1727465348,15.69,74,1011,Rain,normal
3450083,São Bernardo do Campo,1727551748,27.03,82,1013,Clear,normal
3450083,São Bernardo do Campo,1727638148,19.0,51,1022,Clear,normal
3450083,São Bernardo do Campo,1727724548,24.2,64,1016,Clear,normal
3450083,São Bernardo do Campo,1727810948,22.1,85,1008,Clouds,pressure_drop
3450083,São Bernardo do Campo,1727897348,23.51,97,1013,Clouds,extreme_humidity
3450083,São Bernardo do Campo,1727983748,15.51,73,1015,Clouds,normal
3450083,São Bernardo do Campo,1728070148,19.8,62,1011,Rain,normal
3450083,São Bernardo do Campo,1728156548,20.3,92,1011,Rain,normal
3450083,São Bernardo do Campo,1728242948,17.01,67,1009,Clouds,normal
3450083,São Bernardo do Campo,1728329348,20.33,50,1008,Clouds,pressure_drop
3450083,São Bernardo do Campo,1728415748,20.63,73,1022,Clear,normal
3450083,São Bernardo do Campo,1728502148,18.74,54,1015,Clouds,normal
3450083,São Bernardo do Campo,1728588548,19.34,84,1016,Drizzle,normal
3450083,São Bernardo do Campo,1728674948,19.62,73,1019,Clear,normal
3450083,São Bernardo do Campo,1728761348,19.61,57,1017,Clear,normal
3450083,São Bernardo do Campo,1728847748,12.82,53,1015,Clouds,cold_snap
3450083,São Bernardo do Campo,1728934148,20.44,83,1015,Clear,normal
3450083,São Bernardo do Campo,1729020548,20.22,40,1010,Clear,normal
3450083,São Bernardo do Campo,1729106948,24.33,65,1008,Rain,pressure_drop
3450083,São Bernardo do Campo,1729193348,20.26,56,1018,Clouds,normal
3450083,São Bernardo do Campo,1729279748,22.84,92,1013,Drizzle,normal
3450083,São Bernardo do Campo,1729366148,17.82,75,1009,Clouds,normal
3450083,São Bernardo do Campo,1729452548,21.26,80,1014,Clouds,normal
3450083,São Bernardo do Campo,1729538948,22.45,54,1012,Clear,normal
3450083,São Bernardo do Campo,1729625348,23.53,92,1011,Thunderstorm,storm_event
3450083,São Bernardo do Campo,1729711748,18.94,98,1009,Rain,extreme_humidity
3450083,São Bernardo do Campo,1729798148,22.88,90,1015,Rain,normal
3450083,São Bernardo do Campo,1729884548,24.21,79,1020,Clear,normal
3450083,São Bernardo do Campo,1729970948,17.11,81,1016,Rain,normal
3450083,São Bernardo do Campo,1730057348,26.43,73,1015,Clear,normal
3450083,São Bernardo do Campo,1730143748,21.87,55,1015,Clouds,normal
3450083,São Bernardo do Campo,1730230148,22.34,62,1018,Clear,normal
3450083,São Bernardo do Campo,1730316548,21.52,82,1021,Clouds,normal
3450083,São Bernardo do Campo,1730402948,25.87,66,1015,Clear,normal
3450083,São Bernardo do Campo,1730489348,20.43,57,1014,Clear,normal
3450083,São Bernardo do Campo,1730575748,21.81,69,1015,Clear,normal
3450083,São Bernardo do Campo,1730662148,23.2,39,1018,Clear,drought
3450083,São Bernardo do Campo,1730748548,17.5,59,1017,Rain,normal
3450083,São Bernardo do Campo,1730834948,24.64,92,1019,Clear,normal
3450083,São Bernardo do Campo,1730921348,25.31,40,1014,Clear,normal
3450083,São Bernardo do Campo,1731007748,19.56,88,1016,Clear,normal
3450083,São Bernardo do Campo,1731094148,19.72,61,1014,Clouds,normal
3450083,São Bernardo do Campo,1731180548,21.43,95,1009,Rain,storm_event
3450083,São Bernardo do Campo,1731266948,17.5,42,1016,Clouds,normal
3450083,São Bernardo do Campo,1731353348,23.72,60,1017,Clear,normal
3450083,São Bernardo do Campo,1731439748,16.77,97,1019,Rain,extreme_humidity
3450083,São Bernardo do Campo,1731526148,20.2,69,1020,Clear,normal
3450083,São Bernardo do Campo,1731612548,16.0,83,1009,Rain,normal
3450083,São Bernardo do Campo,1731698948,21.94,85,1018,Clear,normal
3450083,São Bernardo do Campo,1731785348,18.91,84,1012,Rain,normal
3450083,São Bernardo do Campo,1731871748,24.9,61,1021,Clear,normal
3450083,São Bernardo do Campo,1731958148,20.35,77,1017,Clear,normal
3450083,São Bernardo do Campo,1732044548,15.11,95,1009,Rain,storm_event
3450083,São Bernardo do Campo,1732130948,20.41,94,1009,Rain,storm_event
3450083,São Bernardo do Campo,1732217348,22.62,41,1016,Clouds,normal
3450083,São Bernardo do Campo,1732303748,20.57,90,1013,Clouds,normal
3450083,São Bernardo do Campo,1732390148,22.54,60,1009,Clear,normal
3450083,São Bernardo do Campo,1732476548,23.63,49,1022,Clouds,normal
3450083,São Bernardo do Campo,1732562948,20.66,50,1016,Clear,normal
3450083,São Bernardo do Campo,1732649348,26.93,51,1008,Clouds,pressure_drop
3450083,São Bernardo do Campo,1732735748,19.15,84,1022,Clouds,normal
3450083,São Bernardo do Campo,1732822148,20.99,55,1019,Rain,normal
3450083,São Bernardo do Campo,1732908548,20.43,84,1013,Rain,normal
3450083,São Bernardo do Campo,1732994948,12.5,47,1022,Rain,cold_snap
3450083,São Bernardo do Campo,1733081348,30.38,92,1016,Clear,normal
3450083,São Bernardo do Campo,1733167748,20.75,69,1018,Clear,normal
3450083,São Bernardo do Campo,1733254148,22.5,68,1009,Clear,normal
3450083,São Bernardo do Campo,1733340548,20.75,86,1018,Clear,normal
3450083,São Bernardo do Campo,1733426948,27.14,76,1015,Rain,normal
3450083,São Bernardo do Campo,1733513348,21.37,48,1014,Clear,normal
3450083,São Bernardo do Campo,1733599748,26.47,63,1021,Clouds,normal
3450083,São Bernardo do Campo,1733686148,26.4,79,1008,Drizzle,pressure_drop
3450083,São Bernardo do Campo,1733772548,27.22,84,1008,Clouds,pressure_drop
3450083,São Bernardo do Campo,1733858948,20.89,55,1014,Rain,normal
3450083,São Bernardo do Campo,1733945348,25.8,92,1009,Drizzle,normal
3450083,São Bernardo do Campo,1734031748,26.78,47,1015,Clouds,normal
3450083,São Bernardo do Campo,1734118148,24.73,83,1015,Clear,normal
3450083,São Bernardo do Campo,1734204548,21.75,50,1015,Clear,normal
3450083,São Bernardo do Campo,1734290948,26.92,79,1014,Clear,normal
3450083,São Bernardo do Campo,1734377348,22.89,66,1010,Clear,normal
3450083,São Bernardo do Campo,1734463748,25.98,82,1019,Rain,normal
3450083,São Bernardo do Campo,1734550148,21.95,66,1013,Clouds,normal
3450083,São Bernardo do Campo,1734636548,24.55,69,1013,Clear,normal
3450083,São Bernardo do Campo,1734722948,24.01,66,1014,Clear,normal
3450083,São Bernardo do Campo,1734809348,25.12,68,1009,Clouds,normal
3450083,São Bernardo do Campo,1734895748,23.89,81,1019,Clouds,normal
3450083,São Bernardo do Campo,1734982148,23.51,89,1012,Thunderstorm,storm_event
3450083,São Bernardo do Campo,1735068548,24.24,79,1016,Clear,normal
3450083,São Bernardo do Campo,1735154948,21.34,77,1012,Clear,normal
3450083,São Bernardo do Campo,1735241348,26.15,47,1015,Clear,normal
3450083,São Bernardo do Campo,1735327748,27.45,85,1009,Rain,normal
3450083,São Bernardo do Campo,1735414148,22.54,61,1015,Clear,normal
3450083,São Bernardo do Campo,1735500548,24.45,82,1009,Clear,normal
3450083,São Bernardo do Campo,1735586948,20.75,69,1019,Rain,normal
3450083,São Bernardo do Campo,1735673348,24.05,69,1016,Clear,normal
3450083,São Bernardo do Campo,1735759748,23.82,92,1011,Clear,normal
3450083,São Bernardo do Campo,1735846148,25.56,75,1013,Clear,normal
3450083,São Bernardo do Campo,1735932548,27.32,92,1014,Rain,normal
3450083,São Bernardo do Campo,1736018948,23.89,52,1016,Clear,normal
3450083,São Bernardo do Campo,1736105348,26.59,69,1010,Clear,normal
3450083,São Bernardo do Campo,1736191748,29.18,53,1014,Clouds,normal
3450083,São Bernardo do Campo,1736278148,23.45,74,1016,Clear,normal
3450083,São Bernardo do Campo,1736364548,22.62,47,1016,Clear,normal
3450083,São Bernardo do Campo,1736450948,30.97,92,1021,Clear,normal
3450083,São Bernardo do Campo,1736537348,27.21,83,1017,Clear,normal
3450083,São Bernardo do Campo,1736623748,29.31,71,1015,Clear,normal
3450083,São Bernardo do Campo,1736710148,27.43,73,1016,Rain,normal
3450083,São Bernardo do Campo,1736796548,25.38,82,1014,Clear,normal
3450083,São Bernardo do Campo,1736882948,27.21,59,1010,Clouds,normal
3450083,São Bernardo do Campo,1736969348,26.36,69,1009,Clouds,normal
3450083,São Bernardo do Campo,1737055748,23.84,93,1008,Clouds,pressure_drop
3450083,São Bernardo do Campo,1737142148,28.47,91,1008,Clouds,pressure_drop
3450083,São Bernardo do Campo,1737228548,19.95,92,1017,Clear,normal
3450083,São Bernardo do Campo,1737314948,23.19,55,1015,Rain,normal
3450083,São Bernardo do Campo,1737401348,28.71,70,1014,Clouds,normal
3450083,São Bernardo do Campo,1737487748,24.76,66,1018,Clouds,normal
3450083,São Bernardo do Campo,1737574148,28.73,68,1009,Clear,normal
3450083,São Bernardo do Campo,1737660548,24.23,97,1012,Clouds,extreme_humidity
3450083,São Bernardo do Campo,1737746948,22.43,52,1019,Clouds,normal
3450083,São Bernardo do Campo,1737833348,25.52,92,1017,Drizzle,normal
3450083,São Bernardo do Campo,1737919748,27.67,91,1016,Clouds,normal
3450083,São Bernardo do Campo,1738006148,23.95,81,1013,Clear,normal
3450083,São Bernardo do Campo,1738092548,25.33,72,1019,Clear,normal
3450083,São Bernardo do Campo,1738178948,26.04,84,1010,Clear,normal
3450083,São Bernardo do Campo,1738265348,27.98,72,1020,Clear,normal
3450083,São Bernardo do Campo,1738351748,20.5,82,1018,Clear,normal
3450083,São Bernardo do Campo,1738438148,26.89,77,1012,Clouds,normal
3450083,São Bernardo do Campo,1738524548,26.23,80,1011,Clear,normal
3450083,São Bernardo do Campo,1738610948,24.85,82,1012,Rain,normal
3450083,São Bernardo do Campo,1738697348,23.92,60,1010,Clear,normal
3450083,São Bernardo do Campo,1738783748,15.69,64,1019,Clouds,cold_snap
3450083,São Bernardo do Campo,1738870148,22.85,98,1009,Rain,extreme_humidity
3450083,São Bernardo do Campo,1738956548,23.4,49,1016,Clouds,normal
3450083,São Bernardo do Campo,1739042948,30.5,73,1022,Clouds,normal
3450083,São Bernardo do Campo,1739129348,20.46,82,1009,Clear,normal
3450083,São Bernardo do Campo,1739215748,27.27,63,1015,Clouds,normal
3450083,São Bernardo do Campo,1739302148,25.59,88,1012,Rain,normal
3450083,São Bernardo do Campo,1739388548,23.06,71,1016,Clouds,normal
3450083,São Bernardo do Campo,1739474948,19.69,72,1012,Clouds,normal
3450083,São Bernardo do Campo,1739561348,22.83,97,1011,Rain,extreme_humidity
3450083,São Bernardo do Campo,1739647748,31.56,77,1016,Clear,normal
3450083,São Bernardo do Campo,1739734148,20.08,46,1009,Clouds,normal
3450083,São Bernardo do Campo,1739820548,30.46,77,1015,Rain,normal
3450083,São Bernardo do Campo,1739906948,31.3,67,1013,Clouds,normal
3450083,São Bernardo do Campo,1739993348,29.99,64,1009,Clear,normal
3450083,São Bernardo do Campo,1740079748,21.58,74,1014,Rain,normal
3450083,São Bernardo do Campo,1740166148,25.87,82,1014,Clouds,normal
3450083,São Bernardo do Campo,1740252548,23.84,59,1009,Drizzle,normal
3450083,São Bernardo do Campo,1740338948,26.56,55,1014,Drizzle,normal
3450083,São Bernardo do Campo,1740425348,27.54,92,1012,Clear,normal
3450083,São Bernardo do Campo,1740511748,15.37,47,1017,Clouds,cold_snap
3450083,São Bernardo do Campo,1740598148,24.08,92,1017,Clouds,normal
3450083,São Bernardo do Campo,1740684548,22.45,64,1008,Drizzle,pressure_drop
3450083,São Bernardo do Campo,1740770948,20.44,43,1013,Clouds,normal
3450083,São Bernardo do Campo,1740857348,29.03,84,1017,Clear,normal
3450083,São Bernardo do Campo,1740943748,27.68,58,1009,Drizzle,normal
3450083,São Bernardo do Campo,1741030148,25.04,65,1016,Clouds,normal
3450083,São Bernardo do Campo,1741116548,28.41,37,1014,Clouds,drought
3450083,São Bernardo do Campo,1741202948,23.42,60,1022,Clear,normal
3450083,São Bernardo do Campo,1741289348,26.63,53,1018,Clouds,normal
3450083,São Bernardo do Campo,1741375748,27.6,67,1019,Clear,normal
3450083,São Bernardo do Campo,1741462148,26.11,76,1018,Rain,normal
3450083,São Bernardo do Campo,1741548548,25.08,40,1018,Clear,normal
3450083,São Bernardo do Campo,1741634948,23.72,49,1014,Clear,normal
3450083,São Bernardo do Campo,1741721348,25.37,58,1015,Clouds,normal
3450083,São Bernardo do Campo,1741807748,23.87,52,1019,Clear,normal
3450083,São Bernardo do Campo,1741894148,24.61,56,1016,Clear,normal
3450083,São Bernardo do Campo,1741980548,24.64,91,1013,Thunderstorm,storm_event
3450083,São Bernardo do Campo,1742066948,21.61,56,1018,Clouds,normal
3450083,São Bernardo do Campo,1742153348,31.19,35,1014,Clear,drought
3450083,São Bernardo do Campo,1742239748,23.98,84,1012,Rain,normal
3450083,São Bernardo do Campo,1742326148,20.67,92,1010,Thunderstorm,storm_event
3450083,São Bernardo do Campo,1742412548,28.43,55,1009,Clear,normal
3450083,São Bernardo do Campo,1742498948,22.78,68,1018,Rain,normal
3450083,São Bernardo do Campo,1742585348,18.98,50,1008,Drizzle,pressure_drop
3450083,São Bernardo do Campo,1742671748,26.36,68,1014,Clouds,normal
3450083,São Bernardo do Campo,1742758148,19.61,70,1016,Clouds,normal
3450083,São Bernardo do Campo,1742844548,25.27,49,1015,Clear,normal
3450083,São Bernardo do Campo,1742930948,26.58,64,1011,Clouds,normal
3450083,São Bernardo do Campo,1743017348,26.05,84,1015,Clear,normal
3450083,São Bernardo do Campo,1743103748,28.35,73,1009,Rain,normal
3450083,São Bernardo do Campo,1743190148,26.87,75,1014,Clear,normal
3450083,São Bernardo do Campo,1743276548,24.88,74,1016,Rain,normal
3450083,São Bernardo do Campo,1743362948,21.04,81,1010,Rain,normal
3450083,São Bernardo do Campo,1743449348,28.34,85,1016,Drizzle,normal
3450083,São Bernardo do Campo,1743535748,24.35,55,1011,Clouds,normal
3450083,São Bernardo do Campo,1743622148,21.46,44,1017,Clear,normal
3450083,São Bernardo do Campo,1743708548,23.44,73,1014,Clear,normal
3450083,São Bernardo do Campo,1743794948,19.98,59,1014,Clear,normal
3450083,São Bernardo do Campo,1743881348,10.66,75,1022,Rain,cold_snap
3450083,São Bernardo do Campo,1743967748,15.35,82,1015,Clear,normal
3450083,São Bernardo do Campo,1744054148,19.67,60,1020,Clear,normal
3450083,São Bernardo do Campo,1744140548,25.97,73,1015,Clouds,normal
3450083,São Bernardo do Campo,1744226948,23.54,78,1019,Clouds,normal
3450083,São Bernardo do Campo,1744313348,22.24,75,1014,Clear,normal
3450083,São Bernardo do Campo,1744399748,18.94,70,1017,Drizzle,normal
3450083,São Bernardo do Campo,1744486148,19.64,71,1019,Rain,normal
3450083,São Bernardo do Campo,1744572548,16.9,80,1015,Rain,normal
3450083,São Bernardo do Campo,1744658948,25.44,51,1013,Clear,normal
3450083,São Bernardo do Campo,1744745348,21.91,76,1017,Clouds,normal
3450083,São Bernardo do Campo,1744831748,20.48,79,1020,Clear,normal
3450083,São Bernardo do Campo,1744918148,17.67,86,1015,Clear,normal
3450083,São Bernardo do Campo,1745004548,21.08,79,1018,Clouds,normal
3450083,São Bernardo do Campo,1745090948,24.47,68,1014,Clouds,normal
3450083,São Bernardo do Campo,1745177348,23.03,65,1011,Clear,normal
3450083,São Bernardo do Campo,1745263748,20.04,90,1011,Clear,normal
3450083,São Bernardo do Campo,1745350148,19.3,51,1014,Clouds,normal
3450083,São Bernardo do Campo,1745436548,22.13,54,1009,Clear,normal
3450083,São Bernardo do Campo,1745522948,19.85,56,1015,Clouds,normal
3450083,São Bernardo do Campo,1745609348,21.34,81,1021,Clear,normal
3450083,São Bernardo do Campo,1745695748,18.96,53,1016,Clear,normal
3450083,São Bernardo do Campo,1745782148,27.31,67,1015,Clouds,normal
3450083,São Bernardo do Campo,1745868548,21.6,80,1013,Rain,normal
3450083,São Bernardo do Campo,1745954948,27.96,76,1017,Clouds,normal
3450083,São Bernardo do Campo,1746041348,24.72,45,1010,Clear,normal
3450083,São Bernardo do Campo,1746127748,25.93,92,1013,Clear,normal
3450083,São Bernardo do Campo,1746214148,14.71,65,1015,Clear,normal
3450083,São Bernardo do Campo,1746300548,22.85,61,1017,Clear,normal
3450083,São Bernardo do Campo,1746386948,21.66,57,1017,Clouds,normal
3450083,São Bernardo do Campo,1746473348,20.16,84,1009,Rain,normal
3450083,São Bernardo do Campo,1746559748,15.33,68,1013,Rain,normal
3450083,São Bernardo do Campo,1746646148,23.23,81,1012,Rain,normal
3450083,São Bernardo do Campo,1746732548,23.75,74,1009,Rain,normal
3450083,São Bernardo do Campo,1746818948,10.95,67,1017,Clear,cold_snap
3450083,São Bernardo do Campo,1746905348,23.22,48,1011,Clear,normal
3450083,São Bernardo do Campo,1746991748,20.31,73,1019,Clouds,normal
3450083,São Bernardo do Campo,1747078148,19.94,79,1012,Clouds,normal
3450083,São Bernardo do Campo,1747164548,17.8,52,1012,Clouds,normal
3450083,São Bernardo do Campo,1747250948,22.42,63,1008,Clear,pressure_drop
3450083,São Bernardo do Campo,1747337348,20.58,98,1010,Thunderstorm,storm_event
3450083,São Bernardo do Campo,1747423748,21.11,93,1009,Rain,storm_event
3450083,São Bernardo do Campo,1747510148,19.88,52,1016,Clear,normal
3450083,São Bernardo do Campo,1747596548,17.9,66,1008,Clouds,pressure_drop
3450083,São Bernardo do Campo,1747682948,10.95,73,1020,Clouds,cold_snap
3450083,São Bernardo do Campo,1747769348,18.33,80,1017,Clouds,normal
3450083,São Bernardo do Campo,1747855748,20.93,75,1016,Clouds,normal
3450083,São Bernardo do Campo,1747942148,19.12,69,1017,Clear,normal
3450083,São Bernardo do Campo,1748028548,20.93,69,1011,Rain,normal
3450083,São Bernardo do Campo,1748114948,18.21,88,1014,Rain,normal
3450083,São Bernardo do Campo,1748201348,17.43,50,1021,Clear,normal
3450083,São Bernardo do Campo,1748287748,23.53,92,1012,Drizzle,normal
3450083,São Bernardo do Campo,1748374148,10.95,57,1019,Rain,cold_snap
3450083,São Bernardo do Campo,1748460548,19.25,65,1008,Rain,pressure_drop
3450083,São Bernardo do Campo,1748546948,14.09,72,1014,Clear,normal
3450083,São Bernardo do Campo,1748633348,22.61,65,1008,Clouds,pressure_drop
3450083,São Bernardo do Campo,1748719748,20.72,93,1013,Thunderstorm,storm_event
3450083,São Bernardo do Campo,1748806148,15.88,71,1016,Clouds,normal
3450083,São Bernardo do Campo,1748892548,13.33,40,1015,Clear,normal
3450083,São Bernardo do Campo,1748978948,18.2,98,1014,Drizzle,extreme_humidity
3450083,São Bernardo do Campo,1749065348,18.17,46,1016,Clouds,normal
3450083,São Bernardo do Campo,1749151748,15.88,40,1015,Clear,normal
3450083,São Bernardo do Campo,1749238148,20.04,57,1021,Clouds,normal
3450083,São Bernardo do Campo,1749324548,17.58,86,1011,Clear,normal
3450083,São Bernardo do Campo,1749410948,16.24,52,1015,Clouds,normal
3450083,São Bernardo do Campo,1749497348,16.97,71,1014,Clouds,normal
3450083,São Bernardo do Campo,1749583748,20.89,36,1011,Clouds,drought
3450083,São Bernardo do Campo,1749670148,14.87,72,1015,Clouds,normal
3450083,São Bernardo do Campo,1749756548,16.43,56,1016,Rain,normal
3450083,São Bernardo do Campo,1749842948,13.38,54,1018,Clear,normal
3450083,São Bernardo do Campo,1749929348,19.28,40,1012,Clear,normal
3450083,São Bernardo do Campo,1750015748,21.6,45,1017,Clear,normal
3450083,São Bernardo do Campo,1750102148,15.44,57,1015,Clouds,normal
3450083,São Bernardo do Campo,1750188548,15.39,97,1017,Rain,extreme_humidity
3450083,São Bernardo do Campo,1750274948,8.16,60,1019,Clouds,cold_snap
3450083,São Bernardo do Campo,1750361348,22.03,59,1008,Clouds,pressure_drop
3450083,São Bernardo do Campo,1750447748,18.94,50,1011,Clouds,normal
3450083,São Bernardo do Campo,1750534148,17.4,40,1016,Clear,normal
3450083,São Bernardo do Campo,1750620548,18.68,53,1011,Clouds,normal
3450083,São Bernardo do Campo,1750706948,16.86,70,1017,Clouds,normal
3450083,São Bernardo do Campo,1750793348,14.42,67,1013,Clouds,normal
3450083,São Bernardo do Campo,1750879748,22.27,38,1019,Clear,drought
3450083,São Bernardo do Campo,1750966148,15.77,98,1009,Rain,extreme_humidity
3450083,São Bernardo do Campo,1751052548,16.44,71,1017,Clouds,normal
3450083,São Bernardo do Campo,1751138948,14.94,88,1015,Clouds,normal
3450083,São Bernardo do Campo,1751225348,16.93,80,1018,Clear,normal
3450083,São Bernardo do Campo,1751311748,21.32,78,1014,Clear,normal
3450083,São Bernardo do Campo,1751398148,20.0,73,1010,Clouds,normal
3450083,São Bernardo do Campo,1751484548,22.11,67,1012,Clear,normal
3450083,São Bernardo do Campo,1751570948,21.84,78,1020,Clouds,normal
3450083,São Bernardo do Campo,1751657348,20.52,55,1015,Clear,normal
3450083,São Bernardo do Campo,1751743748,20.84,71,1013,Clear,normal
3450083,São Bernardo do Campo,1751830148,14.96,90,1013,Thunderstorm,storm_event
3450083,São Bernardo do Campo,1751916548,16.63,78,1019,Clouds,normal
3450083,São Bernardo do Campo,1752002948,22.11,73,1016,Clouds,normal
3450083,São Bernardo do Campo,1752089348,14.01,86,1009,Drizzle,normal
3450083,São Bernardo do Campo,1752175748,15.28,60,1021,Clear,normal
3450083,São Bernardo do Campo,1752262148,15.55,67,1009,Rain,normal
3450083,São Bernardo do Campo,1752348548,12.5,68,1016,Clouds,normal
3450083,São Bernardo do Campo,1752434948,17.11,62,1021,Clear,normal
3450083,São Bernardo do Campo,1752521348,12.54,95,1009,Rain,storm_event
3450083,São Bernardo do Campo,1752607748,16.12,50,1013,Clouds,normal
3450083,São Bernardo do Campo,1752694148,19.14,87,1015,Clouds,normal
3450083,São Bernardo do Campo,1752780548,18.66,82,1015,Rain,normal
3450083,São Bernardo do Campo,1752866948,14.69,80,1019,Clear,normal
3450083,São Bernardo do Campo,1752953348,12.5,57,1017,Clear,normal
3450083,São Bernardo do Campo,1753039748,17.76,60,1018,Clouds,normal
3450083,São Bernardo do Campo,1753126148,18.8,69,1017,Clear,normal
3450083,São Bernardo do Campo,1753212548,14.92,72,1017,Clear,normal
3450083,São Bernardo do Campo,1753298948,14.21,77,1008,Clouds,pressure_drop
3450083,São Bernardo do Campo,1753385348,13.28,90,1012,Thunderstorm,storm_event
3450083,São Bernardo do Campo,1753471748,14.41,55,1009,Rain,normal
3450083,São Bernardo do Campo,1753558148,21.91,64,1015,Rain,normal
3450083,São Bernardo do Campo,1753644548,14.23,77,1014,Rain,normal
3450083,São Bernardo do Campo,1753730948,17.42,67,1008,Clear,pressure_drop
3450083,São Bernardo do Campo,1753817348,13.86,46,1017,Clouds,normal
3450083,São Bernardo do Campo,1753903748,12.51,79,1009,Rain,normal
3450083,São Bernardo do Campo,1753990148,19.05,81,1012,Clouds,normal
3450083,São Bernardo do Campo,1754076548,18.44,71,1016,Clouds,normal
3450083,São Bernardo do Campo,1754162948,17.59,98,1009,Rain,storm_event
3450083,São Bernardo do Campo,1754249348,18.74,75,1017,Clouds,normal
3450083,São Bernardo do Campo,1754335748,20.87,69,1016,Clouds,normal
3450083,São Bernardo do Campo,1754422148,15.75,50,1017,Clouds,normal
3450083,São Bernardo do Campo,1754508548,13.9,85,1020,Rain,normal
3450083,São Bernardo do Campo,1754594948,15.98,92,1012,Rain,normal
3450083,São Bernardo do Campo,1754681348,12.58,71,1015,Clear,normal
3450083,São Bernardo do Campo,1754767748,13.82,64,1012,Clouds,normal
3450083,São Bernardo do Campo,1754854148,19.92,70,1013,Clear,normal
3450083,São Bernardo do Campo,1754940548,15.56,63,1011,Clear,normal
3450083,São Bernardo do Campo,1755026948,16.09,58,1016,Clouds,normal
3450083,São Bernardo do Campo,1755113348,15.58,67,1022,Clear,normal
3450083,São Bernardo do Campo,1755199748,14.29,56,1012,Clear,normal
3450083,São Bernardo do Campo,1755286148,15.98,82,1021,Drizzle,normal
3450083,São Bernardo do Campo,1755372548,18.36,61,1018,Clear,normal
3450083,São Bernardo do Campo,1755458948,13.05,95,1009,Rain,storm_event
3450083,São Bernardo do Campo,1755545348,14.63,63,1009,Clouds,normal
3450083,São Bernardo do Campo,1755631748,15.7,82,1016,Clouds,normal
3450083,São Bernardo do Campo,1755718148,15.83,66,1020,Clear,normal
3450083,São Bernardo do Campo,1755804548,13.37,64,1008,Clear,pressure_drop
3450083,São Bernardo do Campo,1755890948,17.81,73,1019,Clouds,normal
3450083,São Bernardo do Campo,1755977348,21.85,69,1014,Clear,normal
3450083,São Bernardo do Campo,1756063748,18.81,71,1017,Clear,normal
3450083,São Bernardo do Campo,1756150148,17.92,73,1016,Clouds,normal
3450083,São Bernardo do Campo,1756236548,20.08,92,1012,Clear,normal
3450083,São Bernardo do Campo,1756322948,14.33,90,1008,Thunderstorm,storm_event
3450083,São Bernardo do Campo,1756409348,13.62,66,1018,Clouds,normal
3450083,São Bernardo do Campo,1756495748,16.09,70,1019,Rain,normal
3450083,São Bernardo do Campo,1756582148,15.8,92,1017,Clouds,normal
3450083,São Bernardo do Campo,1756668548,16.32,66,1014,Clear,normal
3450083,São Bernardo do Campo,1756754948,19.54,89,1012,Thunderstorm,storm_event
3450083,São Bernardo do Campo,1756841348,21.76,92,1016,Clear,normal
3450083,São Bernardo do Campo,1756927748,19.48,64,1016,Clear,normal
3450083,São Bernardo do Campo,1757014148,20.69,80,1014,Clear,normal
3450083,São Bernardo do Campo,1757100548,9.44,53,1021,Clear,cold_snap
3450083,São Bernardo do Campo,1757186948,20.81,40,1015,Clear,normal
3450083,São Bernardo do Campo,1757273348,26.7,75,1020,Clouds,normal
3450083,São Bernardo do Campo,1757359748,20.93,92,1011,Rain,normal
3450083,São Bernardo do Campo,1757446148,22.17,73,1013,Rain,normal
3450083,São Bernardo do Campo,1757532548,22.37,62,1016,Clear,normal
3450083,São Bernardo do Campo,1757618948,25.58,73,1019,Clouds,normal
3450083,São Bernardo do Campo,1757705348,16.8,69,1011,Clear,normal
3450083,São Bernardo do Campo,1757791748,19.75,74,1022,Clouds,normal
3450083,São Bernardo do Campo,1757878148,27.1,64,1017,Clear,normal
3450083,São Bernardo do Campo,1757964548,24.4,82,1016,Drizzle,normal
3450083,São Bernardo do Campo,1758050948,10.77,60,1022,Clear,cold_snap
3450083,São Bernardo do Campo,1758137348,19.35,90,1016,Clear,normal
3450083,São Bernardo do Campo,1758223748,21.63,69,1009,Clouds,normal
3450083,São Bernardo do Campo,1758310148,17.12,90,1021,Clear,normal
3450083,São Bernardo do Campo,1758396548,20.59,54,1014,Clouds,normal
3450083,São Bernardo do Campo,1758482948,19.19,55,1017,Rain,normal
3450083,São Bernardo do Campo,1758569348,24.52,84,1016,Clouds,normal
3450083,São Bernardo do Campo,1758655748,21.41,76,1016,Clouds,normal
3450083,São Bernardo do Campo,1758742148,18.35,54,1022,Clouds,normal
3450083,São Bernardo do Campo,1758828548,21.31,80,1013,Drizzle,normal
3450083,São Bernardo do Campo,1758914948,16.61,74,1018,Clear,normal
3450083,São Bernardo do Campo,1759001348,26.39,92,1015,Clouds,normal
3450083,São Bernardo do Campo,1759087748,21.58,59,1017,Clear,normal
3450083,São Bernardo do Campo,1759174148,27.0,36,1015,Clear,drought
3450083,São Bernardo do Campo,1759260548,18.73,77,1018,Rain,normal
3450083,São Bernardo do Campo,1759346948,19.29,87,1014,Clear,normal
3450083,São Bernardo do Campo,1759433348,20.46,81,1019,Clouds,normal
3450083,São Bernardo do Campo,1759519748,18.06,98,1019,Clouds,extreme_humidity
3450083,São Bernardo do Campo,1759606148,26.15,62,1008,Rain,pressure_drop
3450083,São Bernardo do Campo,1759692548,25.08,86,1011,Clear,normal
3450083,São Bernardo do Campo,1759778948,23.25,92,1010,Drizzle,normal
3450083,São Bernardo do Campo,1759865348,17.36,62,1015,Clouds,normal
3450083,São Bernardo do Campo,1759951748,21.88,78,1015,Clouds,normal
3450083,São Bernardo do Campo,1760038148,20.54,64,1015,Clear,normal
3450083,São Bernardo do Campo,1760124548,21.76,42,1013,Clear,normal
3450083,São Bernardo do Campo,1760210948,24.24,83,1021,Clear,normal
3450083,São Bernardo do Campo,1760297348,23.19,42,1016,Clear,normal
3450083,São Bernardo do Campo,1760383748,20.79,92,1016,Clear,normal
3450083,São Bernardo do Campo,1760470148,22.16,70,1009,Rain,normal
3450083,São Bernardo do Campo,1760556548,21.98,58,1014,Clear,normal
3450083,São Bernardo do Campo,1760642948,21.86,40,1022,Clouds,normal
3450083,São Bernardo do Campo,1760729348,21.97,80,1016,Clear,normal
3450083,São Bernardo do Campo,1760815748,19.74,55,1016,Drizzle,normal
3450083,São Bernardo do Campo,1760902148,18.42,98,1011,Thunderstorm,storm_event
3450083,São Bernardo do Campo,1760988548,19.88,63,1009,Clear,normal
3450083,São Bernardo do Campo,1761074948,21.64,67,1019,Clear,normal
3450083,São Bernardo do Campo,1761161348,25.37,78,1014,Clear,normal
3450083,São Bernardo do Campo,1761247748,21.02,82,1015,Rain,normal
3450083,São Bernardo do Campo,1761334148,23.26,83,1018,Clear,normal
3450083,São Bernardo do Campo,1761420548,18.1,97,1012,Drizzle,extreme_humidity
3450083,São Bernardo do Campo,1761506948,12.82,40,1017,Clouds,cold_snap
3450083,São Bernardo do Campo,1761593348,18.35,70,1014,Clear,normal
3450083,São Bernardo do Campo,1761679748,21.12,70,1012,Clear,normal
3450083,São Bernardo do Campo,1761766148,12.82,48,1015,Clouds,cold_snap
3450083,São Bernardo do Campo,1761852548,19.75,58,1012,Rain,normal
3450083,São Bernardo do Campo,1761938948,20.15,92,1016,Clouds,normal
3450083,São Bernardo do Campo,1762025348,20.03,75,1022,Clouds,normal
3450083,São Bernardo do Campo,1762111748,18.47,47,1016,Clear,normal
3450083,São Bernardo do Campo,1762198148,19.23,55,1020,Clouds,normal
3450083,São Bernardo do Campo,1762284548,21.47,56,1015,Rain,normal
3450083,São Bernardo do Campo,1762370948,25.31,83,1015,Clear,normal
3450083,São Bernardo do Campo,1762457348,18.06,87,1010,Clear,normal
3450083,São Bernardo do Campo,1762543748,16.93,73,1016,Clear,normal
3450083,São Bernardo do Campo,1762630148,23.27,60,1017,Clouds,normal
3450083,São Bernardo do Campo,1762716548,16.58,71,1015,Rain,normal
3450083,São Bernardo do Campo,1762802948,12.87,60,1017,Clear,cold_snap
3450083,São Bernardo do Campo,1762889348,18.86,97,1014,Clouds,extreme_humidity
3450083,São Bernardo do Campo,1762975748,21.87,60,1013,Clouds,normal
3450083,São Bernardo do Campo,1763062148,18.87,51,1020,Clear,normal
3450083,São Bernardo do Campo,1763148548,18.98,68,1014,Clouds,normal
3450083,São Bernardo do Campo,1763234948,20.69,62,1014,Clear,normal
3450083,São Bernardo do Campo,1763321348,17.44,70,1017,Clear,normal
3450083,São Bernardo do Campo,1763407748,19.62,89,1013,Thunderstorm,storm_event
3450083,São Bernardo do Campo,1763494148,22.09,92,1013,Rain,normal
3450083,São Bernardo do Campo,1763580548,25.0,92,1012,Clear,normal
3450083,São Bernardo do Campo,1763666948,14.46,98,1010,Thunderstorm,storm_event
3450083,São Bernardo do Campo,1763753348,18.47,93,1009,Rain,storm_event
3450083,São Bernardo do Campo,1763839748,21.65,45,1013,Clear,normal
3450083,São Bernardo do Campo,1763926148,15.56,64,1015,Clouds,normal
3450083,São Bernardo do Campo,1764012548,19.0,64,1009,Rain,normal
3450083,São Bernardo do Campo,1764098948,16.86,70,1015,Clear,normal
3450083,São Bernardo do Campo,1764185348,15.23,97,1017,Clouds,extreme_humidity
3450083,São Bernardo do Campo,1764271748,20.6,56,1014,Clouds,normal
3450083,São Bernardo do Campo,1764358148,21.64,98,1016,Clouds,extreme_humidity
3450083,São Bernardo do Campo,1764444548,15.81,71,1012,Rain,normal
3450083,São Bernardo do Campo,1764530948,21.12,72,1020,Clouds,normal
3450083,São Bernardo do Campo,1764617348,26.93,82,1009,Clear,normal
3450083,São Bernardo do Campo,1764703748,20.75,87,1014,Rain,normal
3450083,São Bernardo do Campo,1764790148,24.25,70,1019,Clear,normal
3450083,São Bernardo do Campo,1764876548,27.86,76,1019,Clear,normal
3450083,São Bernardo do Campo,1764962948,24.71,70,1011,Clouds,normal
3450083,São Bernardo do Campo,1765049348,22.77,85,1016,Clear,normal
3450083,São Bernardo do Campo,1765135748,21.41,92,1009,Rain,normal
3450083,São Bernardo do Campo,1765222148,29.23,74,1013,Clear,normal
3450083,São Bernardo do Campo,1765308548,22.08,86,1017,Clouds,normal
3450083,São Bernardo do Campo,1765394948,26.8,55,1009,Rain,normal
3450083,São Bernardo do Campo,1765481348,24.26,57,1018,Clouds,normal
3450083,São Bernardo do Campo,1765567748,17.46,59,1018,Clear,cold_snap
3450083,São Bernardo do Campo,1765654148,25.4,55,1009,Drizzle,normal
3450083,São Bernardo do Campo,1765740548,20.95,55,1015,Clear,normal
3450083,São Bernardo do Campo,1765826948,26.29,80,1013,Clear,normal
3450083,São Bernardo do Campo,1765913348,25.97,63,1017,Clear,normal
3450083,São Bernardo do Campo,1765999748,28.12,83,1013,Rain,normal
3450083,São Bernardo do Campo,1766086148,28.94,69,1015,Clear,normal
3450083,São Bernardo do Campo,1766172548,22.01,97,1014,Clouds,extreme_humidity
3450083,São Bernardo do Campo,1766258948,26.6,60,1013,Clear,normal
3450083,São Bernardo do Campo,1766345348,25.18,73,1019,Drizzle,normal
3450083,São Bernardo do Campo,1766431748,22.67,80,1017,Clear,normal
3450083,São Bernardo do Campo,1766518148,22.5,46,1012,Clouds,normal
3450083,São Bernardo do Campo,1766604548,22.88,73,1009,Clear,normal
3450083,São Bernardo do Campo,1766690948,22.69,70,1012,Clouds,normal
3450083,São Bernardo do Campo,1766777348,23.99,59,1010,Clear,normal
3450083,São Bernardo do Campo,1766863748,24.79,43,1012,Clear,normal
3450083,São Bernardo do Campo,1766950148,23.72,92,1009,Rain,normal
3450083,São Bernardo do Campo,1767036548,21.17,82,1008,Rain,pressure_drop
3450083,São Bernardo do Campo,1767122948,28.87,61,1018,Clouds,normal
3450083,São Bernardo do Campo,1767209348,26.12,54,1012,Clear,normal
3450083,São Bernardo do Campo,1767295748,26.19,72,1016,Clouds,normal
3450083,São Bernardo do Campo,1767382148,22.76,73,1011,Clouds,normal
3450083,São Bernardo do Campo,1767468548,16.13,68,1017,Clouds,cold_snap
3450083,São Bernardo do Campo,1767554948,25.29,56,1010,Rain,normal
3450083,São Bernardo do Campo,1767641348,20.53,86,1010,Rain,normal
3450083,São Bernardo do Campo,1767727748,28.48,42,1012,Clear,normal
3450083,São Bernardo do Campo,1767814148,31.41,37,1012,Clear,drought
3450083,São Bernardo do Campo,1767900548,21.49,89,1013,Rain,normal
3450083,São Bernardo do Campo,1767986948,23.37,98,1016,Drizzle,extreme_humidity
3450083,São Bernardo do Campo,1768073348,26.51,65,1019,Clouds,normal
3450083,São Bernardo do Campo,1768159748,29.22,78,1014,Clear,normal
3450083,São Bernardo do Campo,1768246148,27.87,78,1009,Clear,normal
3450083,São Bernardo do Campo,1768332548,29.62,66,1017,Rain,normal
3450083,São Bernardo do Campo,1768418948,19.95,63,1022,Clear,normal
3450083,São Bernardo do Campo,1768505348,23.16,56,1019,Clear,normal
3450083,São Bernardo do Campo,1768591748,23.66,91,1017,Clouds,normal
3450083,São Bernardo do Campo,1768678148,21.89,88,1015,Clouds,normal
3450083,São Bernardo do Campo,1768764548,22.2,53,1009,Clouds,normal
3450083,São Bernardo do Campo,1768850948,22.79,64,1020,Clear,normal
3450083,São Bernardo do Campo,1768937348,25.02,78,1014,Clear,normal
3450083,São Bernardo do Campo,1769023748,26.35,73,1022,Clear,normal
3450083,São Bernardo do Campo,1769110148,25.18,94,1010,Thunderstorm,storm_event
3450083,São Bernardo do Campo,1769196548,21.44,55,1016,Clouds,normal
3450083,São Bernardo do Campo,1769282948,24.46,93,1012,Thunderstorm,storm_event
3450083,São Bernardo do Campo,1769369348,24.02,83,1018,Clouds,normal
3450083,São Bernardo do Campo,1769455748,25.17,92,1015,Clouds,normal
3450083,São Bernardo do Campo,1769542148,26.95,69,1012,Clear,normal
3450083,São Bernardo do Campo,1769628548,25.4,92,1014,Rain,normal
3450083,São Bernardo do Campo,1769714948,24.51,94,1011,Thunderstorm,storm_event
3450083,São Bernardo do Campo,1769801348,25.22,72,1012,Clouds,normal
3450083,São Bernardo do Campo,1769887748,30.28,82,1008,Rain,pressure_drop
3450083,São Bernardo do Campo,1769974148,24.32,78,1013,Clouds,normal
3450083,São Bernardo do Campo,1770060548,29.05,86,1017,Clear,normal
3450083,São Bernardo do Campo,1770146948,27.82,93,1009,Rain,storm_event
3450083,São Bernardo do Campo,1770233348,27.46,50,1022,Clouds,normal
3450083,São Bernardo do Campo,1770319748,16.77,48,1021,Clouds,cold_snap
3450083,São Bernardo do Campo,1770406148,28.82,87,1019,Clouds,normal
3450083,São Bernardo do Campo,1770492548,26.67,74,1018,Clouds,normal
3450083,São Bernardo do Campo,1770578948,27.94,89,1015,Clouds,normal
3450083,São Bernardo do Campo,1770665348,27.13,54,1011,Clear,normal
3450083,São Bernardo do Campo,1770751748,24.2,65,1013,Clouds,normal
3450083,São Bernardo do Campo,1770838148,28.33,61,1011,Clouds,normal
3450083,São Bernardo do Campo,1770924548,27.43,73,1015,Rain,normal
3450083,São Bernardo do Campo,1771010948,25.49,72,1012,Clouds,normal
3450083,São Bernardo do Campo,1771097348,24.73,68,1017,Clear,normal
3450083,São Bernardo do Campo,1771183748,25.65,78,1012,Rain,normal
3450083,São Bernardo do Campo,1771270148,31.17,78,1017,Clouds,normal
3450083,São Bernardo do Campo,1771356548,22.74,97,1018,Drizzle,extreme_humidity
3450083,São Bernardo do Campo,1771442948,27.98,82,1019,Clouds,normal
3450083,São Bernardo do Campo,1771529348,27.29,51,1019,Clear,normal
3450083,São Bernardo do Campo,1771615748,21.79,44,1019,Clear,normal
3450083,São Bernardo do Campo,1771702148,25.56,71,1008,Drizzle,pressure_drop
3450083,São Bernardo do Campo,1771788548,23.17,59,1008,Rain,pressure_drop
3450083,São Bernardo do Campo,1771874948,24.03,59,1016,Rain,normal
3450083,São Bernardo do Campo,1771961348,24.69,92,1012,Drizzle,normal
3450083,São Bernardo do Campo,1772047748,15.4,64,1017,Clear,cold_snap
3450083,São Bernardo do Campo,1772134148,20.69,76,1015,Rain,normal
3450083,São Bernardo do Campo,1772220548,21.49,87,1008,Clouds,pressure_drop
3450083,São Bernardo do Campo,1772306948,24.91,55,1009,Drizzle,normal
3450083,São Bernardo do Campo,1772393348,20.82,72,1018,Rain,normal
3450083,São Bernardo do Campo,1772479748,19.6,74,1016,Clouds,normal
3450083,São Bernardo do Campo,1772566148,31.0,51,1009,Clouds,normal
3450083,São Bernardo do Campo,1772652548,26.74,64,1011,Clear,normal
3450083,São Bernardo do Campo,1772738948,24.16,55,1014,Rain,normal
3450083,São Bernardo do Campo,1772825348,22.92,75,1013,Rain,normal
3450083,São Bernardo do Campo,1772911748,25.02,48,1013,Clouds,normal
3450083,São Bernardo do Campo,1772998148,31.0,43,1014,Clouds,normal
3450083,São Bernardo do Campo,1773084548,26.72,97,1013,Rain,extreme_humidity
3450083,São Bernardo do Campo,1773170948,27.74,92,1017,Rain,normal
3450083,São Bernardo do Campo,1773257348,24.14,96,1012,Thunderstorm,storm_event
3450083,São Bernardo do Campo,1773343748,22.65,90,1016,Drizzle,normal
3450083,São Bernardo do Campo,1773430148,25.44,40,1013,Clear,normal
3450083,São Bernardo do Campo,1773516548,26.13,92,1017,Clear,normal
3450083,São Bernardo do Campo,1773602948,27.22,81,1021,Clear,normal
3450083,São Bernardo do Campo,1773689348,22.8,85,1013,Rain,normal
3450083,São Bernardo do Campo,1773775748,23.42,88,1011,Clear,normal
3450083,São Bernardo do Campo,1773862148,26.85,40,1012,Clouds,normal
3450083,São Bernardo do Campo,1773948548,24.12,62,1010,Clear,normal
3450083,São Bernardo do Campo,1774034948,25.46,71,1013,Clear,normal
3450083,São Bernardo do Campo,1774121348,31.0,40,1016,Clear,normal
3450083,São Bernardo do Campo,1774207748,24.0,54,1012,Clear,normal
3450083,São Bernardo do Campo,1774294148,19.49,59,1015,Clouds,normal
3450083,São Bernardo do Campo,1774380548,29.89,54,1014,Clear,normal
3450083,São Bernardo do Campo,1774466948,24.99,92,1020,Rain,normal
3450083,São Bernardo do Campo,1774553348,30.51,67,1020,Clear,normal
3450083,São Bernardo do Campo,1774639748,25.69,79,1009,Rain,normal
3450083,São Bernardo do Campo,1774726148,23.73,93,1010,Thunderstorm,storm_event
3450083,São Bernardo do Campo,1774812548,25.67,75,1011,Rain,normal
3450083,São Bernardo do Campo,1774898948,26.6,45,1015,Clear,normal
3450083,São Bernardo do Campo,1774985348,28.22,51,1013,Clear,normal
3450083,São Bernardo do Campo,1775071748,19.45,45,1015,Clouds,normal
3450083,São Bernardo do Campo,1775158148,19.01,65,1015,Clear,normal
3450083,São Bernardo do Campo,1775244548,19.23,62,1008,Rain,pressure_drop
3450083,São Bernardo do Campo,1775330948,17.83,74,1015,Clear,normal
3450083,São Bernardo do Campo,1775417348,25.94,86,1010,Clouds,normal
3450083,São Bernardo do Campo,1775503748,22.41,69,1017,Rain,normal
3450083,São Bernardo do Campo,1775590148,23.38,53,1014,Clear,normal
3450083,São Bernardo do Campo,1775676548,20.6,59,1011,Clear,normal
3450083,São Bernardo do Campo,1775762948,25.95,71,1014,Rain,normal
3450083,São Bernardo do Campo,1775849348,18.01,56,1015,Clouds,normal
3450083,São Bernardo do Campo,1775935748,21.68,69,1010,Clouds,normal
3450083,São Bernardo do Campo,1776022148,21.66,92,1014,Clear,normal
3450083,São Bernardo do Campo,1776108548,27.96,69,1016,Clear,normal
3450083,São Bernardo do Campo,1776194948,26.79,48,1017,Clear,normal
3450083,São Bernardo do Campo,1776281348,21.02,44,1020,Clouds,normal
3450083,São Bernardo do Campo,1776367748,17.57,85,1014,Clear,normal
3450083,São Bernardo do Campo,1776454148,24.48,73,1009,Clear,normal
3450083,São Bernardo do Campo,1776540548,21.31,61,1015,Clouds,normal
3450083,São Bernardo do Campo,1776626948,21.14,98,1011,Rain,extreme_humidity
3450083,São Bernardo do Campo,1776713348,10.66,71,1021,Rain,cold_snap
3450083,São Bernardo do Campo,1776799748,26.53,80,1014,Clear,normal
3450083,São Bernardo do Campo,1776886148,16.8,70,1013,Clear,normal
3450083,São Bernardo do Campo,1776972548,10.66,49,1019,Clouds,cold_snap
3450083,São Bernardo do Campo,1777058948,21.68,81,1016,Clear,normal
3450083,São Bernardo do Campo,1777145348,14.53,74,1008,Clouds,pressure_drop
3450083,São Bernardo do Campo,1777231748,22.19,79,1018,Clouds,normal
3450083,São Bernardo do Campo,1777318148,25.12,68,1014,Rain,normal
3450083,São Bernardo do Campo,1777404548,28.58,65,1008,Clouds,pressure_drop
3450083,São Bernardo do Campo,1777490948,24.59,92,1010,Rain,normal
3450083,São Bernardo do Campo,1777577348,21.79,63,1010,Clear,normal
3450083,São Bernardo do Campo,1777663748,25.93,83,1019,Clear,normal
3450083,São Bernardo do Campo,1777750148,10.95,60,1022,Clear,cold_snap
3450083,São Bernardo do Campo,1777836548,18.49,81,1019,Clear,normal
3450083,São Bernardo do Campo,1777922948,21.52,93,1009,Rain,storm_event
3450083,São Bernardo do Campo,1778009348,10.95,73,1018,Clouds,cold_snap
3450083,São Bernardo do Campo,1778095748,20.96,63,1017,Clear,normal
3450083,São Bernardo do Campo,1778182148,11.41,56,1017,Clear,cold_snap
3450083,São Bernardo do Campo,1778268548,19.71,40,1014,Clear,normal
3450083,São Bernardo do Campo,1778354948,20.25,65,1012,Rain,normal
3450083,São Bernardo do Campo,1778441348,20.13,51,1016,Clouds,normal
3450083,São Bernardo do Campo,1778527748,19.41,92,1014,Rain,normal
3450083,São Bernardo do Campo,1778614148,16.84,74,1012,Clear,normal
3450083,São Bernardo do Campo,1778700548,18.22,50,1009,Clouds,normal
3450302,Santo André,1715714948,23.87,72,1020,Clouds,normal
3450302,Santo André,1715801348,22.96,92,1014,Clouds,normal
3450302,Santo André,1715887748,21.57,92,1015,Rain,normal
3450302,Santo André,1715974148,19.48,76,1016,Clouds,normal
3450302,Santo André,1716060548,23.07,49,1015,Clouds,normal
3450302,Santo André,1716146948,26.48,79,1011,Rain,normal
3450302,Santo André,1716233348,20.69,59,1016,Clear,normal
3450302,Santo André,1716319748,23.25,69,1015,Clear,normal
3450302,Santo André,1716406148,22.47,75,1018,Clear,normal
3450302,Santo André,1716492548,19.47,67,1017,Clouds,normal
3450302,Santo André,1716578948,16.97,81,1020,Clear,normal
3450302,Santo André,1716665348,21.86,64,1014,Clear,normal
3450302,Santo André,1716751748,18.24,54,1014,Clear,normal
3450302,Santo André,1716838148,18.67,79,1013,Clouds,normal
3450302,Santo André,1716924548,22.33,78,1015,Rain,normal
3450302,Santo André,1717010948,20.79,70,1011,Clouds,normal
3450302,Santo André,1717097348,22.07,59,1010,Clouds,normal
3450302,Santo André,1717183748,19.96,84,1015,Clouds,normal
3450302,Santo André,1717270148,16.82,40,1011,Clear,normal
3450302,Santo André,1717356548,18.49,40,1015,Clear,normal
3450302,Santo André,1717442948,16.39,98,1017,Drizzle,extreme_humidity
3450302,Santo André,1717529348,18.76,75,1014,Clear,normal
3450302,Santo André,1717615748,19.0,45,1013,Clear,normal
3450302,Santo André,1717702148,19.61,80,1016,Rain,normal
3450302,Santo André,1717788548,16.84,80,1009,Clear,normal
3450302,Santo André,1717874948,15.8,71,1016,Clear,normal
3450302,Santo André,1717961348,14.37,62,1015,Clouds,normal
3450302,Santo André,1718047748,18.58,98,1015,Clouds,extreme_humidity
3450302,Santo André,1718134148,17.74,92,1021,Clear,normal
3450302,Santo André,1718220548,10.19,71,1008,Clear,pressure_drop
3450302,Santo André,1718306948,20.13,60,1014,Clear,normal
3450302,Santo André,1718393348,15.79,93,1009,Rain,storm_event
3450302,Santo André,1718479748,14.73,79,1010,Clear,normal
3450302,Santo André,1718566148,15.78,92,1012,Rain,normal
3450302,Santo André,1718652548,16.41,94,1013,Thunderstorm,storm_event
3450302,Santo André,1718738948,14.85,86,1014,Clear,normal
3450302,Santo André,1718825348,16.23,45,1014,Clear,normal
3450302,Santo André,1718911748,19.55,67,1010,Rain,normal
3450302,Santo André,1718998148,17.64,67,1011,Drizzle,normal
3450302,Santo André,1719084548,15.17,64,1019,Clouds,normal
3450302,Santo André,1719170948,17.39,62,1011,Clear,normal
3450302,Santo André,1719257348,17.52,70,1011,Clear,normal
3450302,Santo André,1719343748,21.43,92,1020,Clouds,normal
3450302,Santo André,1719430148,18.74,64,1013,Rain,normal
3450302,Santo André,1719516548,16.44,73,1016,Clouds,normal
3450302,Santo André,1719602948,18.06,80,1017,Rain,normal
3450302,Santo André,1719689348,22.48,65,1015,Clouds,normal
3450302,Santo André,1719775748,16.8,56,1016,Clear,normal
3450302,Santo André,1719862148,16.26,57,1015,Clouds,normal
3450302,Santo André,1719948548,15.43,98,1009,Rain,storm_event
3450302,Santo André,1720034948,13.97,79,1010,Clouds,normal
3450302,Santo André,1720121348,16.5,40,1015,Clear,normal
3450302,Santo André,1720207748,15.15,57,1014,Clear,normal
3450302,Santo André,1720294148,11.63,86,1014,Clouds,normal
3450302,Santo André,1720380548,13.6,79,1010,Clear,normal
3450302,Santo André,1720466948,15.07,60,1011,Clear,normal
3450302,Santo André,1720553348,16.67,71,1012,Clear,normal
3450302,Santo André,1720639748,19.05,44,1015,Clear,normal
3450302,Santo André,1720726148,13.81,72,1013,Clear,normal
3450302,Santo André,1720812548,20.23,81,1009,Clear,normal
3450302,Santo André,1720898948,16.61,88,1013,Thunderstorm,storm_event
3450302,Santo André,1720985348,17.46,53,1016,Clear,normal
3450302,Santo André,1721071748,20.18,85,1010,Drizzle,normal
3450302,Santo André,1721158148,16.06,86,1010,Rain,normal
3450302,Santo André,1721244548,16.65,76,1018,Drizzle,normal
3450302,Santo André,1721330948,20.13,65,1014,Clear,normal
3450302,Santo André,1721417348,14.13,42,1012,Clear,normal
3450302,Santo André,1721503748,16.97,57,1013,Clouds,normal
3450302,Santo André,1721590148,16.52,60,1011,Clear,normal
3450302,Santo André,1721676548,17.08,88,1008,Drizzle,pressure_drop
3450302,Santo André,1721762948,16.32,40,1014,Clear,normal
3450302,Santo André,1721849348,14.13,57,1013,Clouds,normal
3450302,Santo André,1721935748,19.6,55,1013,Clear,normal
3450302,Santo André,1722022148,18.84,70,1015,Clear,normal
3450302,Santo André,1722108548,21.26,64,1008,Rain,pressure_drop
3450302,Santo André,1722194948,14.34,65,1019,Clear,normal
3450302,Santo André,1722281348,19.22,59,1012,Clear,normal
3450302,Santo André,1722367748,14.29,80,1016,Clear,normal
3450302,Santo André,1722454148,16.46,60,1016,Clear,normal
3450302,Santo André,1722540548,16.2,93,1012,Thunderstorm,storm_event
3450302,Santo André,1722626948,17.21,53,1017,Clear,normal
3450302,Santo André,1722713348,14.87,98,1018,Clouds,extreme_humidity
3450302,Santo André,1722799748,17.05,84,1009,Clouds,normal
3450302,Santo André,1722886148,18.2,71,1011,Rain,normal
3450302,Santo André,1722972548,17.07,70,1016,Clear,normal
3450302,Santo André,1723058948,12.74,77,1013,Rain,normal
3450302,Santo André,1723145348,15.93,85,1019,Rain,normal
3450302,Santo André,1723231748,16.28,89,1013,Thunderstorm,storm_event
3450302,Santo André,1723318148,18.6,78,1019,Rain,normal
3450302,Santo André,1723404548,17.99,89,1011,Clouds,normal
3450302,Santo André,1723490948,16.61,75,1020,Rain,normal
3450302,Santo André,1723577348,15.89,54,1015,Clouds,normal
3450302,Santo André,1723663748,17.16,66,1017,Drizzle,normal
3450302,Santo André,1723750148,17.68,80,1017,Rain,normal
3450302,Santo André,1723836548,22.54,79,1016,Drizzle,normal
3450302,Santo André,1723922948,13.05,94,1009,Rain,storm_event
3450302,Santo André,1724009348,18.29,74,1012,Rain,normal
3450302,Santo André,1724095748,14.0,76,1010,Clear,normal
3450302,Santo André,1724182148,18.42,97,1015,Drizzle,extreme_humidity
3450302,Santo André,1724268548,16.49,46,1011,Clouds,normal
3450302,Santo André,1724354948,14.32,80,1014,Rain,normal
3450302,Santo André,1724441348,18.65,72,1014,Clear,normal
3450302,Santo André,1724527748,18.26,40,1018,Clear,normal
3450302,Santo André,1724614148,19.12,55,1014,Rain,normal
3450302,Santo André,1724700548,15.22,72,1013,Clear,normal
3450302,Santo André,1724786948,20.01,78,1018,Clear,normal
3450302,Santo André,1724873348,17.04,62,1013,Clear,normal
3450302,Santo André,1724959748,16.26,59,1018,Clear,normal
3450302,Santo André,1725046148,18.68,90,1013,Clouds,normal
3450302,Santo André,1725132548,19.51,54,1014,Clear,normal
3450302,Santo André,1725218948,19.34,46,1014,Clear,normal
3450302,Santo André,1725305348,21.98,92,1015,Rain,normal
3450302,Santo André,1725391748,21.48,67,1016,Clouds,normal
3450302,Santo André,1725478148,21.25,84,1013,Clouds,normal
3450302,Santo André,1725564548,13.53,48,1015,Clear,cold_snap
3450302,Santo André,1725650948,25.6,67,1015,Clear,normal
3450302,Santo André,1725737348,22.91,69,1013,Clear,normal
3450302,Santo André,1725823748,22.19,52,1016,Clear,normal
3450302,Santo André,1725910148,21.13,55,1014,Clouds,normal
3450302,Santo André,1725996548,18.46,76,1013,Clouds,normal
3450302,Santo André,1726082948,20.23,64,1017,Rain,normal
3450302,Santo André,1726169348,26.36,77,1011,Clear,normal
3450302,Santo André,1726255748,19.73,70,1016,Clear,normal
3450302,Santo André,1726342148,19.41,70,1013,Rain,normal
3450302,Santo André,1726428548,25.77,37,1017,Clear,drought
3450302,Santo André,1726514948,19.34,68,1012,Drizzle,normal
3450302,Santo André,1726601348,23.21,76,1011,Drizzle,normal
3450302,Santo André,1726687748,19.8,98,1017,Clouds,extreme_humidity
3450302,Santo André,1726774148,18.01,91,1012,Thunderstorm,storm_event
3450302,Santo André,1726860548,21.35,79,1013,Clouds,normal
3450302,Santo André,1726946948,18.85,78,1016,Clouds,normal
3450302,Santo André,1727033348,21.14,81,1011,Clouds,normal
3450302,Santo André,1727119748,21.55,92,1013,Clouds,normal
3450302,Santo André,1727206148,22.43,59,1015,Clouds,normal
3450302,Santo André,1727292548,20.02,98,1009,Clouds,extreme_humidity
3450302,Santo André,1727378948,24.14,68,1018,Clouds,normal
3450302,Santo André,1727465348,21.58,58,1013,Clear,normal
3450302,Santo André,1727551748,21.02,83,1018,Rain,normal
3450302,Santo André,1727638148,20.32,98,1016,Rain,extreme_humidity
3450302,Santo André,1727724548,21.13,80,1008,Clouds,pressure_drop
3450302,Santo André,1727810948,16.38,91,1010,Clear,normal
3450302,Santo André,1727897348,20.25,75,1011,Drizzle,normal
3450302,Santo André,1727983748,24.12,92,1015,Rain,normal
3450302,Santo André,1728070148,24.18,73,1012,Clear,normal
3450302,Santo André,1728156548,22.5,66,1016,Clear,normal
3450302,Santo André,1728242948,18.78,98,1013,Thunderstorm,storm_event
3450302,Santo André,1728329348,18.64,49,1013,Clouds,normal
3450302,Santo André,1728415748,18.89,67,1014,Drizzle,normal
3450302,Santo André,1728502148,24.31,61,1014,Clear,normal
3450302,Santo André,1728588548,19.12,60,1017,Clouds,normal
3450302,Santo André,1728674948,21.24,59,1010,Drizzle,normal
3450302,Santo André,1728761348,21.78,62,1015,Clear,normal
3450302,Santo André,1728847748,21.79,57,1012,Rain,normal
3450302,Santo André,1728934148,20.25,87,1016,Drizzle,normal
3450302,Santo André,1729020548,24.54,92,1013,Rain,normal
3450302,Santo André,1729106948,26.5,78,1019,Clouds,normal
3450302,Santo André,1729193348,25.2,50,1014,Clear,normal
3450302,Santo André,1729279748,20.52,54,1013,Clouds,normal
3450302,Santo André,1729366148,15.8,96,1008,Drizzle,pressure_drop
3450302,Santo André,1729452548,23.37,70,1013,Rain,normal
3450302,Santo André,1729538948,17.73,88,1011,Thunderstorm,storm_event
3450302,Santo André,1729625348,21.8,97,1010,Thunderstorm,storm_event
3450302,Santo André,1729711748,20.82,92,1009,Drizzle,normal
3450302,Santo André,1729798148,12.67,51,1021,Rain,cold_snap
3450302,Santo André,1729884548,22.94,94,1012,Thunderstorm,storm_event
3450302,Santo André,1729970948,23.54,55,1016,Clouds,normal
3450302,Santo André,1730057348,28.32,58,1008,Clouds,pressure_drop
3450302,Santo André,1730143748,17.79,65,1008,Drizzle,pressure_drop
3450302,Santo André,1730230148,15.58,70,1013,Drizzle,normal
3450302,Santo André,1730316548,18.72,68,1008,Clouds,pressure_drop
3450302,Santo André,1730402948,22.07,67,1012,Clouds,normal
3450302,Santo André,1730489348,20.72,63,1010,Rain,normal
3450302,Santo André,1730575748,20.28,85,1011,Drizzle,normal
3450302,Santo André,1730662148,24.5,70,1013,Clouds,normal
3450302,Santo André,1730748548,20.14,92,1012,Clear,normal
3450302,Santo André,1730834948,20.44,69,1009,Drizzle,normal
3450302,Santo André,1730921348,21.98,60,1012,Clear,normal
3450302,Santo André,1731007748,16.75,50,1013,Clouds,normal
3450302,Santo André,1731094148,19.93,73,1014,Clear,normal
3450302,Santo André,1731180548,23.09,50,1008,Rain,pressure_drop
3450302,Santo André,1731266948,19.12,96,1011,Thunderstorm,storm_event
3450302,Santo André,1731353348,18.39,48,1012,Clear,normal
3450302,Santo André,1731439748,18.99,62,1009,Clear,normal
3450302,Santo André,1731526148,23.34,78,1014,Clear,normal
3450302,Santo André,1731612548,18.82,92,1020,Clear,normal
3450302,Santo André,1731698948,25.42,57,1010,Clouds,normal
3450302,Santo André,1731785348,20.31,92,1013,Clouds,normal
3450302,Santo André,1731871748,18.65,84,1017,Clear,normal
3450302,Santo André,1731958148,16.26,50,1019,Clear,normal
3450302,Santo André,1732044548,21.0,92,1020,Clear,normal
3450302,Santo André,1732130948,20.8,58,1013,Clouds,normal
3450302,Santo André,1732217348,17.2,41,1017,Clouds,normal
3450302,Santo André,1732303748,23.42,97,1011,Drizzle,extreme_humidity
3450302,Santo André,1732390148,19.95,55,1018,Rain,normal
3450302,Santo André,1732476548,18.63,65,1014,Clear,normal
3450302,Santo André,1732562948,16.4,58,1016,Clear,normal
3450302,Santo André,1732649348,20.04,53,1012,Clouds,normal
3450302,Santo André,1732735748,19.87,93,1009,Rain,storm_event
3450302,Santo André,1732822148,19.77,61,1008,Rain,pressure_drop
3450302,Santo André,1732908548,19.57,72,1015,Clear,normal
3450302,Santo André,1732994948,21.52,40,1018,Clouds,normal
3450302,Santo André,1733081348,30.71,89,1013,Clouds,normal
3450302,Santo André,1733167748,24.64,73,1016,Drizzle,normal
3450302,Santo André,1733254148,26.28,92,1013,Clear,normal
3450302,Santo André,1733340548,22.62,90,1014,Clouds,normal
3450302,Santo André,1733426948,24.76,68,1012,Drizzle,normal
3450302,Santo André,1733513348,27.17,80,1013,Drizzle,normal
3450302,Santo André,1733599748,30.68,97,1018,Clouds,extreme_humidity
3450302,Santo André,1733686148,24.44,67,1012,Clear,normal
3450302,Santo André,1733772548,28.8,35,1017,Clouds,drought
3450302,Santo André,1733858948,28.4,67,1008,Rain,pressure_drop
3450302,Santo André,1733945348,26.29,73,1016,Clear,normal
3450302,Santo André,1734031748,21.24,97,1009,Rain,storm_event
3450302,Santo André,1734118148,25.82,79,1010,Clouds,normal
3450302,Santo André,1734204548,28.03,40,1013,Clear,normal
3450302,Santo André,1734290948,27.46,40,1017,Clear,normal
3450302,Santo André,1734377348,27.8,56,1014,Clear,normal
3450302,Santo André,1734463748,26.11,64,1012,Rain,normal
3450302,Santo André,1734550148,22.12,82,1014,Clouds,normal
3450302,Santo André,1734636548,27.11,84,1008,Clear,pressure_drop
3450302,Santo André,1734722948,24.56,98,1016,Drizzle,extreme_humidity
3450302,Santo André,1734809348,27.35,79,1019,Rain,normal
3450302,Santo André,1734895748,24.52,66,1012,Clear,normal
3450302,Santo André,1734982148,21.49,43,1021,Clear,normal
3450302,Santo André,1735068548,30.71,73,1014,Clear,normal
3450302,Santo André,1735154948,25.19,92,1013,Thunderstorm,storm_event
3450302,Santo André,1735241348,23.27,52,1011,Clear,normal
3450302,Santo André,1735327748,30.11,70,1013,Clear,normal
3450302,Santo André,1735414148,23.69,68,1016,Clouds,normal
3450302,Santo André,1735500548,24.34,89,1021,Clear,normal
3450302,Santo André,1735586948,18.45,54,1017,Clouds,cold_snap
3450302,Santo André,1735673348,25.86,73,1013,Clouds,normal
3450302,Santo André,1735759748,24.48,62,1012,Clouds,normal
3450302,Santo André,1735846148,19.74,92,1014,Rain,normal
3450302,Santo André,1735932548,22.92,53,1010,Clouds,normal
3450302,Santo André,1736018948,27.13,58,1016,Clear,normal
3450302,Santo André,1736105348,23.88,84,1013,Clouds,normal
3450302,Santo André,1736191748,26.3,95,1009,Thunderstorm,storm_event
3450302,Santo André,1736278148,23.3,63,1008,Drizzle,pressure_drop
3450302,Santo André,1736364548,20.16,85,1016,Clear,normal
3450302,Santo André,1736450948,23.15,71,1010,Rain,normal
3450302,Santo André,1736537348,26.75,76,1017,Clear,normal
3450302,Santo André,1736623748,25.21,63,1014,Clear,normal
3450302,Santo André,1736710148,24.4,90,1013,Thunderstorm,storm_event
3450302,Santo André,1736796548,20.6,80,1011,Rain,normal
3450302,Santo André,1736882948,26.64,55,1010,Clear,normal
3450302,Santo André,1736969348,24.5,65,1016,Clear,normal
3450302,Santo André,1737055748,23.64,82,1009,Rain,normal
3450302,Santo André,1737142148,27.08,85,1008,Rain,pressure_drop
3450302,Santo André,1737228548,20.46,93,1009,Rain,storm_event
3450302,Santo André,1737314948,24.93,40,1009,Clouds,normal
3450302,Santo André,1737401348,21.64,66,1008,Rain,pressure_drop
3450302,Santo André,1737487748,16.48,60,1017,Clouds,cold_snap
3450302,Santo André,1737574148,29.66,64,1014,Clear,normal
3450302,Santo André,1737660548,25.7,66,1008,Drizzle,pressure_drop
3450302,Santo André,1737746948,23.59,83,1019,Rain,normal
3450302,Santo André,1737833348,32.26,36,1012,Clear,drought
3450302,Santo André,1737919748,24.43,75,1017,Clear,normal
3450302,Santo André,1738006148,27.66,58,1017,Clear,normal
3450302,Santo André,1738092548,27.06,69,1016,Clear,normal
3450302,Santo André,1738178948,25.63,71,1009,Clouds,normal
3450302,Santo André,1738265348,21.3,60,1014,Clear,normal
3450302,Santo André,1738351748,25.28,68,1011,Clear,normal
3450302,Santo André,1738438148,23.4,92,1015,Clear,normal
3450302,Santo André,1738524548,31.14,49,1012,Clear,normal
3450302,Santo André,1738610948,24.44,46,1018,Clear,normal
3450302,Santo André,1738697348,15.0,75,1019,Clouds,cold_snap
3450302,Santo André,1738783748,20.58,66,1011,Drizzle,normal
3450302,Santo André,1738870148,29.42,55,1013,Clear,normal
3450302,Santo André,1738956548,23.85,89,1012,Thunderstorm,storm_event
3450302,Santo André,1739042948,27.91,41,1016,Clear,normal
3450302,Santo André,1739129348,24.77,58,1013,Clouds,normal
3450302,Santo André,1739215748,26.29,64,1017,Clouds,normal
3450302,Santo André,1739302148,27.64,77,1014,Drizzle,normal
3450302,Santo André,1739388548,31.13,67,1012,Clear,normal
3450302,Santo André,1739474948,24.25,72,1013,Clear,normal
3450302,Santo André,1739561348,23.39,93,1009,Rain,storm_event
3450302,Santo André,1739647748,27.72,98,1015,Clouds,extreme_humidity
3450302,Santo André,1739734148,24.85,72,1022,Clear,normal
3450302,Santo André,1739820548,20.83,55,1018,Clouds,normal
3450302,Santo André,1739906948,26.82,94,1013,Thunderstorm,storm_event
3450302,Santo André,1739993348,26.71,90,1017,Clear,normal
3450302,Santo André,1740079748,24.59,91,1012,Thunderstorm,storm_event
3450302,Santo André,1740166148,20.14,70,1012,Rain,normal
3450302,Santo André,1740252548,26.18,62,1009,Rain,normal
3450302,Santo André,1740338948,29.74,43,1017,Clear,normal
3450302,Santo André,1740425348,28.63,40,1013,Clear,normal
3450302,Santo André,1740511748,27.17,80,1009,Drizzle,normal
3450302,Santo André,1740598148,26.07,84,1014,Rain,normal
3450302,Santo André,1740684548,25.79,78,1018,Clouds,normal
3450302,Santo André,1740770948,28.85,62,1011,Clouds,normal
3450302,Santo André,1740857348,26.73,72,1010,Clouds,normal
3450302,Santo André,1740943748,28.28,60,1011,Clear,normal
3450302,Santo André,1741030148,28.9,95,1011,Thunderstorm,storm_event
3450302,Santo André,1741116548,24.94,95,1010,Thunderstorm,storm_event
3450302,Santo André,1741202948,28.54,74,1019,Clouds,normal
3450302,Santo André,1741289348,26.62,83,1012,Clear,normal
3450302,Santo André,1741375748,25.81,75,1012,Rain,normal
3450302,Santo André,1741462148,26.12,92,1016,Rain,normal
3450302,Santo André,1741548548,24.2,92,1011,Clear,normal
3450302,Santo André,1741634948,27.35,72,1009,Rain,normal
3450302,Santo André,1741721348,24.51,84,1015,Clouds,normal
3450302,Santo André,1741807748,26.68,82,1013,Rain,normal
3450302,Santo André,1741894148,29.51,64,1015,Clear,normal
3450302,Santo André,1741980548,23.13,40,1012,Clouds,normal
3450302,Santo André,1742066948,23.84,40,1012,Clouds,normal
3450302,Santo André,1742153348,25.48,70,1016,Rain,normal
3450302,Santo André,1742239748,22.07,51,1017,Clear,normal
3450302,Santo André,1742326148,28.68,67,1020,Clouds,normal
3450302,Santo André,1742412548,24.18,97,1009,Rain,storm_event
3450302,Santo André,1742498948,31.29,50,1008,Clouds,pressure_drop
3450302,Santo André,1742585348,25.48,92,1012,Rain,normal
3450302,Santo André,1742671748,22.99,66,1016,Rain,normal
3450302,Santo André,1742758148,27.94,72,1012,Clouds,normal
3450302,Santo André,1742844548,31.59,50,1008,Drizzle,pressure_drop
3450302,Santo André,1742930948,22.01,64,1008,Drizzle,pressure_drop
3450302,Santo André,1743017348,26.43,56,1019,Clouds,normal
3450302,Santo André,1743103748,27.01,92,1013,Thunderstorm,storm_event
3450302,Santo André,1743190148,23.37,54,1016,Clouds,normal
3450302,Santo André,1743276548,23.6,83,1012,Rain,normal
3450302,Santo André,1743362948,24.42,95,1012,Thunderstorm,storm_event
3450302,Santo André,1743449348,23.35,43,1017,Clouds,normal
3450302,Santo André,1743535748,21.07,70,1013,Clouds,normal
3450302,Santo André,1743622148,24.71,96,1008,Clear,pressure_drop
3450302,Santo André,1743708548,19.38,40,1019,Clear,normal
3450302,Santo André,1743794948,19.33,45,1011,Clouds,normal
3450302,Santo André,1743881348,21.55,98,1012,Thunderstorm,storm_event
3450302,Santo André,1743967748,21.77,79,1009,Clouds,normal
3450302,Santo André,1744054148,19.81,82,1022,Clear,normal
3450302,Santo André,1744140548,14.25,62,1008,Rain,pressure_drop
3450302,Santo André,1744226948,19.31,92,1012,Clouds,normal
3450302,Santo André,1744313348,22.79,51,1016,Clouds,normal
3450302,Santo André,1744399748,13.44,72,1020,Clear,cold_snap
3450302,Santo André,1744486148,20.74,48,1015,Clear,normal
3450302,Santo André,1744572548,15.77,77,1015,Drizzle,normal
3450302,Santo André,1744658948,19.95,92,1016,Clouds,normal
3450302,Santo André,1744745348,20.47,55,1017,Rain,normal
3450302,Santo André,1744831748,17.97,67,1019,Clear,normal
3450302,Santo André,1744918148,25.03,92,1009,Clear,normal
3450302,Santo André,1745004548,15.95,76,1013,Clouds,normal
3450302,Santo André,1745090948,22.06,68,1008,Rain,pressure_drop
3450302,Santo André,1745177348,10.39,61,1021,Rain,cold_snap
3450302,Santo André,1745263748,18.67,40,1019,Clouds,normal
3450302,Santo André,1745350148,17.71,40,1010,Clouds,normal
3450302,Santo André,1745436548,20.15,48,1016,Clear,normal
3450302,Santo André,1745522948,25.8,40,1016,Clouds,normal
3450302,Santo André,1745609348,17.72,97,1014,Clouds,extreme_humidity
3450302,Santo André,1745695748,21.04,87,1009,Clear,normal
3450302,Santo André,1745782148,24.73,80,1017,Clouds,normal
3450302,Santo André,1745868548,15.77,78,1019,Clear,normal
3450302,Santo André,1745954948,21.44,96,1008,Clouds,pressure_drop
3450302,Santo André,1746041348,21.8,55,1019,Clouds,normal
3450302,Santo André,1746127748,25.51,81,1012,Clear,normal
3450302,Santo André,1746214148,21.61,97,1013,Rain,extreme_humidity
3450302,Santo André,1746300548,21.69,55,1009,Clouds,normal
3450302,Santo André,1746386948,16.72,56,1009,Clouds,normal
3450302,Santo André,1746473348,22.71,66,1014,Clouds,normal
3450302,Santo André,1746559748,22.82,65,1008,Drizzle,pressure_drop
3450302,Santo André,1746646148,23.74,82,1014,Clear,normal
3450302,Santo André,1746732548,19.63,68,1012,Clouds,normal
3450302,Santo André,1746818948,21.78,92,1010,Rain,normal
3450302,Santo André,1746905348,24.83,81,1017,Clouds,normal
3450302,Santo André,1746991748,20.49,65,1021,Clear,normal
3450302,Santo André,1747078148,16.72,75,1013,Clear,normal
3450302,Santo André,1747164548,22.66,46,1016,Clear,normal
3450302,Santo André,1747250948,22.54,77,1020,Clouds,normal
3450302,Santo André,1747337348,21.66,92,1021,Rain,normal
3450302,Santo André,1747423748,22.72,72,1015,Clear,normal
3450302,Santo André,1747510148,25.35,64,1008,Clouds,pressure_drop
3450302,Santo André,1747596548,17.75,67,1013,Clouds,normal
3450302,Santo André,1747682948,21.84,56,1020,Clouds,normal
3450302,Santo André,1747769348,25.72,72,1015,Clear,normal
3450302,Santo André,1747855748,20.1,71,1014,Clear,normal
3450302,Santo André,1747942148,21.93,63,1014,Clear,normal
3450302,Santo André,1748028548,12.73,54,1017,Clear,cold_snap
3450302,Santo André,1748114948,19.44,61,1014,Clear,normal
3450302,Santo André,1748201348,22.43,55,1019,Clear,normal
3450302,Santo André,1748287748,25.58,62,1008,Drizzle,pressure_drop
3450302,Santo André,1748374148,21.19,87,1014,Rain,normal
3450302,Santo André,1748460548,20.72,42,1017,Clear,normal
3450302,Santo André,1748546948,23.62,75,1014,Clear,normal
3450302,Santo André,1748633348,22.13,71,1014,Clear,normal
3450302,Santo André,1748719748,19.74,73,1009,Drizzle,normal
3450302,Santo André,1748806148,16.07,55,1016,Clear,normal
3450302,Santo André,1748892548,12.0,69,1009,Clouds,normal
3450302,Santo André,1748978948,21.95,68,1020,Rain,normal
3450302,Santo André,1749065348,16.11,40,1015,Clear,normal
3450302,Santo André,1749151748,18.98,55,1016,Clear,normal
3450302,Santo André,1749238148,18.47,97,1011,Thunderstorm,storm_event
3450302,Santo André,1749324548,19.64,53,1014,Clear,normal
3450302,Santo André,1749410948,23.92,37,1016,Clouds,drought
3450302,Santo André,1749497348,12.7,80,1014,Rain,normal
3450302,Santo André,1749583748,16.25,59,1013,Drizzle,normal
3450302,Santo André,1749670148,20.07,49,1022,Clear,normal
3450302,Santo André,1749756548,17.52,83,1009,Rain,normal
3450302,Santo André,1749842948,18.03,79,1014,Rain,normal
3450302,Santo André,1749929348,18.31,63,1016,Clear,normal
3450302,Santo André,1750015748,17.93,55,1009,Clouds,normal
3450302,Santo André,1750102148,16.08,74,1012,Rain,normal
3450302,Santo André,1750188548,14.78,71,1020,Clouds,normal
3450302,Santo André,1750274948,18.14,55,1009,Rain,normal
3450302,Santo André,1750361348,20.72,51,1012,Clouds,normal
3450302,Santo André,1750447748,14.59,68,1008,Clear,pressure_drop
3450302,Santo André,1750534148,16.66,64,1014,Clear,normal
3450302,Santo André,1750620548,21.01,86,1013,Clouds,normal
3450302,Santo André,1750706948,19.03,76,1015,Clear,normal
3450302,Santo André,1750793348,20.14,81,1018,Rain,normal
3450302,Santo André,1750879748,12.0,40,1014,Clear,normal
3450302,Santo André,1750966148,19.79,56,1010,Rain,normal
3450302,Santo André,1751052548,15.67,78,1013,Drizzle,normal
3450302,Santo André,1751138948,17.34,40,1014,Clouds,normal
3450302,Santo André,1751225348,14.76,72,1008,Clouds,pressure_drop
3450302,Santo André,1751311748,17.47,49,1014,Clouds,normal
3450302,Santo André,1751398148,18.45,83,1011,Clouds,normal
3450302,Santo André,1751484548,14.81,71,1014,Clear,normal
3450302,Santo André,1751570948,15.67,57,1014,Clouds,normal
3450302,Santo André,1751657348,17.59,92,1013,Drizzle,normal
3450302,Santo André,1751743748,16.57,59,1008,Clouds,pressure_drop
3450302,Santo André,1751830148,11.6,66,1010,Clear,normal
3450302,Santo André,1751916548,17.56,92,1012,Thunderstorm,storm_event
3450302,Santo André,1752002948,17.73,63,1009,Clear,normal
3450302,Santo André,1752089348,13.81,88,1016,Clear,normal
3450302,Santo André,1752175748,17.49,92,1020,Clouds,normal
3450302,Santo André,1752262148,14.73,69,1014,Clear,normal
3450302,Santo André,1752348548,18.65,44,1016,Clear,normal
3450302,Santo André,1752434948,16.75,84,1017,Drizzle,normal
3450302,Santo André,1752521348,16.49,62,1009,Clear,normal
3450302,Santo André,1752607748,21.64,44,1014,Clear,normal
3450302,Santo André,1752694148,17.43,54,1010,Clouds,normal
3450302,Santo André,1752780548,20.25,62,1012,Rain,normal
3450302,Santo André,1752866948,17.58,92,1015,Rain,normal
3450302,Santo André,1752953348,17.47,92,1012,Clear,normal
3450302,Santo André,1753039748,17.78,77,1017,Clouds,normal
3450302,Santo André,1753126148,17.23,86,1014,Clear,normal
3450302,Santo André,1753212548,17.7,89,1012,Thunderstorm,storm_event
3450302,Santo André,1753298948,16.73,69,1010,Clouds,normal
3450302,Santo André,1753385348,16.91,91,1008,Rain,pressure_drop
3450302,Santo André,1753471748,13.27,55,1018,Clear,normal
3450302,Santo André,1753558148,21.22,37,1015,Clear,drought
3450302,Santo André,1753644548,21.66,62,1019,Clear,normal
3450302,Santo André,1753730948,14.16,73,1014,Clouds,normal
3450302,Santo André,1753817348,17.43,67,1019,Clear,normal
3450302,Santo André,1753903748,19.9,40,1016,Clear,normal
3450302,Santo André,1753990148,16.56,90,1013,Rain,normal
3450302,Santo André,1754076548,21.56,76,1017,Clouds,normal
3450302,Santo André,1754162948,20.67,79,1015,Clear,normal
3450302,Santo André,1754249348,14.71,95,1013,Thunderstorm,storm_event
3450302,Santo André,1754335748,22.54,40,1018,Clear,normal
3450302,Santo André,1754422148,18.47,96,1008,Drizzle,pressure_drop
3450302,Santo André,1754508548,15.24,97,1013,Rain,extreme_humidity
3450302,Santo André,1754594948,15.68,69,1017,Clear,normal
3450302,Santo André,1754681348,18.66,50,1008,Clouds,pressure_drop
3450302,Santo André,1754767748,19.55,73,1021,Clouds,normal
3450302,Santo André,1754854148,22.54,92,1009,Rain,normal
3450302,Santo André,1754940548,18.96,64,1018,Clouds,normal
3450302,Santo André,1755026948,15.83,57,1015,Clear,normal
3450302,Santo André,1755113348,16.37,61,1017,Clear,normal
3450302,Santo André,1755199748,20.56,52,1011,Clear,normal
3450302,Santo André,1755286148,18.7,67,1017,Rain,normal
3450302,Santo André,1755372548,21.53,40,1019,Clear,normal
3450302,Santo André,1755458948,14.5,84,1008,Drizzle,pressure_drop
3450302,Santo André,1755545348,15.53,62,1022,Clear,normal
3450302,Santo André,1755631748,22.54,60,1021,Clouds,normal
3450302,Santo André,1755718148,16.57,96,1013,Thunderstorm,storm_event
3450302,Santo André,1755804548,12.74,47,1012,Clear,normal
3450302,Santo André,1755890948,19.75,61,1013,Clouds,normal
3450302,Santo André,1755977348,14.69,81,1014,Rain,normal
3450302,Santo André,1756063748,17.91,82,1009,Rain,normal
3450302,Santo André,1756150148,19.21,73,1019,Rain,normal
3450302,Santo André,1756236548,19.79,42,1016,Clouds,normal
3450302,Santo André,1756322948,16.47,67,1013,Clear,normal
3450302,Santo André,1756409348,17.79,56,1020,Clear,normal
3450302,Santo André,1756495748,19.29,85,1021,Clouds,normal
3450302,Santo André,1756582148,16.85,45,1016,Clear,normal
3450302,Santo André,1756668548,18.57,40,1019,Clear,normal
3450302,Santo André,1756754948,20.93,81,1017,Clear,normal
3450302,Santo André,1756841348,19.87,94,1009,Rain,storm_event
3450302,Santo André,1756927748,19.53,72,1019,Clear,normal
3450302,Santo André,1757014148,20.62,94,1009,Thunderstorm,storm_event
3450302,Santo André,1757100548,21.65,60,1021,Clear,normal
3450302,Santo André,1757186948,23.18,81,1015,Clouds,normal
3450302,Santo André,1757273348,19.23,59,1012,Clouds,normal
3450302,Santo André,1757359748,19.92,84,1008,Drizzle,pressure_drop
3450302,Santo André,1757446148,25.43,72,1019,Clouds,normal
3450302,Santo André,1757532548,19.9,97,1011,Thunderstorm,storm_event
3450302,Santo André,1757618948,18.58,74,1017,Clouds,normal
3450302,Santo André,1757705348,23.52,65,1020,Clouds,normal
3450302,Santo André,1757791748,25.44,88,1014,Clear,normal
3450302,Santo André,1757878148,23.8,51,1011,Clear,normal
3450302,Santo André,1757964548,12.01,58,1015,Rain,cold_snap
3450302,Santo André,1758050948,20.49,69,1015,Clear,normal
3450302,Santo André,1758137348,23.26,96,1008,Clear,pressure_drop
3450302,Santo André,1758223748,23.46,67,1014,Clouds,normal
3450302,Santo André,1758310148,21.26,79,1016,Clear,normal
3450302,Santo André,1758396548,23.54,73,1014,Clouds,normal
3450302,Santo André,1758482948,20.22,57,1009,Clouds,normal
3450302,Santo André,1758569348,26.01,73,1014,Clouds,normal
3450302,Santo André,1758655748,19.95,93,1009,Rain,storm_event
3450302,Santo André,1758742148,17.01,61,1019,Clear,normal
3450302,Santo André,1758828548,17.95,92,1011,Clear,normal
3450302,Santo André,1758914948,18.97,61,1011,Drizzle,normal
3450302,Santo André,1759001348,20.71,53,1016,Clear,normal
3450302,Santo André,1759087748,22.38,71,1015,Clear,normal
3450302,Santo André,1759174148,21.25,83,1022,Clear,normal
3450302,Santo André,1759260548,21.72,82,1010,Rain,normal
3450302,Santo André,1759346948,19.81,80,1014,Clouds,normal
3450302,Santo André,1759433348,21.9,77,1008,Clear,pressure_drop
3450302,Santo André,1759519748,23.46,79,1010,Rain,normal
3450302,Santo André,1759606148,12.67,60,1019,Rain,cold_snap
3450302,Santo André,1759692548,26.5,78,1010,Clear,normal
3450302,Santo André,1759778948,23.29,61,1009,Clouds,normal
3450302,Santo André,1759865348,22.62,40,1009,Clear,normal
3450302,Santo André,1759951748,20.39,56,1012,Clouds,normal
3450302,Santo André,1760038148,22.45,54,1012,Clouds,normal
3450302,Santo André,1760124548,20.48,95,1008,Rain,storm_event
3450302,Santo André,1760210948,20.21,98,1012,Rain,extreme_humidity
3450302,Santo André,1760297348,13.2,68,1017,Clouds,cold_snap
3450302,Santo André,1760383748,23.09,76,1016,Drizzle,normal
3450302,Santo André,1760470148,24.82,53,1014,Clear,normal
3450302,Santo André,1760556548,21.94,68,1009,Rain,normal
3450302,Santo André,1760642948,21.94,58,1015,Clouds,normal
3450302,Santo André,1760729348,20.07,52,1009,Clouds,normal
3450302,Santo André,1760815748,16.38,91,1009,Drizzle,normal
3450302,Santo André,1760902148,21.09,62,1015,Clear,normal
3450302,Santo André,1760988548,24.55,92,1019,Clear,normal
3450302,Santo André,1761074948,20.05,98,1015,Rain,extreme_humidity
3450302,Santo André,1761161348,15.96,92,1012,Drizzle,normal
3450302,Santo André,1761247748,22.18,54,1015,Clouds,normal
3450302,Santo André,1761334148,15.96,88,1015,Clear,normal
3450302,Santo André,1761420548,19.52,92,1013,Drizzle,normal
3450302,Santo André,1761506948,19.3,96,1010,Thunderstorm,storm_event
3450302,Santo André,1761593348,21.0,91,1008,Thunderstorm,storm_event
3450302,Santo André,1761679748,18.61,89,1012,Thunderstorm,storm_event
3450302,Santo André,1761766148,18.25,93,1009,Rain,storm_event
3450302,Santo André,1761852548,20.37,62,1008,Drizzle,pressure_drop
3450302,Santo André,1761938948,25.48,82,1013,Drizzle,normal
3450302,Santo André,1762025348,19.35,57,1016,Clouds,normal
3450302,Santo André,1762111748,16.26,65,1014,Clear,normal
3450302,Santo André,1762198148,20.14,97,1009,Clouds,extreme_humidity
3450302,Santo André,1762284548,18.46,80,1009,Rain,normal
3450302,Santo André,1762370948,25.42,64,1014,Clear,normal
3450302,Santo André,1762457348,20.35,97,1013,Thunderstorm,storm_event
3450302,Santo André,1762543748,21.55,65,1013,Clouds,normal
3450302,Santo André,1762630148,20.02,86,1011,Clear,normal
3450302,Santo André,1762716548,22.0,52,1016,Clouds,normal
3450302,Santo André,1762802948,20.92,60,1014,Clear,normal
3450302,Santo André,1762889348,22.11,50,1011,Clouds,normal
3450302,Santo André,1762975748,21.68,57,1019,Clear,normal
3450302,Santo André,1763062148,11.47,53,1017,Clouds,cold_snap
3450302,Santo André,1763148548,23.91,82,1014,Clear,normal
3450302,Santo André,1763234948,20.61,93,1012,Thunderstorm,storm_event
3450302,Santo André,1763321348,22.03,55,1012,Clear,normal
3450302,Santo André,1763407748,19.12,45,1016,Clear,normal
3450302,Santo André,1763494148,17.57,63,1013,Clouds,normal
3450302,Santo André,1763580548,18.2,47,1016,Clouds,normal
3450302,Santo André,1763666948,19.85,69,1008,Clouds,pressure_drop
3450302,Santo André,1763753348,21.46,91,1009,Clear,normal
3450302,Santo André,1763839748,16.26,88,1009,Clear,normal
3450302,Santo André,1763926148,18.41,89,1013,Thunderstorm,storm_event
3450302,Santo André,1764012548,19.96,54,1017,Clouds,normal
3450302,Santo André,1764098948,20.83,98,1011,Clouds,extreme_humidity
3450302,Santo André,1764185348,21.1,57,1013,Clouds,normal
3450302,Santo André,1764271748,20.34,62,1014,Clouds,normal
3450302,Santo André,1764358148,18.32,74,1015,Clouds,normal
3450302,Santo André,1764444548,25.23,89,1012,Clouds,normal
3450302,Santo André,1764530948,17.36,88,1013,Clouds,normal
3450302,Santo André,1764617348,24.07,65,1019,Clear,normal
3450302,Santo André,1764703748,26.77,84,1012,Clear,normal
3450302,Santo André,1764790148,22.51,76,1016,Clouds,normal
3450302,Santo André,1764876548,25.42,45,1009,Clouds,normal
3450302,Santo André,1764962948,26.52,80,1008,Rain,pressure_drop
3450302,Santo André,1765049348,18.45,51,1021,Clear,cold_snap
3450302,Santo André,1765135748,23.92,96,1009,Rain,storm_event
3450302,Santo André,1765222148,30.71,77,1009,Rain,normal
3450302,Santo André,1765308548,22.95,73,1018,Clear,normal
3450302,Santo André,1765394948,24.14,73,1009,Rain,normal
3450302,Santo André,1765481348,23.89,92,1017,Clouds,normal
3450302,Santo André,1765567748,21.74,52,1020,Clear,normal
3450302,Santo André,1765654148,30.09,67,1014,Clouds,normal
3450302,Santo André,1765740548,26.96,64,1014,Clouds,normal
3450302,Santo André,1765826948,25.79,87,1009,Clear,normal
3450302,Santo André,1765913348,25.18,78,1017,Clouds,normal
3450302,Santo André,1765999748,23.09,93,1009,Rain,storm_event
3450302,Santo André,1766086148,26.21,74,1018,Drizzle,normal
3450302,Santo André,1766172548,29.39,39,1013,Clouds,drought
3450302,Santo André,1766258948,28.84,78,1019,Drizzle,normal
3450302,Santo André,1766345348,25.75,87,1012,Rain,normal
3450302,Santo André,1766431748,26.88,78,1013,Clouds,normal
3450302,Santo André,1766518148,28.59,71,1008,Clouds,pressure_drop
3450302,Santo André,1766604548,23.47,92,1016,Drizzle,normal
3450302,Santo André,1766690948,30.71,84,1012,Clouds,normal
3450302,Santo André,1766777348,24.73,60,1010,Clear,normal
3450302,Santo André,1766863748,21.32,97,1009,Thunderstorm,storm_event
3450302,Santo André,1766950148,25.7,98,1011,Rain,extreme_humidity
3450302,Santo André,1767036548,30.71,87,1009,Drizzle,normal
3450302,Santo André,1767122948,22.61,69,1008,Drizzle,pressure_drop
3450302,Santo André,1767209348,26.8,40,1014,Clear,normal
3450302,Santo André,1767295748,22.52,55,1012,Drizzle,normal
3450302,Santo André,1767382148,16.48,69,1018,Clouds,cold_snap
3450302,Santo André,1767468548,22.26,69,1011,Clear,normal
3450302,Santo André,1767554948,29.43,76,1010,Drizzle,normal
3450302,Santo André,1767641348,26.81,69,1008,Rain,pressure_drop
3450302,Santo André,1767727748,25.14,66,1021,Clear,normal
3450302,Santo André,1767814148,16.48,64,1015,Clear,cold_snap
3450302,Santo André,1767900548,25.47,58,1013,Clear,normal
3450302,Santo André,1767986948,28.2,77,1015,Clear,normal
3450302,Santo André,1768073348,22.17,66,1012,Clouds,normal
3450302,Santo André,1768159748,20.81,55,1011,Clear,normal
3450302,Santo André,1768246148,27.46,65,1019,Clouds,normal
3450302,Santo André,1768332548,24.63,66,1018,Clear,normal
3450302,Santo André,1768418948,25.44,55,1009,Rain,normal
3450302,Santo André,1768505348,29.05,74,1011,Clear,normal
3450302,Santo André,1768591748,28.29,98,1017,Rain,extreme_humidity
3450302,Santo André,1768678148,25.44,66,1013,Rain,normal
3450302,Santo André,1768764548,30.45,65,1010,Clear,normal
3450302,Santo André,1768850948,25.42,55,1015,Clear,normal
3450302,Santo André,1768937348,27.1,58,1013,Rain,normal
3450302,Santo André,1769023748,25.55,92,1016,Clear,normal
3450302,Santo André,1769110148,24.41,77,1018,Rain,normal
3450302,Santo André,1769196548,27.06,93,1009,Rain,storm_event
3450302,Santo André,1769282948,22.26,63,1008,Clouds,pressure_drop
3450302,Santo André,1769369348,27.52,53,1017,Clear,normal
3450302,Santo André,1769455748,23.41,91,1009,Clear,normal
3450302,Santo André,1769542148,25.99,40,1019,Clouds,normal
3450302,Santo André,1769628548,23.76,52,1009,Clouds,normal
3450302,Santo André,1769714948,22.28,48,1015,Clear,normal
3450302,Santo André,1769801348,28.76,57,1008,Clouds,pressure_drop
3450302,Santo André,1769887748,23.88,67,1012,Clear,normal
3450302,Santo André,1769974148,23.4,72,1010,Rain,normal
3450302,Santo André,1770060548,22.9,49,1015,Clouds,normal
3450302,Santo André,1770146948,22.62,75,1014,Drizzle,normal
3450302,Santo André,1770233348,29.03,75,1018,Clouds,normal
3450302,Santo André,1770319748,28.26,92,1019,Rain,normal
3450302,Santo André,1770406148,23.67,88,1018,Rain,normal
3450302,Santo André,1770492548,22.8,91,1012,Rain,normal
3450302,Santo André,1770578948,27.05,45,1018,Clouds,normal
3450302,Santo André,1770665348,26.08,92,1014,Clouds,normal
3450302,Santo André,1770751748,25.93,71,1022,Clear,normal
3450302,Santo André,1770838148,23.97,92,1014,Clear,normal
3450302,Santo André,1770924548,23.46,55,1009,Drizzle,normal
3450302,Santo André,1771010948,29.1,78,1017,Clouds,normal
3450302,Santo André,1771097348,25.22,93,1009,Rain,storm_event
3450302,Santo André,1771183748,24.97,96,1013,Thunderstorm,storm_event
3450302,Santo André,1771270148,24.28,98,1013,Drizzle,extreme_humidity
3450302,Santo André,1771356548,27.54,72,1019,Clouds,normal
3450302,Santo André,1771442948,23.1,60,1013,Clear,normal
3450302,Santo André,1771529348,30.91,92,1016,Drizzle,normal
3450302,Santo André,1771615748,26.28,55,1021,Clear,normal
3450302,Santo André,1771702148,26.77,54,1015,Clear,normal
3450302,Santo André,1771788548,28.64,67,1018,Clouds,normal
3450302,Santo André,1771874948,26.36,84,1016,Clear,normal
3450302,Santo André,1771961348,21.71,98,1009,Rain,storm_event
3450302,Santo André,1772047748,27.4,74,1010,Drizzle,normal
3450302,Santo André,1772134148,22.41,65,1013,Clear,normal
3450302,Santo André,1772220548,23.04,91,1013,Rain,normal
3450302,Santo André,1772306948,31.14,55,1009,Rain,normal
3450302,Santo André,1772393348,27.3,76,1014,Rain,normal
3450302,Santo André,1772479748,27.99,57,1015,Rain,normal
3450302,Santo André,1772566148,22.31,74,1008,Rain,pressure_drop
3450302,Santo André,1772652548,23.69,69,1014,Clouds,normal
3450302,Santo André,1772738948,28.43,74,1017,Rain,normal
3450302,Santo André,1772825348,24.35,61,1014,Clouds,normal
3450302,Santo André,1772911748,25.71,40,1020,Clouds,normal
3450302,Santo André,1772998148,25.23,50,1022,Clear,normal
3450302,Santo André,1773084548,25.26,95,1013,Thunderstorm,storm_event
3450302,Santo André,1773170948,24.0,61,1012,Rain,normal
3450302,Santo André,1773257348,21.93,75,1012,Rain,normal
3450302,Santo André,1773343748,26.01,93,1009,Rain,storm_event
3450302,Santo André,1773430148,27.05,69,1013,Clouds,normal
3450302,Santo André,1773516548,29.49,86,1010,Clouds,normal
3450302,Santo André,1773602948,32.48,37,1020,Clouds,drought
3450302,Santo André,1773689348,29.79,65,1019,Clear,normal
3450302,Santo André,1773775748,23.03,72,1018,Clouds,normal
3450302,Santo André,1773862148,25.74,40,1017,Clear,normal
3450302,Santo André,1773948548,23.94,59,1015,Clear,normal
3450302,Santo André,1774034948,26.4,40,1020,Clouds,normal
3450302,Santo André,1774121348,23.47,40,1018,Clear,normal
3450302,Santo André,1774207748,30.32,38,1017,Clear,drought
3450302,Santo André,1774294148,24.89,98,1013,Rain,extreme_humidity
3450302,Santo André,1774380548,30.11,72,1018,Rain,normal
3450302,Santo André,1774466948,23.04,95,1009,Rain,storm_event
3450302,Santo André,1774553348,31.38,73,1014,Rain,normal
3450302,Santo André,1774639748,23.51,70,1011,Clear,normal
3450302,Santo André,1774726148,28.5,96,1010,Thunderstorm,storm_event
3450302,Santo André,1774812548,21.6,67,1013,Clouds,normal
3450302,Santo André,1774898948,25.02,50,1010,Clouds,normal
3450302,Santo André,1774985348,26.7,92,1015,Rain,normal
3450302,Santo André,1775071748,19.63,77,1016,Clear,normal
3450302,Santo André,1775158148,23.28,70,1010,Rain,normal
3450302,Santo André,1775244548,19.39,58,1011,Clear,normal
3450302,Santo André,1775330948,20.94,60,1019,Clouds,normal
3450302,Santo André,1775417348,22.17,65,1009,Rain,normal
3450302,Santo André,1775503748,18.78,92,1016,Rain,normal
3450302,Santo André,1775590148,25.04,63,1017,Clouds,normal
3450302,Santo André,1775676548,20.63,64,1013,Clouds,normal
3450302,Santo André,1775762948,12.06,52,1016,Clouds,cold_snap
3450302,Santo André,1775849348,23.48,50,1008,Rain,pressure_drop
3450302,Santo André,1775935748,19.71,65,1011,Clear,normal
3450302,Santo André,1776022148,21.29,70,1017,Clouds,normal
3450302,Santo André,1776108548,16.72,88,1015,Rain,normal
3450302,Santo André,1776194948,24.15,92,1011,Rain,normal
3450302,Santo André,1776281348,17.89,89,1011,Thunderstorm,storm_event
3450302,Santo André,1776367748,19.13,64,1015,Rain,normal
3450302,Santo André,1776454148,23.01,94,1010,Thunderstorm,storm_event
3450302,Santo André,1776540548,24.51,70,1013,Rain,normal
3450302,Santo André,1776626948,20.78,66,1009,Clouds,normal
3450302,Santo André,1776713348,20.09,67,1013,Clouds,normal
3450302,Santo André,1776799748,19.83,66,1015,Clear,normal
3450302,Santo André,1776886148,21.39,77,1015,Clouds,normal
3450302,Santo André,1776972548,20.14,90,1014,Drizzle,normal
3450302,Santo André,1777058948,20.49,67,1015,Clear,normal
3450302,Santo André,1777145348,10.43,72,1022,Clouds,cold_snap
3450302,Santo André,1777231748,22.57,40,1018,Clear,normal
3450302,Santo André,1777318148,17.51,97,1009,Rain,storm_event
3450302,Santo André,1777404548,19.49,90,1012,Drizzle,normal
3450302,Santo André,1777490948,22.98,79,1009,Clear,normal
3450302,Santo André,1777577348,21.57,62,1008,Clouds,pressure_drop
3450302,Santo André,1777663748,22.56,92,1015,Clear,normal
3450302,Santo André,1777750148,21.0,50,1020,Clear,normal
3450302,Santo André,1777836548,18.87,56,1015,Clear,normal
3450302,Santo André,1777922948,18.61,84,1014,Clear,normal
3450302,Santo André,1778009348,20.38,92,1010,Drizzle,normal
3450302,Santo André,1778095748,22.16,59,1018,Clear,normal
3450302,Santo André,1778182148,22.46,61,1013,Clear,normal
3450302,Santo André,1778268548,18.19,87,1021,Clouds,normal
3450302,Santo André,1778354948,22.53,85,1021,Clear,normal
3450302,Santo André,1778441348,17.08,76,1016,Drizzle,normal
3450302,Santo André,1778527748,25.84,69,1012,Rain,normal
3450302,Santo André,1778614148,24.7,71,1008,Clear,pressure_drop
3450302,Santo André,1778700548,16.72,48,1011,Clouds,normal
3445831,São José dos Campos,1715714948,21.7,50,1010,Clouds,normal
3445831,São José dos Campos,1715801348,17.98,71,1011,Rain,normal
3445831,São José dos Campos,1715887748,20.15,58,1017,Clear,normal
3445831,São José dos Campos,1715974148,24.17,49,1014,Clouds,normal
3445831,São José dos Campos,1716060548,17.67,66,1020,Clear,normal
3445831,São José dos Campos,1716146948,16.48,70,1008,Clouds,pressure_drop
3445831,São José dos Campos,1716233348,19.21,97,1012,Rain,extreme_humidity
3445831,São José dos Campos,1716319748,16.46,57,1016,Clear,normal
3445831,São José dos Campos,1716406148,20.15,85,1012,Rain,normal
3445831,São José dos Campos,1716492548,23.71,72,1015,Clear,normal
3445831,São José dos Campos,1716578948,20.23,57,1019,Clear,normal
3445831,São José dos Campos,1716665348,19.47,97,1013,Thunderstorm,storm_event
3445831,São José dos Campos,1716751748,22.87,79,1012,Clear,normal
3445831,São José dos Campos,1716838148,21.15,47,1011,Clear,normal
3445831,São José dos Campos,1716924548,23.82,82,1017,Clear,normal
3445831,São José dos Campos,1717010948,22.35,83,1014,Rain,normal
3445831,São José dos Campos,1717097348,18.91,50,1018,Clouds,normal
3445831,São José dos Campos,1717183748,15.81,92,1012,Rain,normal
3445831,São José dos Campos,1717270148,20.56,70,1011,Clear,normal
3445831,São José dos Campos,1717356548,16.96,98,1014,Clouds,extreme_humidity
3445831,São José dos Campos,1717442948,20.08,37,1012,Clear,drought
3445831,São José dos Campos,1717529348,17.51,40,1013,Clear,normal
3445831,São José dos Campos,1717615748,15.48,92,1009,Rain,normal
3445831,São José dos Campos,1717702148,20.59,75,1018,Rain,normal
3445831,São José dos Campos,1717788548,17.08,73,1020,Clouds,normal
3445831,São José dos Campos,1717874948,17.48,78,1013,Rain,normal
3445831,São José dos Campos,1717961348,17.7,70,1014,Clouds,normal
3445831,São José dos Campos,1718047748,19.54,78,1012,Clear,normal
3445831,São José dos Campos,1718134148,14.76,68,1012,Clouds,normal
3445831,São José dos Campos,1718220548,20.56,85,1008,Drizzle,pressure_drop
3445831,São José dos Campos,1718306948,16.34,60,1022,Clouds,normal
3445831,São José dos Campos,1718393348,13.67,83,1016,Clear,normal
3445831,São José dos Campos,1718479748,17.61,67,1022,Clouds,normal
3445831,São José dos Campos,1718566148,14.82,40,1019,Clouds,normal
3445831,São José dos Campos,1718652548,17.68,98,1016,Clouds,extreme_humidity
3445831,São José dos Campos,1718738948,17.49,93,1009,Rain,storm_event
3445831,São José dos Campos,1718825348,14.84,71,1008,Clouds,pressure_drop
3445831,São José dos Campos,1718911748,15.3,75,1008,Clear,pressure_drop
3445831,São José dos Campos,1718998148,16.42,69,1017,Rain,normal
3445831,São José dos Campos,1719084548,12.05,89,1011,Thunderstorm,storm_event
3445831,São José dos Campos,1719170948,16.97,81,1019,Clear,normal
3445831,São José dos Campos,1719257348,12.38,92,1017,Drizzle,normal
3445831,São José dos Campos,1719343748,17.43,73,1020,Clouds,normal
3445831,São José dos Campos,1719430148,13.37,65,1010,Clear,normal
3445831,São José dos Campos,1719516548,20.46,47,1013,Clouds,normal
3445831,São José dos Campos,1719602948,18.02,60,1018,Clear,normal
3445831,São José dos Campos,1719689348,19.73,62,1020,Rain,normal
3445831,São José dos Campos,1719775748,15.48,64,1013,Clouds,normal
3445831,São José dos Campos,1719862148,13.46,69,1017,Clouds,normal
3445831,São José dos Campos,1719948548,15.28,68,1014,Clouds,normal
3445831,São José dos Campos,1720034948,18.89,74,1015,Clear,normal
3445831,São José dos Campos,1720121348,17.54,97,1009,Rain,storm_event
3445831,São José dos Campos,1720207748,17.47,62,1015,Clear,normal
3445831,São José dos Campos,1720294148,19.91,53,1019,Clouds,normal
3445831,São José dos Campos,1720380548,15.22,60,1011,Clear,normal
3445831,São José dos Campos,1720466948,6.87,75,1015,Clouds,cold_snap
3445831,São José dos Campos,1720553348,18.94,68,1017,Clouds,normal
3445831,São José dos Campos,1720639748,15.0,65,1009,Clear,normal
3445831,São José dos Campos,1720726148,19.52,92,1018,Rain,normal
3445831,São José dos Campos,1720812548,20.63,92,1019,Clouds,normal
3445831,São José dos Campos,1720898948,12.85,68,1015,Clouds,normal
3445831,São José dos Campos,1720985348,17.39,69,1015,Clear,normal
3445831,São José dos Campos,1721071748,18.57,58,1011,Clouds,normal
3445831,São José dos Campos,1721158148,11.87,92,1009,Clear,normal
3445831,São José dos Campos,1721244548,16.32,94,1009,Rain,storm_event
3445831,São José dos Campos,1721330948,16.91,65,1012,Clear,normal
3445831,São José dos Campos,1721417348,24.11,65,1008,Rain,pressure_drop
3445831,São José dos Campos,1721503748,15.61,70,1018,Drizzle,normal
3445831,São José dos Campos,1721590148,16.01,47,1012,Clear,normal
3445831,São José dos Campos,1721676548,14.16,73,1020,Clouds,normal
3445831,São José dos Campos,1721762948,12.42,56,1014,Clouds,normal
3445831,São José dos Campos,1721849348,17.17,86,1017,Drizzle,normal
3445831,São José dos Campos,1721935748,20.13,92,1014,Rain,normal
3445831,São José dos Campos,1722022148,11.17,77,1017,Clouds,normal
3445831,São José dos Campos,1722108548,14.56,72,1015,Clear,normal
3445831,São José dos Campos,1722194948,17.06,77,1015,Drizzle,normal
3445831,São José dos Campos,1722281348,14.48,66,1013,Clouds,normal
3445831,São José dos Campos,1722367748,14.82,88,1012,Thunderstorm,storm_event
3445831,São José dos Campos,1722454148,16.69,75,1019,Clear,normal
3445831,São José dos Campos,1722540548,8.56,61,1022,Clear,cold_snap
3445831,São José dos Campos,1722626948,19.48,91,1009,Drizzle,normal
3445831,São José dos Campos,1722713348,16.63,69,1013,Rain,normal
3445831,São José dos Campos,1722799748,15.94,62,1019,Clouds,normal
3445831,São José dos Campos,1722886148,12.04,85,1014,Clear,normal
3445831,São José dos Campos,1722972548,17.12,70,1013,Clear,normal
3445831,São José dos Campos,1723058948,14.48,63,1009,Clouds,normal
3445831,São José dos Campos,1723145348,20.06,70,1008,Clouds,pressure_drop
3445831,São José dos Campos,1723231748,19.17,80,1015,Rain,normal
3445831,São José dos Campos,1723318148,17.15,58,1020,Clear,normal
3445831,São José dos Campos,1723404548,15.24,63,1015,Clouds,normal
3445831,São José dos Campos,1723490948,17.73,76,1008,Rain,pressure_drop
3445831,São José dos Campos,1723577348,11.65,62,1017,Clear,normal
3445831,São José dos Campos,1723663748,21.29,67,1020,Clouds,normal
3445831,São José dos Campos,1723750148,20.72,59,1013,Rain,normal
3445831,São José dos Campos,1723836548,13.16,92,1012,Clear,normal
3445831,São José dos Campos,1723922948,16.37,55,1010,Rain,normal
3445831,São José dos Campos,1724009348,13.04,68,1012,Clear,normal
3445831,São José dos Campos,1724095748,14.7,78,1010,Rain,normal
3445831,São José dos Campos,1724182148,17.01,77,1010,Rain,normal
3445831,São José dos Campos,1724268548,22.66,59,1009,Clouds,normal
3445831,São José dos Campos,1724354948,20.34,64,1014,Clouds,normal
3445831,São José dos Campos,1724441348,17.52,90,1011,Thunderstorm,storm_event
3445831,São José dos Campos,1724527748,8.56,59,1020,Clouds,cold_snap
3445831,São José dos Campos,1724614148,17.93,78,1014,Clear,normal
3445831,São José dos Campos,1724700548,19.74,95,1008,Clouds,pressure_drop
3445831,São José dos Campos,1724786948,15.44,82,1015,Clouds,normal
3445831,São José dos Campos,1724873348,17.82,86,1014,Rain,normal
3445831,São José dos Campos,1724959748,19.11,87,1015,Clouds,normal
3445831,São José dos Campos,1725046148,20.57,82,1018,Clear,normal
3445831,São José dos Campos,1725132548,23.27,60,1014,Clear,normal
3445831,São José dos Campos,1725218948,19.83,40,1020,Clouds,normal
3445831,São José dos Campos,1725305348,21.48,55,1015,Rain,normal
3445831,São José dos Campos,1725391748,21.56,56,1012,Clouds,normal
3445831,São José dos Campos,1725478148,23.42,54,1011,Clear,normal
3445831,São José dos Campos,1725564548,27.34,39,1011,Clear,drought
3445831,São José dos Campos,1725650948,24.57,92,1011,Rain,normal
3445831,São José dos Campos,1725737348,19.19,55,1015,Clouds,normal
3445831,São José dos Campos,1725823748,16.94,92,1011,Rain,normal
3445831,São José dos Campos,1725910148,19.0,88,1013,Thunderstorm,storm_event
3445831,São José dos Campos,1725996548,22.56,64,1018,Clouds,normal
3445831,São José dos Campos,1726082948,17.85,58,1014,Drizzle,normal
3445831,São José dos Campos,1726169348,17.56,92,1011,Clouds,normal
3445831,São José dos Campos,1726255748,21.72,92,1011,Rain,normal
3445831,São José dos Campos,1726342148,23.66,75,1012,Clouds,normal
3445831,São José dos Campos,1726428548,16.78,57,1020,Clear,normal
3445831,São José dos Campos,1726514948,22.31,40,1010,Clouds,normal
3445831,São José dos Campos,1726601348,20.43,61,1010,Rain,normal
3445831,São José dos Campos,1726687748,14.67,56,1008,Clear,pressure_drop
3445831,São José dos Campos,1726774148,15.8,69,1016,Clouds,normal
3445831,São José dos Campos,1726860548,21.42,92,1022,Clear,normal
3445831,São José dos Campos,1726946948,20.43,80,1020,Clouds,normal
3445831,São José dos Campos,1727033348,19.29,64,1010,Rain,normal
3445831,São José dos Campos,1727119748,20.09,76,1015,Clouds,normal
3445831,São José dos Campos,1727206148,19.97,79,1019,Clouds,normal
3445831,São José dos Campos,1727292548,22.28,83,1018,Clear,normal
3445831,São José dos Campos,1727378948,24.7,66,1011,Clouds,normal
3445831,São José dos Campos,1727465348,22.67,96,1009,Rain,storm_event
3445831,São José dos Campos,1727551748,17.2,93,1011,Thunderstorm,storm_event
3445831,São José dos Campos,1727638148,18.52,52,1008,Clear,pressure_drop
3445831,São José dos Campos,1727724548,26.65,35,1013,Clear,drought
3445831,São José dos Campos,1727810948,21.91,98,1018,Rain,extreme_humidity
3445831,São José dos Campos,1727897348,21.53,61,1016,Clear,normal
3445831,São José dos Campos,1727983748,24.37,38,1014,Clouds,drought
3445831,São José dos Campos,1728070148,20.88,50,1010,Clouds,normal
3445831,São José dos Campos,1728156548,18.99,40,1017,Clouds,normal
3445831,São José dos Campos,1728242948,20.65,50,1014,Clear,normal
3445831,São José dos Campos,1728329348,16.78,40,1012,Clear,normal
3445831,São José dos Campos,1728415748,21.19,97,1017,Clouds,extreme_humidity
3445831,São José dos Campos,1728502148,22.39,68,1015,Clouds,normal
3445831,São José dos Campos,1728588548,18.29,44,1014,Clear,normal
3445831,São José dos Campos,1728674948,17.2,65,1012,Clear,normal
3445831,São José dos Campos,1728761348,19.33,61,1015,Rain,normal
3445831,São José dos Campos,1728847748,19.8,58,1021,Clouds,normal
3445831,São José dos Campos,1728934148,24.27,89,1017,Clouds,normal
3445831,São José dos Campos,1729020548,24.63,59,1012,Clear,normal
3445831,São José dos Campos,1729106948,19.47,50,1018,Clouds,normal
3445831,São José dos Campos,1729193348,20.87,42,1015,Clear,normal
3445831,São José dos Campos,1729279748,17.9,62,1018,Clouds,normal
3445831,São José dos Campos,1729366148,22.26,62,1013,Clouds,normal
3445831,São José dos Campos,1729452548,23.64,61,1008,Rain,pressure_drop
3445831,São José dos Campos,1729538948,18.77,54,1013,Clouds,normal
3445831,São José dos Campos,1729625348,25.15,62,1008,Clear,pressure_drop
3445831,São José dos Campos,1729711748,24.37,57,1021,Clear,normal
3445831,São José dos Campos,1729798148,20.58,50,1012,Clear,normal
3445831,São José dos Campos,1729884548,22.17,79,1010,Clear,normal
3445831,São José dos Campos,1729970948,18.44,44,1015,Clear,normal
3445831,São José dos Campos,1730057348,21.08,75,1017,Clouds,normal
3445831,São José dos Campos,1730143748,17.87,87,1021,Clouds,normal
3445831,São José dos Campos,1730230148,16.64,43,1013,Clouds,normal
3445831,São José dos Campos,1730316548,19.35,54,1010,Clear,normal
3445831,São José dos Campos,1730402948,20.71,92,1017,Clear,normal
3445831,São José dos Campos,1730489348,20.76,53,1012,Clouds,normal
3445831,São José dos Campos,1730575748,23.89,65,1019,Clouds,normal
3445831,São José dos Campos,1730662148,20.62,63,1015,Drizzle,normal
3445831,São José dos Campos,1730748548,19.48,80,1021,Clouds,normal
3445831,São José dos Campos,1730834948,22.02,98,1016,Rain,extreme_humidity
3445831,São José dos Campos,1730921348,22.43,82,1015,Clear,normal
3445831,São José dos Campos,1731007748,18.14,92,1012,Rain,normal
3445831,São José dos Campos,1731094148,23.91,62,1012,Clear,normal
3445831,São José dos Campos,1731180548,20.62,51,1022,Clouds,normal
3445831,São José dos Campos,1731266948,18.72,67,1020,Clear,normal
3445831,São José dos Campos,1731353348,24.59,56,1016,Clouds,normal
3445831,São José dos Campos,1731439748,26.51,72,1013,Clear,normal
3445831,São José dos Campos,1731526148,26.77,35,1017,Clear,drought
3445831,São José dos Campos,1731612548,19.73,98,1016,Drizzle,extreme_humidity
3445831,São José dos Campos,1731698948,23.25,71,1014,Clouds,normal
3445831,São José dos Campos,1731785348,16.7,60,1019,Clear,normal
3445831,São José dos Campos,1731871748,26.51,71,1017,Clouds,normal
3445831,São José dos Campos,1731958148,22.48,96,1008,Clear,pressure_drop
3445831,São José dos Campos,1732044548,22.67,79,1012,Clear,normal
3445831,São José dos Campos,1732130948,20.0,58,1009,Rain,normal
3445831,São José dos Campos,1732217348,21.7,79,1016,Clear,normal
3445831,São José dos Campos,1732303748,24.4,61,1008,Clear,pressure_drop
3445831,São José dos Campos,1732390148,20.04,97,1012,Clouds,extreme_humidity
3445831,São José dos Campos,1732476548,19.27,97,1013,Clouds,extreme_humidity
3445831,São José dos Campos,1732562948,22.52,92,1019,Clear,normal
3445831,São José dos Campos,1732649348,14.24,73,1017,Clear,cold_snap
3445831,São José dos Campos,1732735748,19.64,47,1020,Clear,normal
3445831,São José dos Campos,1732822148,22.92,90,1013,Thunderstorm,storm_event
3445831,São José dos Campos,1732908548,22.96,98,1014,Rain,extreme_humidity
3445831,São José dos Campos,1732994948,23.44,63,1014,Rain,normal
3445831,São José dos Campos,1733081348,16.98,93,1008,Rain,storm_event
3445831,São José dos Campos,1733167748,24.25,58,1011,Clouds,normal
3445831,São José dos Campos,1733254148,22.68,81,1009,Drizzle,normal
3445831,São José dos Campos,1733340548,26.91,90,1018,Drizzle,normal
3445831,São José dos Campos,1733426948,28.39,63,1011,Clouds,normal
3445831,São José dos Campos,1733513348,16.1,50,1016,Clear,cold_snap
3445831,São José dos Campos,1733599748,25.99,91,1011,Rain,normal
3445831,São José dos Campos,1733686148,23.44,42,1015,Clear,normal
3445831,São José dos Campos,1733772548,22.13,85,1014,Clear,normal
3445831,São José dos Campos,1733858948,24.95,90,1010,Thunderstorm,storm_event
3445831,São José dos Campos,1733945348,16.1,46,1016,Rain,cold_snap
3445831,São José dos Campos,1734031748,21.39,71,1014,Clouds,normal
3445831,São José dos Campos,1734118148,20.65,75,1008,Clouds,pressure_drop
3445831,São José dos Campos,1734204548,29.24,76,1015,Clear,normal
3445831,São José dos Campos,1734290948,25.52,78,1016,Clouds,normal
3445831,São José dos Campos,1734377348,25.98,50,1011,Clear,normal
3445831,São José dos Campos,1734463748,27.91,78,1016,Rain,normal
3445831,São José dos Campos,1734550148,21.54,92,1017,Rain,normal
3445831,São José dos Campos,1734636548,21.33,60,1009,Rain,normal
3445831,São José dos Campos,1734722948,16.1,63,1017,Clear,cold_snap
3445831,São José dos Campos,1734809348,24.94,98,1015,Rain,extreme_humidity
3445831,São José dos Campos,1734895748,28.96,79,1010,Clear,normal
3445831,São José dos Campos,1734982148,29.1,76,1015,Clouds,normal
3445831,São José dos Campos,1735068548,20.26,88,1012,Clear,normal
3445831,São José dos Campos,1735154948,25.68,51,1012,Clouds,normal
3445831,São José dos Campos,1735241348,23.39,67,1014,Rain,normal
3445831,São José dos Campos,1735327748,31.11,72,1016,Clear,normal
3445831,São José dos Campos,1735414148,25.3,72,1010,Clouds,normal
3445831,São José dos Campos,1735500548,28.97,46,1015,Clear,normal
3445831,São José dos Campos,1735586948,22.34,92,1011,Clear,normal
3445831,São José dos Campos,1735673348,24.73,58,1014,Clear,normal
3445831,São José dos Campos,1735759748,27.34,70,1015,Clouds,normal
3445831,São José dos Campos,1735846148,27.56,65,1013,Clear,normal
3445831,São José dos Campos,1735932548,27.26,90,1013,Thunderstorm,storm_event
3445831,São José dos Campos,1736018948,27.68,66,1015,Clouds,normal
3445831,São José dos Campos,1736105348,20.95,98,1016,Drizzle,extreme_humidity
3445831,São José dos Campos,1736191748,28.01,70,1016,Rain,normal
3445831,São José dos Campos,1736278148,25.64,69,1012,Rain,normal
3445831,São José dos Campos,1736364548,22.43,92,1015,Clouds,normal
3445831,São José dos Campos,1736450948,24.31,64,1014,Clear,normal
3445831,São José dos Campos,1736537348,25.77,92,1011,Drizzle,normal
3445831,São José dos Campos,1736623748,28.93,85,1014,Clouds,normal
3445831,São José dos Campos,1736710148,21.33,63,1018,Clear,normal
3445831,São José dos Campos,1736796548,25.76,91,1014,Clouds,normal
3445831,São José dos Campos,1736882948,25.1,98,1009,Rain,storm_event
3445831,São José dos Campos,1736969348,27.48,60,1015,Clouds,normal
3445831,São José dos Campos,1737055748,26.9,68,1012,Clouds,normal
3445831,São José dos Campos,1737142148,25.19,93,1009,Rain,storm_event
3445831,São José dos Campos,1737228548,23.27,58,1016,Clouds,normal
3445831,São José dos Campos,1737314948,25.96,71,1013,Clear,normal
3445831,São José dos Campos,1737401348,25.22,65,1016,Clouds,normal
3445831,São José dos Campos,1737487748,27.56,71,1016,Clear,normal
3445831,São José dos Campos,1737574148,23.33,58,1010,Rain,normal
3445831,São José dos Campos,1737660548,28.92,54,1019,Clear,normal
3445831,São José dos Campos,1737746948,23.74,93,1013,Thunderstorm,storm_event
3445831,São José dos Campos,1737833348,21.33,47,1019,Clear,normal
3445831,São José dos Campos,1737919748,25.79,75,1009,Rain,normal
3445831,São José dos Campos,1738006148,26.7,58,1010,Clear,normal
3445831,São José dos Campos,1738092548,27.56,72,1015,Clouds,normal
3445831,São José dos Campos,1738178948,25.47,76,1011,Rain,normal
3445831,São José dos Campos,1738265348,24.59,45,1018,Clouds,normal
3445831,São José dos Campos,1738351748,26.15,92,1018,Clouds,normal
3445831,São José dos Campos,1738438148,24.59,79,1016,Clear,normal
3445831,São José dos Campos,1738524548,31.93,60,1016,Clear,normal
3445831,São José dos Campos,1738610948,28.93,56,1019,Clouds,normal
3445831,São José dos Campos,1738697348,17.04,51,1020,Clear,cold_snap
3445831,São José dos Campos,1738783748,24.6,69,1012,Rain,normal
3445831,São José dos Campos,1738870148,31.33,38,1021,Clear,drought
3445831,São José dos Campos,1738956548,25.49,68,1009,Clear,normal
3445831,São José dos Campos,1739042948,25.09,66,1009,Rain,normal
3445831,São José dos Campos,1739129348,17.04,50,1019,Rain,cold_snap
3445831,São José dos Campos,1739215748,25.42,76,1011,Drizzle,normal
3445831,São José dos Campos,1739302148,29.97,82,1017,Clouds,normal
3445831,São José dos Campos,1739388548,24.87,40,1011,Clouds,normal
3445831,São José dos Campos,1739474948,25.9,83,1020,Clouds,normal
3445831,São José dos Campos,1739561348,17.04,53,1020,Clouds,cold_snap
3445831,São José dos Campos,1739647748,30.01,57,1019,Clouds,normal
3445831,São José dos Campos,1739734148,30.17,63,1016,Clouds,normal
3445831,São José dos Campos,1739820548,25.05,83,1014,Clear,normal
3445831,São José dos Campos,1739906948,26.33,86,1015,Rain,normal
3445831,São José dos Campos,1739993348,27.74,62,1022,Clouds,normal
3445831,São José dos Campos,1740079748,28.71,68,1018,Clouds,normal
3445831,São José dos Campos,1740166148,20.53,69,1015,Clear,normal
3445831,São José dos Campos,1740252548,25.64,42,1009,Clouds,normal
3445831,São José dos Campos,1740338948,27.63,55,1012,Rain,normal
3445831,São José dos Campos,1740425348,30.01,78,1011,Clouds,normal
3445831,São José dos Campos,1740511748,24.87,44,1010,Clear,normal
3445831,São José dos Campos,1740598148,24.28,74,1019,Rain,normal
3445831,São José dos Campos,1740684548,25.42,72,1015,Clouds,normal
3445831,São José dos Campos,1740770948,25.75,98,1009,Thunderstorm,storm_event
3445831,São José dos Campos,1740857348,26.09,46,1012,Clouds,normal
3445831,São José dos Campos,1740943748,29.23,86,1021,Clouds,normal
3445831,São José dos Campos,1741030148,21.42,77,1008,Clear,pressure_drop
3445831,São José dos Campos,1741116548,22.92,87,1017,Clear,normal
3445831,São José dos Campos,1741202948,27.44,67,1011,Clear,normal
3445831,São José dos Campos,1741289348,26.31,50,1017,Clear,normal
3445831,São José dos Campos,1741375748,33.2,37,1018,Clear,drought
3445831,São José dos Campos,1741462148,24.42,79,1016,Rain,normal
3445831,São José dos Campos,1741548548,25.14,78,1009,Clear,normal
3445831,São José dos Campos,1741634948,26.07,92,1014,Rain,normal
3445831,São José dos Campos,1741721348,25.86,69,1019,Rain,normal
3445831,São José dos Campos,1741807748,26.07,98,1009,Clouds,extreme_humidity
3445831,São José dos Campos,1741894148,27.91,69,1009,Clear,normal
3445831,São José dos Campos,1741980548,29.58,76,1020,Clear,normal
3445831,São José dos Campos,1742066948,30.29,67,1021,Clouds,normal
3445831,São José dos Campos,1742153348,21.73,80,1014,Clear,normal
3445831,São José dos Campos,1742239748,29.11,97,1013,Clouds,extreme_humidity
3445831,São José dos Campos,1742326148,25.64,54,1020,Clouds,normal
3445831,São José dos Campos,1742412548,26.64,48,1014,Clouds,normal
3445831,São José dos Campos,1742498948,23.29,60,1014,Clear,normal
3445831,São José dos Campos,1742585348,30.83,63,1013,Clear,normal
3445831,São José dos Campos,1742671748,25.64,65,1014,Clear,normal
3445831,São José dos Campos,1742758148,27.02,92,1015,Rain,normal
3445831,São José dos Campos,1742844548,27.38,73,1019,Clouds,normal
3445831,São José dos Campos,1742930948,31.9,60,1014,Clouds,normal
3445831,São José dos Campos,1743017348,23.61,92,1019,Rain,normal
3445831,São José dos Campos,1743103748,27.41,83,1022,Clear,normal
3445831,São José dos Campos,1743190148,26.17,76,1017,Clouds,normal
3445831,São José dos Campos,1743276548,24.1,56,1008,Clear,pressure_drop
3445831,São José dos Campos,1743362948,30.21,64,1016,Clear,normal
3445831,São José dos Campos,1743449348,22.19,61,1022,Clouds,normal
3445831,São José dos Campos,1743535748,18.19,70,1018,Clear,normal
3445831,São José dos Campos,1743622148,21.72,62,1010,Clear,normal
3445831,São José dos Campos,1743708548,20.87,68,1014,Clouds,normal
3445831,São José dos Campos,1743794948,17.31,57,1018,Clear,normal
3445831,São José dos Campos,1743881348,21.06,59,1011,Drizzle,normal
3445831,São José dos Campos,1743967748,19.95,40,1013,Clear,normal
3445831,São José dos Campos,1744054148,18.79,62,1018,Clear,normal
3445831,São José dos Campos,1744140548,23.91,45,1014,Clear,normal
3445831,São José dos Campos,1744226948,20.09,52,1019,Clouds,normal
3445831,São José dos Campos,1744313348,23.98,61,1012,Clouds,normal
3445831,São José dos Campos,1744399748,21.96,92,1016,Clouds,normal
3445831,São José dos Campos,1744486148,19.86,98,1014,Rain,extreme_humidity
3445831,São José dos Campos,1744572548,20.45,95,1012,Thunderstorm,storm_event
3445831,São José dos Campos,1744658948,22.58,62,1012,Clear,normal
3445831,São José dos Campos,1744745348,21.3,83,1020,Clouds,normal
3445831,São José dos Campos,1744831748,22.21,92,1014,Rain,normal
3445831,São José dos Campos,1744918148,25.43,48,1013,Clouds,normal
3445831,São José dos Campos,1745004548,20.51,66,1018,Clear,normal
3445831,São José dos Campos,1745090948,17.28,47,1017,Clouds,normal
3445831,São José dos Campos,1745177348,19.37,50,1014,Clear,normal
3445831,São José dos Campos,1745263748,18.99,58,1011,Clouds,normal
3445831,São José dos Campos,1745350148,22.16,92,1016,Clouds,normal
3445831,São José dos Campos,1745436548,23.57,84,1013,Rain,normal
3445831,São José dos Campos,1745522948,21.88,86,1013,Rain,normal
3445831,São José dos Campos,1745609348,23.36,78,1016,Rain,normal
3445831,São José dos Campos,1745695748,14.18,68,1016,Clouds,cold_snap
3445831,São José dos Campos,1745782148,23.22,67,1013,Clouds,normal
3445831,São José dos Campos,1745868548,15.86,83,1008,Clouds,pressure_drop
3445831,São José dos Campos,1745954948,23.0,40,1016,Clouds,normal
3445831,São José dos Campos,1746041348,22.81,80,1014,Clouds,normal
3445831,São José dos Campos,1746127748,16.03,84,1017,Clouds,normal
3445831,São José dos Campos,1746214148,21.89,98,1009,Rain,extreme_humidity
3445831,São José dos Campos,1746300548,13.46,71,1021,Clouds,cold_snap
3445831,São José dos Campos,1746386948,18.7,61,1012,Rain,normal
3445831,São José dos Campos,1746473348,20.32,89,1008,Clear,pressure_drop
3445831,São José dos Campos,1746559748,23.17,59,1013,Clear,normal
3445831,São José dos Campos,1746646148,19.89,67,1012,Clouds,normal
3445831,São José dos Campos,1746732548,20.53,76,1008,Drizzle,pressure_drop
3445831,São José dos Campos,1746818948,21.47,69,1013,Rain,normal
3445831,São José dos Campos,1746905348,26.53,66,1016,Clear,normal
3445831,São José dos Campos,1746991748,24.43,65,1013,Clear,normal
3445831,São José dos Campos,1747078148,20.4,73,1015,Clear,normal
3445831,São José dos Campos,1747164548,19.14,68,1011,Drizzle,normal
3445831,São José dos Campos,1747250948,23.45,67,1016,Clear,normal
3445831,São José dos Campos,1747337348,16.19,73,1013,Rain,normal
3445831,São José dos Campos,1747423748,21.56,62,1009,Rain,normal
3445831,São José dos Campos,1747510148,20.65,48,1012,Clouds,normal
3445831,São José dos Campos,1747596548,18.35,85,1018,Rain,normal
3445831,São José dos Campos,1747682948,20.3,50,1008,Clouds,pressure_drop
3445831,São José dos Campos,1747769348,23.66,92,1018,Clear,normal
3445831,São José dos Campos,1747855748,26.53,68,1013,Clear,normal
3445831,São José dos Campos,1747942148,18.56,79,1009,Drizzle,normal
3445831,São José dos Campos,1748028548,23.88,84,1011,Clear,normal
3445831,São José dos Campos,1748114948,21.59,76,1009,Rain,normal
3445831,São José dos Campos,1748201348,21.65,77,1012,Rain,normal
3445831,São José dos Campos,1748287748,25.19,84,1014,Clear,normal
3445831,São José dos Campos,1748374148,17.57,51,1021,Clear,normal
3445831,São José dos Campos,1748460548,20.34,66,1012,Clear,normal
3445831,São José dos Campos,1748546948,20.59,97,1013,Clouds,extreme_humidity
3445831,São José dos Campos,1748633348,21.93,58,1011,Clouds,normal
3445831,São José dos Campos,1748719748,26.53,92,1017,Clear,normal
3445831,São José dos Campos,1748806148,16.83,73,1014,Clear,normal
3445831,São José dos Campos,1748892548,12.38,62,1019,Clouds,normal
3445831,São José dos Campos,1748978948,16.41,77,1022,Clear,normal
3445831,São José dos Campos,1749065348,13.63,51,1010,Clouds,normal
3445831,São José dos Campos,1749151748,20.05,62,1016,Clear,normal
3445831,São José dos Campos,1749238148,18.57,92,1013,Clouds,normal
3445831,São José dos Campos,1749324548,17.91,67,1017,Clear,normal
3445831,São José dos Campos,1749410948,21.59,87,1016,Rain,normal
3445831,São José dos Campos,1749497348,14.65,77,1021,Drizzle,normal
3445831,São José dos Campos,1749583748,17.68,72,1012,Drizzle,normal
3445831,São José dos Campos,1749670148,17.55,59,1022,Clear,normal
3445831,São José dos Campos,1749756548,18.41,56,1019,Clear,normal
3445831,São José dos Campos,1749842948,18.04,50,1013,Clouds,normal
3445831,São José dos Campos,1749929348,15.12,85,1011,Drizzle,normal
3445831,São José dos Campos,1750015748,14.63,55,1014,Clear,normal
3445831,São José dos Campos,1750102148,17.18,49,1016,Clear,normal
3445831,São José dos Campos,1750188548,16.09,94,1013,Thunderstorm,storm_event
3445831,São José dos Campos,1750274948,21.33,76,1011,Rain,normal
3445831,São José dos Campos,1750361348,16.49,57,1013,Clear,normal
3445831,São José dos Campos,1750447748,19.23,85,1019,Clear,normal
3445831,São José dos Campos,1750534148,11.64,98,1016,Rain,extreme_humidity
3445831,São José dos Campos,1750620548,12.38,76,1015,Rain,normal
3445831,São José dos Campos,1750706948,16.68,74,1015,Clouds,normal
3445831,São José dos Campos,1750793348,20.87,75,1013,Clouds,normal
3445831,São José dos Campos,1750879748,16.88,50,1008,Clear,pressure_drop
3445831,São José dos Campos,1750966148,15.4,97,1016,Rain,extreme_humidity
3445831,São José dos Campos,1751052548,14.44,96,1013,Thunderstorm,storm_event
3445831,São José dos Campos,1751138948,16.34,61,1009,Rain,normal
3445831,São José dos Campos,1751225348,16.24,75,1016,Drizzle,normal
3445831,São José dos Campos,1751311748,13.12,92,1016,Rain,normal
3445831,São José dos Campos,1751398148,17.96,98,1012,Thunderstorm,storm_event
3445831,São José dos Campos,1751484548,13.14,68,1013,Clear,normal
3445831,São José dos Campos,1751570948,21.48,72,1011,Clouds,normal
3445831,São José dos Campos,1751657348,18.24,75,1013,Clouds,normal
3445831,São José dos Campos,1751743748,13.8,75,1011,Clear,normal
3445831,São José dos Campos,1751830148,12.89,93,1009,Rain,storm_event
3445831,São José dos Campos,1751916548,16.09,69,1020,Clear,normal
3445831,São José dos Campos,1752002948,17.7,82,1015,Rain,normal
3445831,São José dos Campos,1752089348,18.82,40,1021,Clear,normal
3445831,São José dos Campos,1752175748,17.36,47,1019,Clear,normal
3445831,São José dos Campos,1752262148,18.29,49,1022,Clear,normal
3445831,São José dos Campos,1752348548,16.92,40,1014,Clouds,normal
3445831,São José dos Campos,1752434948,15.14,91,1008,Drizzle,pressure_drop
3445831,São José dos Campos,1752521348,15.09,98,1013,Drizzle,extreme_humidity
3445831,São José dos Campos,1752607748,17.81,85,1013,Rain,normal
3445831,São José dos Campos,1752694148,17.87,92,1009,Clear,normal
3445831,São José dos Campos,1752780548,18.72,91,1017,Clouds,normal
3445831,São José dos Campos,1752866948,17.99,70,1013,Rain,normal
3445831,São José dos Campos,1752953348,18.05,55,1015,Clear,normal
3445831,São José dos Campos,1753039748,19.65,54,1009,Clouds,normal
3445831,São José dos Campos,1753126148,14.09,83,1017,Rain,normal
3445831,São José dos Campos,1753212548,19.01,89,1013,Thunderstorm,storm_event
3445831,São José dos Campos,1753298948,16.6,49,1022,Clouds,normal
3445831,São José dos Campos,1753385348,14.5,97,1016,Rain,extreme_humidity
3445831,São José dos Campos,1753471748,5.8,62,1018,Clear,cold_snap
3445831,São José dos Campos,1753558148,13.29,98,1015,Clouds,extreme_humidity
3445831,São José dos Campos,1753644548,22.26,88,1011,Drizzle,normal
3445831,São José dos Campos,1753730948,18.9,68,1009,Clouds,normal
3445831,São José dos Campos,1753817348,16.13,95,1008,Thunderstorm,storm_event
3445831,São José dos Campos,1753903748,19.05,50,1008,Clear,pressure_drop
3445831,São José dos Campos,1753990148,20.72,72,1013,Clear,normal
3445831,São José dos Campos,1754076548,18.56,86,1015,Clouds,normal
3445831,São José dos Campos,1754162948,16.58,71,1021,Clear,normal
3445831,São José dos Campos,1754249348,19.47,55,1009,Clear,normal
3445831,São José dos Campos,1754335748,18.61,66,1010,Clouds,normal
3445831,São José dos Campos,1754422148,15.28,90,1009,Thunderstorm,storm_event
3445831,São José dos Campos,1754508548,19.49,73,1012,Clouds,normal
3445831,São José dos Campos,1754594948,20.21,50,1015,Clear,normal
3445831,São José dos Campos,1754681348,13.51,92,1019,Drizzle,normal
3445831,São José dos Campos,1754767748,20.66,65,1009,Clear,normal
3445831,São José dos Campos,1754854148,18.18,98,1011,Drizzle,extreme_humidity
3445831,São José dos Campos,1754940548,20.49,66,1010,Clouds,normal
3445831,São José dos Campos,1755026948,16.8,83,1010,Clouds,normal
3445831,São José dos Campos,1755113348,19.04,66,1011,Clouds,normal
3445831,São José dos Campos,1755199748,22.18,71,1019,Clear,normal
3445831,São José dos Campos,1755286148,19.31,72,1015,Rain,normal
3445831,São José dos Campos,1755372548,23.27,46,1009,Clouds,normal
3445831,São José dos Campos,1755458948,14.92,92,1019,Clear,normal
3445831,São José dos Campos,1755545348,20.02,94,1009,Thunderstorm,storm_event
3445831,São José dos Campos,1755631748,12.81,90,1017,Clear,normal
3445831,São José dos Campos,1755718148,17.49,98,1015,Rain,extreme_humidity
3445831,São José dos Campos,1755804548,22.75,35,1019,Clear,drought
3445831,São José dos Campos,1755890948,15.6,86,1009,Clear,normal
3445831,São José dos Campos,1755977348,19.75,55,1018,Clear,normal
3445831,São José dos Campos,1756063748,15.77,81,1011,Clouds,normal
3445831,São José dos Campos,1756150148,11.65,71,1015,Clear,normal
3445831,São José dos Campos,1756236548,18.67,66,1019,Clear,normal
3445831,São José dos Campos,1756322948,18.86,71,1013,Clear,normal
3445831,São José dos Campos,1756409348,18.23,78,1016,Rain,normal
3445831,São José dos Campos,1756495748,13.11,86,1011,Rain,normal
3445831,São José dos Campos,1756582148,19.62,81,1016,Clouds,normal
3445831,São José dos Campos,1756668548,16.6,78,1019,Clear,normal
3445831,São José dos Campos,1756754948,26.72,64,1009,Clouds,normal
3445831,São José dos Campos,1756841348,19.69,64,1017,Clouds,normal
3445831,São José dos Campos,1756927748,21.13,86,1008,Rain,pressure_drop
3445831,São José dos Campos,1757014148,19.19,91,1009,Clear,normal
3445831,São José dos Campos,1757100548,20.4,80,1014,Clouds,normal
3445831,São José dos Campos,1757186948,20.14,90,1014,Clear,normal
3445831,São José dos Campos,1757273348,20.59,97,1014,Clouds,extreme_humidity
3445831,São José dos Campos,1757359748,22.7,58,1015,Clear,normal
3445831,São José dos Campos,1757446148,21.96,73,1016,Clear,normal
3445831,São José dos Campos,1757532548,22.58,96,1008,Rain,pressure_drop
3445831,São José dos Campos,1757618948,21.12,83,1012,Clear,normal
3445831,São José dos Campos,1757705348,22.71,61,1008,Clouds,pressure_drop
3445831,São José dos Campos,1757791748,22.35,64,1011,Clear,normal
3445831,São José dos Campos,1757878148,25.7,75,1009,Clouds,normal
3445831,São José dos Campos,1757964548,18.22,92,1015,Rain,normal
3445831,São José dos Campos,1758050948,17.73,97,1013,Thunderstorm,storm_event
3445831,São José dos Campos,1758137348,18.67,71,1014,Drizzle,normal
3445831,São José dos Campos,1758223748,24.6,98,1012,Thunderstorm,storm_event
3445831,São José dos Campos,1758310148,23.02,74,1011,Rain,normal
3445831,São José dos Campos,1758396548,24.6,60,1019,Rain,normal
3445831,São José dos Campos,1758482948,26.48,55,1015,Clouds,normal
3445831,São José dos Campos,1758569348,26.63,55,1009,Drizzle,normal
3445831,São José dos Campos,1758655748,23.89,70,1018,Clouds,normal
3445831,São José dos Campos,1758742148,22.26,92,1013,Clear,normal
3445831,São José dos Campos,1758828548,22.41,80,1015,Clear,normal
3445831,São José dos Campos,1758914948,20.34,70,1016,Clouds,normal
3445831,São José dos Campos,1759001348,20.08,92,1016,Clear,normal
3445831,São José dos Campos,1759087748,22.58,84,1017,Clear,normal
3445831,São José dos Campos,1759174148,16.36,40,1019,Clear,normal
3445831,São José dos Campos,1759260548,20.9,79,1022,Clouds,normal
3445831,São José dos Campos,1759346948,23.43,51,1012,Clear,normal
3445831,São José dos Campos,1759433348,25.73,36,1018,Clear,drought
3445831,São José dos Campos,1759519748,20.55,55,1012,Clear,normal
3445831,São José dos Campos,1759606148,18.42,90,1010,Clouds,normal
3445831,São José dos Campos,1759692548,16.1,75,1011,Rain,normal
3445831,São José dos Campos,1759778948,19.54,62,1021,Clouds,normal
3445831,São José dos Campos,1759865348,22.32,57,1012,Clouds,normal
3445831,São José dos Campos,1759951748,25.79,60,1016,Clouds,normal
3445831,São José dos Campos,1760038148,20.79,94,1013,Thunderstorm,storm_event
3445831,São José dos Campos,1760124548,25.19,70,1009,Rain,normal
3445831,São José dos Campos,1760210948,21.56,64,1013,Clouds,normal
3445831,São José dos Campos,1760297348,16.1,78,1013,Clear,normal
3445831,São José dos Campos,1760383748,21.45,58,1012,Clouds,normal
3445831,São José dos Campos,1760470148,25.79,86,1018,Rain,normal
3445831,São José dos Campos,1760556548,23.78,78,1015,Clouds,normal
3445831,São José dos Campos,1760642948,17.91,96,1013,Thunderstorm,storm_event
3445831,São José dos Campos,1760729348,18.98,83,1012,Clouds,normal
3445831,São José dos Campos,1760815748,20.67,58,1015,Clear,normal
3445831,São José dos Campos,1760902148,21.99,58,1018,Clear,normal
3445831,São José dos Campos,1760988548,23.76,74,1012,Rain,normal
3445831,São José dos Campos,1761074948,24.74,79,1014,Clear,normal
3445831,São José dos Campos,1761161348,24.93,66,1014,Clouds,normal
3445831,São José dos Campos,1761247748,19.92,61,1008,Drizzle,pressure_drop
3445831,São José dos Campos,1761334148,17.55,69,1012,Clear,normal
3445831,São José dos Campos,1761420548,19.13,55,1012,Clear,normal
3445831,São José dos Campos,1761506948,19.1,89,1013,Thunderstorm,storm_event
3445831,São José dos Campos,1761593348,22.51,86,1014,Rain,normal
3445831,São José dos Campos,1761679748,21.47,65,1011,Rain,normal
3445831,São José dos Campos,1761766148,24.81,92,1015,Clouds,normal
3445831,São José dos Campos,1761852548,23.74,44,1017,Clouds,normal
3445831,São José dos Campos,1761938948,25.79,61,1017,Clear,normal
3445831,São José dos Campos,1762025348,26.51,63,1019,Clouds,normal
3445831,São José dos Campos,1762111748,22.04,69,1009,Rain,normal
3445831,São José dos Campos,1762198148,24.59,76,1019,Clouds,normal
3445831,São José dos Campos,1762284548,16.33,80,1014,Clear,normal
3445831,São José dos Campos,1762370948,23.02,80,1014,Clouds,normal
3445831,São José dos Campos,1762457348,14.24,41,1017,Clear,cold_snap
3445831,São José dos Campos,1762543748,17.51,72,1017,Clear,normal
3445831,São José dos Campos,1762630148,20.06,56,1014,Clouds,normal
3445831,São José dos Campos,1762716548,21.25,47,1018,Clouds,normal
3445831,São José dos Campos,1762802948,22.44,84,1016,Clear,normal
3445831,São José dos Campos,1762889348,16.33,63,1019,Clouds,normal
3445831,São José dos Campos,1762975748,26.44,92,1016,Rain,normal
3445831,São José dos Campos,1763062148,20.03,68,1008,Clear,pressure_drop
3445831,São José dos Campos,1763148548,18.92,77,1021,Clear,normal
3445831,São José dos Campos,1763234948,20.54,86,1016,Clouds,normal
3445831,São José dos Campos,1763321348,20.25,93,1009,Rain,storm_event
3445831,São José dos Campos,1763407748,19.44,58,1016,Clear,normal
3445831,São José dos Campos,1763494148,20.57,53,1020,Clear,normal
3445831,São José dos Campos,1763580548,16.33,92,1014,Clear,normal
3445831,São José dos Campos,1763666948,24.51,92,1019,Clear,normal
3445831,São José dos Campos,1763753348,17.68,40,1018,Clear,normal
3445831,São José dos Campos,1763839748,19.21,66,1013,Clouds,normal
3445831,São José dos Campos,1763926148,24.34,74,1014,Clouds,normal
3445831,São José dos Campos,1764012548,17.52,79,1012,Clouds,normal
3445831,São José dos Campos,1764098948,21.82,84,1014,Clouds,normal
3445831,São José dos Campos,1764185348,20.66,54,1017,Clear,normal
3445831,São José dos Campos,1764271748,19.75,96,1013,Thunderstorm,storm_event
3445831,São José dos Campos,1764358148,20.89,89,1019,Clouds,normal
3445831,São José dos Campos,1764444548,23.16,92,1015,Drizzle,normal
3445831,São José dos Campos,1764530948,20.87,89,1018,Clear,normal
3445831,São José dos Campos,1764617348,22.08,66,1012,Clear,normal
3445831,São José dos Campos,1764703748,27.66,58,1010,Clear,normal
3445831,São José dos Campos,1764790148,24.67,66,1008,Rain,pressure_drop
3445831,São José dos Campos,1764876548,22.32,92,1011,Clear,normal
3445831,São José dos Campos,1764962948,24.84,95,1011,Thunderstorm,storm_event
3445831,São José dos Campos,1765049348,26.57,71,1010,Clear,normal
3445831,São José dos Campos,1765135748,22.7,92,1020,Clear,normal
3445831,São José dos Campos,1765222148,22.35,82,1012,Rain,normal
3445831,São José dos Campos,1765308548,31.11,86,1013,Clear,normal
3445831,São José dos Campos,1765394948,28.36,77,1014,Clear,normal
3445831,São José dos Campos,1765481348,26.86,73,1008,Drizzle,pressure_drop
3445831,São José dos Campos,1765567748,19.49,92,1013,Thunderstorm,storm_event
3445831,São José dos Campos,1765654148,22.84,79,1010,Drizzle,normal
3445831,São José dos Campos,1765740548,24.85,42,1013,Clouds,normal
3445831,São José dos Campos,1765826948,25.43,78,1016,Clear,normal
3445831,São José dos Campos,1765913348,21.62,63,1012,Clear,normal
3445831,São José dos Campos,1765999748,27.45,75,1017,Clouds,normal
3445831,São José dos Campos,1766086148,29.98,79,1014,Clouds,normal
3445831,São José dos Campos,1766172548,23.22,40,1012,Clear,normal
3445831,São José dos Campos,1766258948,25.56,67,1011,Clouds,normal
3445831,São José dos Campos,1766345348,29.72,72,1013,Rain,normal
3445831,São José dos Campos,1766431748,23.42,93,1009,Rain,storm_event
3445831,São José dos Campos,1766518148,23.42,65,1011,Clear,normal
3445831,São José dos Campos,1766604548,23.8,98,1015,Drizzle,extreme_humidity
3445831,São José dos Campos,1766690948,27.01,55,1011,Rain,normal
3445831,São José dos Campos,1766777348,27.07,60,1012,Rain,normal
3445831,São José dos Campos,1766863748,30.29,81,1009,Clouds,normal
3445831,São José dos Campos,1766950148,30.95,92,1016,Clear,normal
3445831,São José dos Campos,1767036548,16.1,75,1017,Rain,cold_snap
3445831,São José dos Campos,1767122948,22.71,75,1009,Clear,normal
3445831,São José dos Campos,1767209348,23.91,74,1008,Drizzle,pressure_drop
3445831,São José dos Campos,1767295748,24.74,71,1015,Clouds,normal
3445831,São José dos Campos,1767382148,27.78,61,1019,Clouds,normal
3445831,São José dos Campos,1767468548,30.61,91,1012,Drizzle,normal
3445831,São José dos Campos,1767554948,17.01,51,1019,Clear,cold_snap
3445831,São José dos Campos,1767641348,22.66,73,1009,Clouds,normal
3445831,São José dos Campos,1767727748,29.57,46,1010,Clear,normal
3445831,São José dos Campos,1767814148,30.82,38,1010,Clear,drought
3445831,São José dos Campos,1767900548,26.21,49,1015,Clouds,normal
3445831,São José dos Campos,1767986948,24.76,92,1017,Clear,normal
3445831,São José dos Campos,1768073348,28.25,75,1013,Rain,normal
3445831,São José dos Campos,1768159748,24.36,91,1013,Clear,normal
3445831,São José dos Campos,1768246148,25.4,60,1022,Clouds,normal
3445831,São José dos Campos,1768332548,25.22,57,1015,Clear,normal
3445831,São José dos Campos,1768418948,23.2,65,1016,Rain,normal
3445831,São José dos Campos,1768505348,26.12,61,1013,Clear,normal
3445831,São José dos Campos,1768591748,31.95,36,1017,Clear,drought
3445831,São José dos Campos,1768678148,25.12,61,1019,Clouds,normal
3445831,São José dos Campos,1768764548,26.99,53,1016,Clear,normal
3445831,São José dos Campos,1768850948,26.19,95,1012,Thunderstorm,storm_event
3445831,São José dos Campos,1768937348,25.9,92,1015,Rain,normal
3445831,São José dos Campos,1769023748,26.05,62,1009,Clear,normal
3445831,São José dos Campos,1769110148,30.05,58,1018,Clouds,normal
3445831,São José dos Campos,1769196548,23.38,85,1015,Rain,normal
3445831,São José dos Campos,1769282948,26.34,63,1013,Clear,normal
3445831,São José dos Campos,1769369348,30.82,91,1008,Rain,pressure_drop
3445831,São José dos Campos,1769455748,23.24,72,1013,Drizzle,normal
3445831,São José dos Campos,1769542148,25.85,65,1022,Clouds,normal
3445831,São José dos Campos,1769628548,30.03,87,1017,Clear,normal
3445831,São José dos Campos,1769714948,26.05,59,1015,Clear,normal
3445831,São José dos Campos,1769801348,27.84,80,1019,Clouds,normal
3445831,São José dos Campos,1769887748,23.35,71,1021,Clouds,normal
3445831,São José dos Campos,1769974148,27.6,61,1014,Clouds,normal
3445831,São José dos Campos,1770060548,25.91,69,1017,Clear,normal
3445831,São José dos Campos,1770146948,22.99,77,1008,Rain,pressure_drop
3445831,São José dos Campos,1770233348,26.1,74,1013,Rain,normal
3445831,São José dos Campos,1770319748,29.84,83,1011,Clouds,normal
3445831,São José dos Campos,1770406148,25.35,65,1015,Clear,normal
3445831,São José dos Campos,1770492548,25.3,82,1009,Rain,normal
3445831,São José dos Campos,1770578948,29.42,56,1018,Clear,normal
3445831,São José dos Campos,1770665348,28.83,66,1020,Rain,normal
3445831,São José dos Campos,1770751748,26.59,50,1022,Clear,normal
3445831,São José dos Campos,1770838148,20.53,66,1018,Clouds,normal
3445831,São José dos Campos,1770924548,30.84,90,1017,Rain,normal
3445831,São José dos Campos,1771010948,25.16,65,1019,Rain,normal
3445831,São José dos Campos,1771097348,25.5,77,1014,Rain,normal
3445831,São José dos Campos,1771183748,25.0,92,1017,Clouds,normal
3445831,São José dos Campos,1771270148,28.15,82,1018,Clear,normal
3445831,São José dos Campos,1771356548,29.55,92,1015,Clouds,normal
3445831,São José dos Campos,1771442948,26.21,77,1014,Rain,normal
3445831,São José dos Campos,1771529348,25.22,97,1013,Thunderstorm,storm_event
3445831,São José dos Campos,1771615748,25.65,76,1018,Clouds,normal
3445831,São José dos Campos,1771702148,29.32,67,1010,Clear,normal
3445831,São José dos Campos,1771788548,20.75,73,1019,Clouds,normal
3445831,São José dos Campos,1771874948,27.72,77,1010,Clear,normal
3445831,São José dos Campos,1771961348,21.93,59,1021,Clouds,normal
3445831,São José dos Campos,1772047748,28.24,61,1012,Clear,normal
3445831,São José dos Campos,1772134148,25.01,98,1009,Rain,storm_event
3445831,São José dos Campos,1772220548,21.48,96,1011,Thunderstorm,storm_event
3445831,São José dos Campos,1772306948,28.72,72,1016,Clouds,normal
3445831,São José dos Campos,1772393348,28.54,58,1017,Clear,normal
3445831,São José dos Campos,1772479748,30.25,72,1017,Clouds,normal
3445831,São José dos Campos,1772566148,26.98,67,1012,Clouds,normal
3445831,São José dos Campos,1772652548,28.0,68,1010,Clouds,normal
3445831,São José dos Campos,1772738948,25.54,71,1016,Clouds,normal
3445831,São José dos Campos,1772825348,31.08,36,1018,Clear,drought
3445831,São José dos Campos,1772911748,30.67,92,1019,Rain,normal
3445831,São José dos Campos,1772998148,23.68,77,1020,Clear,normal
3445831,São José dos Campos,1773084548,24.72,77,1016,Clouds,normal
3445831,São José dos Campos,1773170948,32.34,38,1010,Clear,drought
3445831,São José dos Campos,1773257348,31.9,67,1016,Clear,normal
3445831,São José dos Campos,1773343748,26.5,73,1017,Clouds,normal
3445831,São José dos Campos,1773430148,26.56,91,1017,Rain,normal
3445831,São José dos Campos,1773516548,27.78,79,1013,Clear,normal
3445831,São José dos Campos,1773602948,26.47,48,1017,Clear,normal
3445831,São José dos Campos,1773689348,24.89,80,1013,Rain,normal
3445831,São José dos Campos,1773775748,24.09,48,1016,Clear,normal
3445831,São José dos Campos,1773862148,28.62,92,1012,Drizzle,normal
3445831,São José dos Campos,1773948548,29.36,92,1012,Drizzle,normal
3445831,São José dos Campos,1774034948,27.33,73,1013,Rain,normal
3445831,São José dos Campos,1774121348,24.64,70,1012,Drizzle,normal
3445831,São José dos Campos,1774207748,28.06,69,1016,Clear,normal
3445831,São José dos Campos,1774294148,22.25,84,1012,Clouds,normal
3445831,São José dos Campos,1774380548,27.74,66,1017,Clouds,normal
3445831,São José dos Campos,1774466948,31.0,36,1017,Clear,drought
3445831,São José dos Campos,1774553348,28.69,57,1022,Clear,normal
3445831,São José dos Campos,1774639748,27.12,63,1014,Clear,normal
3445831,São José dos Campos,1774726148,24.72,92,1009,Rain,normal
3445831,São José dos Campos,1774812548,25.78,76,1015,Clouds,normal
3445831,São José dos Campos,1774898948,23.85,77,1017,Clear,normal
3445831,São José dos Campos,1774985348,25.75,65,1014,Clear,normal
3445831,São José dos Campos,1775071748,21.41,76,1015,Clear,normal
3445831,São José dos Campos,1775158148,18.53,66,1015,Rain,normal
3445831,São José dos Campos,1775244548,22.87,72,1009,Clear,normal
3445831,São José dos Campos,1775330948,19.06,61,1011,Clouds,normal
3445831,São José dos Campos,1775417348,23.81,98,1015,Rain,extreme_humidity
3445831,São José dos Campos,1775503748,22.01,65,1011,Clear,normal
3445831,São José dos Campos,1775590148,23.62,58,1010,Clouds,normal
3445831,São José dos Campos,1775676548,20.72,63,1008,Drizzle,pressure_drop
3445831,São José dos Campos,1775762948,23.16,63,1008,Clouds,pressure_drop
3445831,São José dos Campos,1775849348,21.78,81,1013,Clear,normal
3445831,São José dos Campos,1775935748,19.83,59,1009,Clouds,normal
3445831,São José dos Campos,1776022148,24.23,80,1017,Clouds,normal
3445831,São José dos Campos,1776108548,25.15,52,1012,Clouds,normal
3445831,São José dos Campos,1776194948,21.32,58,1017,Clouds,normal
3445831,São José dos Campos,1776281348,18.98,55,1016,Clear,normal
3445831,São José dos Campos,1776367748,25.34,64,1014,Clouds,normal
3445831,São José dos Campos,1776454148,23.9,70,1010,Clear,normal
3445831,São José dos Campos,1776540548,18.4,69,1013,Clouds,normal
3445831,São José dos Campos,1776626948,17.0,58,1015,Rain,normal
3445831,São José dos Campos,1776713348,16.56,77,1016,Rain,normal
3445831,São José dos Campos,1776799748,20.78,55,1017,Clear,normal
3445831,São José dos Campos,1776886148,24.63,68,1012,Clouds,normal
3445831,São José dos Campos,1776972548,24.97,62,1009,Clear,normal
3445831,São José dos Campos,1777058948,20.49,40,1016,Clear,normal
3445831,São José dos Campos,1777145348,26.26,48,1017,Clouds,normal
3445831,São José dos Campos,1777231748,22.65,53,1012,Clear,normal
3445831,São José dos Campos,1777318148,21.49,59,1019,Clouds,normal
3445831,São José dos Campos,1777404548,16.18,65,1016,Clouds,normal
3445831,São José dos Campos,1777490948,22.14,91,1011,Clouds,normal
3445831,São José dos Campos,1777577348,25.41,40,1015,Clouds,normal
3445831,São José dos Campos,1777663748,24.64,77,1017,Clouds,normal
3445831,São José dos Campos,1777750148,25.09,48,1010,Clouds,normal
3445831,São José dos Campos,1777836548,21.91,64,1008,Drizzle,pressure_drop
3445831,São José dos Campos,1777922948,26.25,73,1012,Clouds,normal
3445831,São José dos Campos,1778009348,18.79,81,1015,Clear,normal
3445831,São José dos Campos,1778095748,16.08,40,1009,Clouds,normal
3445831,São José dos Campos,1778182148,17.89,78,1012,Clear,normal
3445831,São José dos Campos,1778268548,27.04,71,1008,Rain,pressure_drop
3445831,São José dos Campos,1778354948,22.27,87,1012,Clear,normal
3445831,São José dos Campos,1778441348,18.58,93,1009,Rain,storm_event
3445831,São José dos Campos,1778527748,18.68,65,1011,Rain,normal
3445831,São José dos Campos,1778614148,22.4,74,1011,Clouds,normal
3445831,São José dos Campos,1778700548,20.52,64,1009,Rain,normal
3453488,Osasco,1715714948,26.36,71,1018,Clear,normal
3453488,Osasco,1715801348,22.8,92,1010,Rain,normal
3453488,Osasco,1715887748,16.26,58,1021,Clear,normal
3453488,Osasco,1715974148,26.36,92,1022,Clear,normal
3453488,Osasco,1716060548,26.36,71,1016,Clear,normal
3453488,Osasco,1716146948,21.06,75,1017,Drizzle,normal
3453488,Osasco,1716233348,22.08,58,1013,Clear,normal
3453488,Osasco,1716319748,22.43,89,1011,Thunderstorm,storm_event
3453488,Osasco,1716406148,21.64,66,1015,Clouds,normal
3453488,Osasco,1716492548,22.01,78,1018,Clouds,normal
3453488,Osasco,1716578948,16.76,60,1019,Clear,normal
3453488,Osasco,1716665348,18.87,48,1013,Clouds,normal
3453488,Osasco,1716751748,23.7,81,1011,Clear,normal
3453488,Osasco,1716838148,22.9,60,1013,Rain,normal
3453488,Osasco,1716924548,16.22,78,1016,Drizzle,normal
3453488,Osasco,1717010948,19.61,98,1015,Rain,extreme_humidity
3453488,Osasco,1717097348,22.76,52,1016,Clouds,normal
3453488,Osasco,1717183748,20.65,90,1010,Clear,normal
3453488,Osasco,1717270148,12.83,66,1018,Clouds,normal
3453488,Osasco,1717356548,16.06,84,1016,Clouds,normal
3453488,Osasco,1717442948,18.38,40,1014,Clear,normal
3453488,Osasco,1717529348,14.08,86,1013,Clear,normal
3453488,Osasco,1717615748,12.46,46,1017,Clear,normal
3453488,Osasco,1717702148,17.24,75,1012,Rain,normal
3453488,Osasco,1717788548,22.02,78,1008,Rain,pressure_drop
3453488,Osasco,1717874948,16.57,94,1009,Rain,storm_event
3453488,Osasco,1717961348,11.16,40,1012,Clouds,normal
3453488,Osasco,1718047748,16.29,80,1012,Rain,normal
3453488,Osasco,1718134148,16.6,81,1009,Clear,normal
3453488,Osasco,1718220548,16.77,73,1009,Clouds,normal
3453488,Osasco,1718306948,17.5,71,1019,Clouds,normal
3453488,Osasco,1718393348,15.69,79,1008,Clouds,pressure_drop
3453488,Osasco,1718479748,16.23,81,1008,Clouds,pressure_drop
3453488,Osasco,1718566148,19.07,81,1019,Rain,normal
3453488,Osasco,1718652548,15.1,71,1016,Clouds,normal
3453488,Osasco,1718738948,20.56,55,1017,Drizzle,normal
3453488,Osasco,1718825348,18.04,69,1013,Rain,normal
3453488,Osasco,1718911748,18.4,73,1018,Clear,normal
3453488,Osasco,1718998148,14.82,96,1013,Thunderstorm,storm_event
3453488,Osasco,1719084548,20.57,49,1014,Clear,normal
3453488,Osasco,1719170948,20.23,89,1014,Clouds,normal
3453488,Osasco,1719257348,20.99,71,1013,Rain,normal
3453488,Osasco,1719343748,16.69,92,1013,Clouds,normal
3453488,Osasco,1719430148,15.82,77,1008,Rain,pressure_drop
3453488,Osasco,1719516548,21.28,72,1017,Clear,normal
3453488,Osasco,1719602948,14.78,98,1010,Drizzle,extreme_humidity
3453488,Osasco,1719689348,16.77,77,1012,Clear,normal
3453488,Osasco,1719775748,12.75,88,1010,Thunderstorm,storm_event
3453488,Osasco,1719862148,16.24,40,1010,Clear,normal
3453488,Osasco,1719948548,13.24,80,1008,Clouds,pressure_drop
3453488,Osasco,1720034948,14.58,80,1014,Clear,normal
3453488,Osasco,1720121348,16.86,92,1012,Clouds,normal
3453488,Osasco,1720207748,19.38,56,1009,Clouds,normal
3453488,Osasco,1720294148,21.8,38,1014,Clear,drought
3453488,Osasco,1720380548,14.79,68,1009,Clouds,normal
3453488,Osasco,1720466948,17.79,81,1010,Clear,normal
3453488,Osasco,1720553348,7.34,61,1020,Clear,cold_snap
3453488,Osasco,1720639748,13.17,60,1009,Clear,normal
3453488,Osasco,1720726148,19.06,59,1013,Drizzle,normal
3453488,Osasco,1720812548,13.73,78,1008,Rain,pressure_drop
3453488,Osasco,1720898948,15.72,64,1008,Clouds,pressure_drop
3453488,Osasco,1720985348,19.12,78,1009,Clear,normal
3453488,Osasco,1721071748,12.07,65,1014,Clear,normal
3453488,Osasco,1721158148,18.57,80,1012,Clear,normal
3453488,Osasco,1721244548,17.02,47,1013,Clear,normal
3453488,Osasco,1721330948,12.76,65,1012,Clear,normal
3453488,Osasco,1721417348,15.57,63,1011,Clear,normal
3453488,Osasco,1721503748,17.9,57,1018,Clouds,normal
3453488,Osasco,1721590148,19.59,65,1015,Clouds,normal
3453488,Osasco,1721676548,21.34,71,1015,Clear,normal
3453488,Osasco,1721762948,15.63,73,1017,Clouds,normal
3453488,Osasco,1721849348,17.49,72,1016,Clear,normal
3453488,Osasco,1721935748,12.18,61,1008,Rain,pressure_drop
3453488,Osasco,1722022148,14.51,62,1010,Clouds,normal
3453488,Osasco,1722108548,13.87,81,1016,Clear,normal
3453488,Osasco,1722194948,16.25,40,1013,Clouds,normal
3453488,Osasco,1722281348,17.84,79,1016,Clear,normal
3453488,Osasco,1722367748,15.48,73,1015,Drizzle,normal
3453488,Osasco,1722454148,22.47,78,1014,Clouds,normal
3453488,Osasco,1722540548,20.12,69,1015,Clear,normal
3453488,Osasco,1722626948,19.01,82,1015,Drizzle,normal
3453488,Osasco,1722713348,15.0,92,1011,Clouds,normal
3453488,Osasco,1722799748,13.5,77,1010,Rain,normal
3453488,Osasco,1722886148,14.44,65,1019,Clouds,normal
3453488,Osasco,1722972548,19.54,36,1015,Clear,drought
3453488,Osasco,1723058948,19.36,59,1013,Rain,normal
3453488,Osasco,1723145348,9.31,37,1016,Clear,cold_snap
3453488,Osasco,1723231748,20.31,56,1014,Clear,normal
3453488,Osasco,1723318148,16.17,79,1016,Clear,normal
3453488,Osasco,1723404548,12.93,60,1016,Clouds,normal
3453488,Osasco,1723490948,18.45,79,1014,Clear,normal
3453488,Osasco,1723577348,16.55,83,1021,Clouds,normal
3453488,Osasco,1723663748,14.07,90,1010,Thunderstorm,storm_event
3453488,Osasco,1723750148,15.36,63,1014,Clear,normal
3453488,Osasco,1723836548,21.48,36,1013,Clear,drought
3453488,Osasco,1723922948,18.2,49,1017,Clouds,normal
3453488,Osasco,1724009348,19.07,98,1013,Thunderstorm,storm_event
3453488,Osasco,1724095748,14.62,66,1018,Clear,normal
3453488,Osasco,1724182148,12.48,72,1012,Clouds,normal
3453488,Osasco,1724268548,19.78,52,1016,Clear,normal
3453488,Osasco,1724354948,17.22,70,1016,Clear,normal
3453488,Osasco,1724441348,14.93,52,1015,Clouds,normal
3453488,Osasco,1724527748,17.89,90,1013,Rain,normal
3453488,Osasco,1724614148,14.91,44,1013,Clear,normal
3453488,Osasco,1724700548,17.03,92,1017,Clear,normal
3453488,Osasco,1724786948,18.6,82,1014,Clouds,normal
3453488,Osasco,1724873348,15.71,77,1012,Drizzle,normal
3453488,Osasco,1724959748,14.32,41,1012,Clouds,normal
3453488,Osasco,1725046148,14.36,62,1017,Clouds,normal
3453488,Osasco,1725132548,16.75,89,1011,Thunderstorm,storm_event
3453488,Osasco,1725218948,23.46,73,1018,Clear,normal
3453488,Osasco,1725305348,19.64,89,1013,Clouds,normal
3453488,Osasco,1725391748,22.95,55,1009,Rain,normal
3453488,Osasco,1725478148,23.43,92,1010,Rain,normal
3453488,Osasco,1725564548,21.56,67,1013,Clouds,normal
3453488,Osasco,1725650948,23.42,74,1015,Clear,normal
3453488,Osasco,1725737348,16.55,81,1009,Clouds,normal
3453488,Osasco,1725823748,23.09,52,1011,Clouds,normal
3453488,Osasco,1725910148,26.36,36,1013,Clear,drought
3453488,Osasco,1725996548,14.4,53,1015,Clear,cold_snap
3453488,Osasco,1726082948,18.43,72,1011,Clouds,normal
3453488,Osasco,1726169348,21.49,40,1015,Clear,normal
3453488,Osasco,1726255748,24.93,73,1016,Clouds,normal
3453488,Osasco,1726342148,18.78,80,1012,Drizzle,normal
3453488,Osasco,1726428548,17.57,56,1017,Clear,normal
3453488,Osasco,1726514948,20.37,88,1009,Rain,normal
3453488,Osasco,1726601348,21.66,64,1009,Clouds,normal
3453488,Osasco,1726687748,21.44,73,1015,Clear,normal
3453488,Osasco,1726774148,21.83,81,1018,Clear,normal
3453488,Osasco,1726860548,16.36,98,1013,Rain,extreme_humidity
3453488,Osasco,1726946948,24.92,91,1008,Rain,pressure_drop
3453488,Osasco,1727033348,20.85,71,1017,Clear,normal
3453488,Osasco,1727119748,15.76,68,1009,Clear,normal
3453488,Osasco,1727206148,22.63,85,1011,Clear,normal
3453488,Osasco,1727292548,16.89,82,1008,Clouds,pressure_drop
3453488,Osasco,1727378948,21.75,59,1014,Clear,normal
3453488,Osasco,1727465348,23.15,63,1015,Clouds,normal
3453488,Osasco,1727551748,18.37,70,1010,Clear,normal
3453488,Osasco,1727638148,18.32,81,1008,Drizzle,pressure_drop
3453488,Osasco,1727724548,18.84,45,1011,Clouds,normal
3453488,Osasco,1727810948,22.54,71,1018,Clouds,normal
3453488,Osasco,1727897348,19.69,92,1009,Clouds,normal
3453488,Osasco,1727983748,17.48,65,1013,Clear,normal
3453488,Osasco,1728070148,18.07,72,1010,Clear,normal
3453488,Osasco,1728156548,20.88,81,1022,Clear,normal
3453488,Osasco,1728242948,17.67,66,1016,Clouds,normal
3453488,Osasco,1728329348,22.37,40,1017,Clouds,normal
3453488,Osasco,1728415748,20.53,92,1009,Drizzle,normal
3453488,Osasco,1728502148,21.42,40,1020,Clear,normal
3453488,Osasco,1728588548,19.21,63,1014,Clouds,normal
3453488,Osasco,1728674948,12.89,54,1019,Clouds,cold_snap
3453488,Osasco,1728761348,20.04,96,1008,Clouds,pressure_drop
3453488,Osasco,1728847748,16.22,92,1018,Clear,normal
3453488,Osasco,1728934148,26.26,92,1009,Drizzle,normal
3453488,Osasco,1729020548,17.49,66,1018,Clear,normal
3453488,Osasco,1729106948,21.81,92,1014,Rain,normal
3453488,Osasco,1729193348,23.52,48,1016,Clear,normal
3453488,Osasco,1729279748,24.45,70,1013,Rain,normal
3453488,Osasco,1729366148,17.46,66,1008,Rain,pressure_drop
3453488,Osasco,1729452548,16.51,82,1008,Rain,pressure_drop
3453488,Osasco,1729538948,23.73,74,1018,Rain,normal
3453488,Osasco,1729625348,21.38,92,1020,Clear,normal
3453488,Osasco,1729711748,18.39,97,1011,Drizzle,extreme_humidity
3453488,Osasco,1729798148,25.25,92,1013,Rain,normal
3453488,Osasco,1729884548,17.19,97,1009,Rain,storm_event
3453488,Osasco,1729970948,18.7,56,1009,Clear,normal
3453488,Osasco,1730057348,20.75,81,1020,Clear,normal
3453488,Osasco,1730143748,25.38,63,1010,Rain,normal
3453488,Osasco,1730230148,25.82,76,1009,Clouds,normal
3453488,Osasco,1730316548,22.64,90,1020,Clouds,normal
3453488,Osasco,1730402948,19.02,50,1017,Clouds,normal
3453488,Osasco,1730489348,25.28,40,1017,Clear,normal
3453488,Osasco,1730575748,20.28,50,1009,Clouds,normal
3453488,Osasco,1730662148,25.03,62,1008,Drizzle,pressure_drop
3453488,Osasco,1730748548,22.24,44,1016,Clear,normal
3453488,Osasco,1730834948,26.47,63,1009,Clear,normal
3453488,Osasco,1730921348,18.29,55,1014,Clouds,normal
3453488,Osasco,1731007748,18.47,55,1018,Rain,normal
3453488,Osasco,1731094148,20.84,47,1015,Clear,normal
3453488,Osasco,1731180548,20.78,98,1015,Drizzle,extreme_humidity
3453488,Osasco,1731266948,10.12,57,1021,Clouds,cold_snap
3453488,Osasco,1731353348,26.47,91,1016,Drizzle,normal
3453488,Osasco,1731439748,22.48,80,1012,Drizzle,normal
3453488,Osasco,1731526148,23.39,50,1018,Clear,normal
3453488,Osasco,1731612548,24.46,81,1015,Clouds,normal
3453488,Osasco,1731698948,9.05,56,1019,Clouds,cold_snap
3453488,Osasco,1731785348,15.36,58,1013,Rain,normal
3453488,Osasco,1731871748,24.3,79,1010,Rain,normal
3453488,Osasco,1731958148,18.61,98,1015,Clouds,extreme_humidity
3453488,Osasco,1732044548,19.09,77,1020,Drizzle,normal
3453488,Osasco,1732130948,21.06,42,1021,Clouds,normal
3453488,Osasco,1732217348,23.13,40,1015,Clouds,normal
3453488,Osasco,1732303748,22.92,58,1014,Clouds,normal
3453488,Osasco,1732390148,18.59,66,1012,Rain,normal
3453488,Osasco,1732476548,11.32,61,1021,Clouds,cold_snap
3453488,Osasco,1732562948,26.47,92,1016,Clear,normal
3453488,Osasco,1732649348,20.78,62,1013,Clear,normal
3453488,Osasco,1732735748,22.55,77,1022,Rain,normal
3453488,Osasco,1732822148,25.78,58,1011,Rain,normal
3453488,Osasco,1732908548,16.59,53,1010,Clear,normal
3453488,Osasco,1732994948,24.41,46,1018,Clouds,normal
3453488,Osasco,1733081348,23.82,41,1011,Clear,normal
3453488,Osasco,1733167748,30.36,82,1009,Rain,normal
3453488,Osasco,1733254148,27.31,55,1012,Clear,normal
3453488,Osasco,1733340548,30.98,92,1012,Clouds,normal
3453488,Osasco,1733426948,27.31,87,1009,Clear,normal
3453488,Osasco,1733513348,24.33,41,1011,Clouds,normal
3453488,Osasco,1733599748,25.95,84,1017,Clear,normal
3453488,Osasco,1733686148,25.86,69,1015,Rain,normal
3453488,Osasco,1733772548,25.34,56,1016,Clear,normal
3453488,Osasco,1733858948,29.44,60,1013,Clouds,normal
3453488,Osasco,1733945348,24.57,63,1020,Clear,normal
3453488,Osasco,1734031748,31.35,61,1018,Clear,normal
3453488,Osasco,1734118148,23.38,92,1013,Thunderstorm,storm_event
3453488,Osasco,1734204548,24.08,92,1015,Clear,normal
3453488,Osasco,1734290948,21.35,92,1013,Clouds,normal
3453488,Osasco,1734377348,26.96,81,1014,Rain,normal
3453488,Osasco,1734463748,26.42,66,1015,Clear,normal
3453488,Osasco,1734550148,26.48,71,1008,Clear,pressure_drop
3453488,Osasco,1734636548,27.2,55,1008,Clear,pressure_drop
3453488,Osasco,1734722948,24.17,92,1020,Clear,normal
3453488,Osasco,1734809348,28.25,70,1019,Clear,normal
3453488,Osasco,1734895748,28.18,61,1015,Clouds,normal
3453488,Osasco,1734982148,25.49,87,1008,Clouds,pressure_drop
3453488,Osasco,1735068548,22.39,98,1011,Rain,extreme_humidity
3453488,Osasco,1735154948,22.98,88,1020,Clear,normal
3453488,Osasco,1735241348,25.74,82,1008,Clouds,pressure_drop
3453488,Osasco,1735327748,31.35,92,1016,Drizzle,normal
3453488,Osasco,1735414148,23.72,80,1016,Rain,normal
3453488,Osasco,1735500548,31.35,73,1017,Clear,normal
3453488,Osasco,1735586948,21.14,81,1014,Drizzle,normal
3453488,Osasco,1735673348,28.05,84,1022,Clear,normal
3453488,Osasco,1735759748,28.43,70,1009,Clear,normal
3453488,Osasco,1735846148,22.99,66,1013,Clouds,normal
3453488,Osasco,1735932548,28.1,81,1021,Clear,normal
3453488,Osasco,1736018948,22.07,92,1016,Rain,normal
3453488,Osasco,1736105348,25.23,40,1013,Clouds,normal
3453488,Osasco,1736191748,17.37,50,1022,Clear,cold_snap
3453488,Osasco,1736278148,26.16,66,1017,Clear,normal
3453488,Osasco,1736364548,28.84,69,1011,Clear,normal
3453488,Osasco,1736450948,17.37,55,1019,Clear,cold_snap
3453488,Osasco,1736537348,26.82,68,1016,Clear,normal
3453488,Osasco,1736623748,27.54,70,1012,Clear,normal
3453488,Osasco,1736710148,27.18,80,1017,Clouds,normal
3453488,Osasco,1736796548,26.35,98,1013,Rain,extreme_humidity
3453488,Osasco,1736882948,23.67,79,1010,Clear,normal
3453488,Osasco,1736969348,25.44,77,1013,Clear,normal
3453488,Osasco,1737055748,29.09,64,1016,Clouds,normal
3453488,Osasco,1737142148,22.49,80,1009,Drizzle,normal
3453488,Osasco,1737228548,25.22,98,1016,Rain,extreme_humidity
3453488,Osasco,1737314948,27.49,63,1008,Rain,pressure_drop
3453488,Osasco,1737401348,25.15,92,1020,Rain,normal
3453488,Osasco,1737487748,23.08,97,1013,Thunderstorm,storm_event
3453488,Osasco,1737574148,20.21,86,1013,Clear,normal
3453488,Osasco,1737660548,24.78,51,1016,Clear,normal
3453488,Osasco,1737746948,23.41,75,1015,Rain,normal
3453488,Osasco,1737833348,23.16,73,1013,Clear,normal
3453488,Osasco,1737919748,23.76,75,1012,Rain,normal
3453488,Osasco,1738006148,27.53,82,1009,Clear,normal
3453488,Osasco,1738092548,28.16,86,1009,Clear,normal
3453488,Osasco,1738178948,29.92,49,1021,Clear,normal
3453488,Osasco,1738265348,26.26,52,1019,Clear,normal
3453488,Osasco,1738351748,27.96,98,1019,Rain,extreme_humidity
3453488,Osasco,1738438148,31.72,85,1016,Clear,normal
3453488,Osasco,1738524548,21.57,55,1009,Rain,normal
3453488,Osasco,1738610948,24.3,65,1013,Clouds,normal
3453488,Osasco,1738697348,23.51,82,1014,Rain,normal
3453488,Osasco,1738783748,25.25,64,1014,Rain,normal
3453488,Osasco,1738870148,22.6,83,1019,Rain,normal
3453488,Osasco,1738956548,23.79,92,1018,Clouds,normal
3453488,Osasco,1739042948,22.47,65,1016,Rain,normal
3453488,Osasco,1739129348,26.16,79,1014,Rain,normal
3453488,Osasco,1739215748,23.56,75,1015,Clouds,normal
3453488,Osasco,1739302148,29.65,74,1010,Drizzle,normal
3453488,Osasco,1739388548,25.61,65,1010,Clouds,normal
3453488,Osasco,1739474948,30.67,84,1009,Drizzle,normal
3453488,Osasco,1739561348,24.26,63,1011,Drizzle,normal
3453488,Osasco,1739647748,23.94,73,1014,Clouds,normal
3453488,Osasco,1739734148,21.42,68,1008,Clouds,pressure_drop
3453488,Osasco,1739820548,30.76,61,1012,Clear,normal
3453488,Osasco,1739906948,29.76,60,1010,Rain,normal
3453488,Osasco,1739993348,27.28,57,1012,Clear,normal
3453488,Osasco,1740079748,21.69,55,1017,Rain,normal
3453488,Osasco,1740166148,23.92,92,1018,Drizzle,normal
3453488,Osasco,1740252548,23.73,84,1008,Clouds,pressure_drop
3453488,Osasco,1740338948,28.18,67,1015,Clear,normal
3453488,Osasco,1740425348,22.72,61,1016,Clear,normal
3453488,Osasco,1740511748,25.06,46,1014,Clear,normal
3453488,Osasco,1740598148,23.39,84,1008,Clouds,pressure_drop
3453488,Osasco,1740684548,31.72,63,1012,Clouds,normal
3453488,Osasco,1740770948,20.81,84,1017,Clouds,normal
3453488,Osasco,1740857348,21.65,73,1009,Rain,normal
3453488,Osasco,1740943748,22.96,97,1019,Drizzle,extreme_humidity
3453488,Osasco,1741030148,30.39,76,1016,Rain,normal
3453488,Osasco,1741116548,27.55,92,1015,Rain,normal
3453488,Osasco,1741202948,26.92,97,1014,Rain,extreme_humidity
3453488,Osasco,1741289348,21.84,85,1008,Clouds,pressure_drop
3453488,Osasco,1741375748,29.07,95,1013,Thunderstorm,storm_event
3453488,Osasco,1741462148,25.36,79,1022,Clouds,normal
3453488,Osasco,1741548548,24.57,71,1017,Clouds,normal
3453488,Osasco,1741634948,20.17,91,1008,Drizzle,pressure_drop
3453488,Osasco,1741721348,25.94,51,1009,Clouds,normal
3453488,Osasco,1741807748,29.6,39,1012,Clear,drought
3453488,Osasco,1741894148,26.92,67,1020,Rain,normal
3453488,Osasco,1741980548,30.99,38,1014,Clear,drought
3453488,Osasco,1742066948,24.15,77,1015,Clouds,normal
3453488,Osasco,1742153348,27.03,56,1018,Clouds,normal
3453488,Osasco,1742239748,25.16,49,1017,Clear,normal
3453488,Osasco,1742326148,22.51,82,1013,Drizzle,normal
3453488,Osasco,1742412548,29.15,86,1018,Clear,normal
3453488,Osasco,1742498948,27.52,69,1011,Clear,normal
3453488,Osasco,1742585348,24.66,89,1019,Clouds,normal
3453488,Osasco,1742671748,23.49,92,1012,Thunderstorm,storm_event
3453488,Osasco,1742758148,26.05,94,1008,Drizzle,pressure_drop
3453488,Osasco,1742844548,26.64,51,1015,Clear,normal
3453488,Osasco,1742930948,29.6,49,1009,Clouds,normal
3453488,Osasco,1743017348,28.74,73,1017,Clouds,normal
3453488,Osasco,1743103748,24.75,40,1014,Clouds,normal
3453488,Osasco,1743190148,29.27,92,1012,Rain,normal
3453488,Osasco,1743276548,30.52,84,1018,Rain,normal
3453488,Osasco,1743362948,25.94,40,1022,Clouds,normal
3453488,Osasco,1743449348,28.16,60,1009,Clouds,normal
3453488,Osasco,1743535748,22.68,55,1008,Clear,pressure_drop
3453488,Osasco,1743622148,21.56,68,1013,Rain,normal
3453488,Osasco,1743708548,12.28,59,1017,Clear,cold_snap
3453488,Osasco,1743794948,17.3,44,1015,Clouds,normal
3453488,Osasco,1743881348,24.73,73,1015,Clear,normal
3453488,Osasco,1743967748,22.82,92,1016,Clouds,normal
3453488,Osasco,1744054148,21.94,55,1013,Drizzle,normal
3453488,Osasco,1744140548,22.25,86,1018,Rain,normal
3453488,Osasco,1744226948,13.59,65,1008,Clouds,pressure_drop
3453488,Osasco,1744313348,22.92,67,1013,Clear,normal
3453488,Osasco,1744399748,20.53,64,1015,Clear,normal
3453488,Osasco,1744486148,17.77,72,1012,Clear,normal
3453488,Osasco,1744572548,24.07,51,1018,Clear,normal
3453488,Osasco,1744658948,20.9,91,1012,Thunderstorm,storm_event
3453488,Osasco,1744745348,24.45,85,1016,Clouds,normal
3453488,Osasco,1744831748,12.0,56,1015,Clear,cold_snap
3453488,Osasco,1744918148,25.6,73,1011,Clear,normal
3453488,Osasco,1745004548,20.37,55,1018,Drizzle,normal
3453488,Osasco,1745090948,24.88,62,1016,Clear,normal
3453488,Osasco,1745177348,24.43,68,1022,Clouds,normal
3453488,Osasco,1745263748,23.13,52,1009,Clear,normal
3453488,Osasco,1745350148,21.45,79,1010,Rain,normal
3453488,Osasco,1745436548,23.21,77,1014,Clouds,normal
3453488,Osasco,1745522948,26.11,91,1013,Rain,normal
3453488,Osasco,1745609348,19.41,58,1013,Rain,normal
3453488,Osasco,1745695748,21.4,92,1014,Rain,normal
3453488,Osasco,1745782148,17.4,92,1016,Clouds,normal
3453488,Osasco,1745868548,26.66,57,1014,Rain,normal
3453488,Osasco,1745954948,27.13,83,1017,Rain,normal
3453488,Osasco,1746041348,19.82,63,1012,Clouds,normal
3453488,Osasco,1746127748,21.04,90,1017,Clouds,normal
3453488,Osasco,1746214148,15.76,51,1014,Clouds,normal
3453488,Osasco,1746300548,20.75,47,1014,Clear,normal
3453488,Osasco,1746386948,17.12,92,1014,Clouds,normal
3453488,Osasco,1746473348,20.79,64,1012,Clear,normal
3453488,Osasco,1746559748,22.01,86,1018,Clear,normal
3453488,Osasco,1746646148,23.85,73,1013,Clear,normal
3453488,Osasco,1746732548,22.67,68,1016,Clouds,normal
3453488,Osasco,1746818948,26.36,41,1017,Clouds,normal
3453488,Osasco,1746905348,22.87,58,1019,Clear,normal
3453488,Osasco,1746991748,17.7,52,1015,Clouds,normal
3453488,Osasco,1747078148,26.15,81,1021,Clear,normal
3453488,Osasco,1747164548,20.06,66,1009,Rain,normal
3453488,Osasco,1747250948,18.72,64,1013,Clear,normal
3453488,Osasco,1747337348,24.69,55,1009,Rain,normal
3453488,Osasco,1747423748,20.32,90,1010,Clouds,normal
3453488,Osasco,1747510148,20.86,75,1009,Clouds,normal
3453488,Osasco,1747596548,23.14,75,1018,Rain,normal
3453488,Osasco,1747682948,18.25,68,1017,Clouds,normal
3453488,Osasco,1747769348,23.28,60,1013,Clouds,normal
3453488,Osasco,1747855748,18.69,60,1015,Rain,normal
3453488,Osasco,1747942148,23.48,62,1010,Clouds,normal
3453488,Osasco,1748028548,23.61,56,1011,Clear,normal
3453488,Osasco,1748114948,24.59,95,1009,Rain,storm_event
3453488,Osasco,1748201348,25.27,90,1008,Rain,pressure_drop
3453488,Osasco,1748287748,19.8,66,1016,Clear,normal
3453488,Osasco,1748374148,18.88,61,1015,Drizzle,normal
3453488,Osasco,1748460548,17.37,83,1008,Clouds,pressure_drop
3453488,Osasco,1748546948,20.13,93,1009,Rain,storm_event
3453488,Osasco,1748633348,18.85,64,1015,Clear,normal
3453488,Osasco,1748719748,21.95,71,1011,Clear,normal
3453488,Osasco,1748806148,17.92,74,1012,Clear,normal
3453488,Osasco,1748892548,12.71,63,1014,Rain,normal
3453488,Osasco,1748978948,17.01,40,1013,Clear,normal
3453488,Osasco,1749065348,17.13,96,1008,Rain,pressure_drop
3453488,Osasco,1749151748,17.03,73,1018,Clear,normal
3453488,Osasco,1749238148,20.04,83,1014,Clear,normal
3453488,Osasco,1749324548,11.16,44,1016,Clouds,normal
3453488,Osasco,1749410948,18.42,62,1021,Clear,normal
3453488,Osasco,1749497348,11.3,97,1009,Thunderstorm,storm_event
3453488,Osasco,1749583748,13.74,62,1008,Clouds,pressure_drop
3453488,Osasco,1749670148,18.61,63,1014,Clear,normal
3453488,Osasco,1749756548,11.16,40,1013,Clear,normal
3453488,Osasco,1749842948,15.74,85,1014,Clear,normal
3453488,Osasco,1749929348,14.18,90,1020,Clouds,normal
3453488,Osasco,1750015748,12.03,68,1016,Clouds,normal
3453488,Osasco,1750102148,14.8,58,1012,Clear,normal
3453488,Osasco,1750188548,15.75,93,1009,Rain,storm_event
3453488,Osasco,1750274948,23.29,38,1017,Clear,drought
3453488,Osasco,1750361348,9.4,52,1020,Clouds,cold_snap
3453488,Osasco,1750447748,12.66,50,1016,Clear,normal
3453488,Osasco,1750534148,11.16,49,1016,Clouds,normal
3453488,Osasco,1750620548,11.46,59,1016,Clear,normal
3453488,Osasco,1750706948,20.8,65,1013,Clear,normal
3453488,Osasco,1750793348,16.87,97,1016,Clouds,extreme_humidity
3453488,Osasco,1750879748,17.91,92,1014,Drizzle,normal
3453488,Osasco,1750966148,16.18,65,1014,Rain,normal
3453488,Osasco,1751052548,11.2,80,1018,Rain,normal
3453488,Osasco,1751138948,18.73,74,1017,Clear,normal
3453488,Osasco,1751225348,14.56,74,1014,Rain,normal
3453488,Osasco,1751311748,12.94,67,1018,Clear,normal
3453488,Osasco,1751398148,22.55,65,1015,Drizzle,normal
3453488,Osasco,1751484548,19.02,90,1015,Rain,normal
3453488,Osasco,1751570948,14.66,74,1009,Clear,normal
3453488,Osasco,1751657348,17.77,89,1014,Clouds,normal
3453488,Osasco,1751743748,22.55,71,1011,Clouds,normal
3453488,Osasco,1751830148,22.55,67,1014,Clouds,normal
3453488,Osasco,1751916548,13.91,59,1021,Clouds,normal
3453488,Osasco,1752002948,14.7,63,1018,Clear,normal
3453488,Osasco,1752089348,17.86,92,1022,Clouds,normal
3453488,Osasco,1752175748,20.93,89,1014,Clear,normal
3453488,Osasco,1752262148,22.3,51,1017,Clear,normal
3453488,Osasco,1752348548,17.42,70,1015,Clear,normal
3453488,Osasco,1752434948,20.36,77,1014,Clouds,normal
3453488,Osasco,1752521348,15.75,73,1012,Clouds,normal
3453488,Osasco,1752607748,18.37,86,1012,Clear,normal
3453488,Osasco,1752694148,20.41,71,1014,Clear,normal
3453488,Osasco,1752780548,19.04,51,1019,Clouds,normal
3453488,Osasco,1752866948,22.04,50,1016,Clouds,normal
3453488,Osasco,1752953348,19.5,50,1008,Drizzle,pressure_drop
3453488,Osasco,1753039748,16.28,86,1013,Clouds,normal
3453488,Osasco,1753126148,16.22,86,1008,Clear,pressure_drop
3453488,Osasco,1753212548,20.81,59,1011,Rain,normal
3453488,Osasco,1753298948,22.26,66,1018,Clouds,normal
3453488,Osasco,1753385348,16.68,63,1014,Clear,normal
3453488,Osasco,1753471748,14.27,63,1020,Rain,normal
3453488,Osasco,1753558148,16.54,78,1017,Drizzle,normal
3453488,Osasco,1753644548,16.34,62,1012,Clear,normal
3453488,Osasco,1753730948,21.94,80,1013,Clouds,normal
3453488,Osasco,1753817348,12.53,92,1016,Rain,normal
3453488,Osasco,1753903748,18.39,88,1012,Clear,normal
3453488,Osasco,1753990148,16.94,90,1012,Clear,normal
3453488,Osasco,1754076548,17.41,76,1013,Clouds,normal
3453488,Osasco,1754162948,8.8,75,1019,Clear,cold_snap
3453488,Osasco,1754249348,21.14,66,1018,Clear,normal
3453488,Osasco,1754335748,18.9,50,1011,Clear,normal
3453488,Osasco,1754422148,18.59,72,1022,Clear,normal
3453488,Osasco,1754508548,16.01,48,1019,Clouds,normal
3453488,Osasco,1754594948,13.08,66,1012,Clouds,normal
3453488,Osasco,1754681348,13.7,91,1011,Thunderstorm,storm_event
3453488,Osasco,1754767748,15.04,50,1014,Clouds,normal
3453488,Osasco,1754854148,16.2,98,1017,Drizzle,extreme_humidity
3453488,Osasco,1754940548,18.51,77,1016,Drizzle,normal
3453488,Osasco,1755026948,16.75,49,1018,Clear,normal
3453488,Osasco,1755113348,18.53,98,1017,Drizzle,extreme_humidity
3453488,Osasco,1755199748,17.48,56,1019,Clouds,normal
3453488,Osasco,1755286148,13.33,98,1015,Clouds,extreme_humidity
3453488,Osasco,1755372548,14.61,97,1008,Thunderstorm,storm_event
3453488,Osasco,1755458948,16.28,40,1015,Clouds,normal
3453488,Osasco,1755545348,18.44,61,1021,Clouds,normal
3453488,Osasco,1755631748,17.89,62,1010,Clouds,normal
3453488,Osasco,1755718148,18.7,75,1014,Clear,normal
3453488,Osasco,1755804548,18.42,72,1018,Clear,normal
3453488,Osasco,1755890948,12.63,74,1015,Clear,normal
3453488,Osasco,1755977348,16.89,65,1016,Clouds,normal
3453488,Osasco,1756063748,15.22,76,1012,Rain,normal
3453488,Osasco,1756150148,19.42,77,1020,Rain,normal
3453488,Osasco,1756236548,21.49,92,1010,Clear,normal
3453488,Osasco,1756322948,16.12,62,1016,Rain,normal
3453488,Osasco,1756409348,14.48,82,1019,Rain,normal
3453488,Osasco,1756495748,18.17,43,1013,Clear,normal
3453488,Osasco,1756582148,18.78,72,1017,Clear,normal
3453488,Osasco,1756668548,14.86,89,1013,Clear,normal
3453488,Osasco,1756754948,20.67,76,1011,Clouds,normal
3453488,Osasco,1756841348,24.82,90,1013,Drizzle,normal
3453488,Osasco,1756927748,18.22,80,1015,Clear,normal
3453488,Osasco,1757014148,21.5,60,1015,Clear,normal
3453488,Osasco,1757100548,26.2,92,1016,Rain,normal
3453488,Osasco,1757186948,22.01,92,1010,Clear,normal
3453488,Osasco,1757273348,15.76,76,1017,Clouds,normal
3453488,Osasco,1757359748,24.98,58,1012,Clear,normal
3453488,Osasco,1757446148,25.42,56,1015,Clear,normal
3453488,Osasco,1757532548,24.01,76,1016,Clear,normal
3453488,Osasco,1757618948,19.44,92,1013,Clouds,normal
3453488,Osasco,1757705348,24.73,59,1015,Clouds,normal
3453488,Osasco,1757791748,27.94,96,1008,Clouds,pressure_drop
3453488,Osasco,1757878148,22.43,68,1012,Clear,normal
3453488,Osasco,1757964548,20.87,46,1015,Clear,normal
3453488,Osasco,1758050948,21.85,67,1012,Clouds,normal
3453488,Osasco,1758137348,22.47,88,1016,Clear,normal
3453488,Osasco,1758223748,22.7,40,1021,Clouds,normal
3453488,Osasco,1758310148,26.2,55,1010,Clear,normal
3453488,Osasco,1758396548,21.99,73,1014,Clouds,normal
3453488,Osasco,1758482948,16.85,72,1009,Clouds,normal
3453488,Osasco,1758569348,19.92,74,1021,Clouds,normal
3453488,Osasco,1758655748,21.35,97,1014,Rain,extreme_humidity
3453488,Osasco,1758742148,17.3,69,1009,Drizzle,normal
3453488,Osasco,1758828548,21.42,95,1009,Rain,storm_event
3453488,Osasco,1758914948,20.81,95,1008,Clear,pressure_drop
3453488,Osasco,1759001348,27.84,39,1019,Clear,drought
3453488,Osasco,1759087748,22.77,75,1018,Clear,normal
3453488,Osasco,1759174148,23.46,79,1009,Rain,normal
3453488,Osasco,1759260548,20.54,83,1008,Clear,pressure_drop
3453488,Osasco,1759346948,19.05,89,1009,Thunderstorm,storm_event
3453488,Osasco,1759433348,26.83,88,1017,Rain,normal
3453488,Osasco,1759519748,12.89,59,1020,Clear,cold_snap
3453488,Osasco,1759606148,26.83,70,1014,Rain,normal
3453488,Osasco,1759692548,22.6,53,1014,Clouds,normal
3453488,Osasco,1759778948,25.17,55,1014,Rain,normal
3453488,Osasco,1759865348,21.78,87,1010,Clear,normal
3453488,Osasco,1759951748,20.17,90,1019,Clouds,normal
3453488,Osasco,1760038148,22.81,97,1014,Clouds,extreme_humidity
3453488,Osasco,1760124548,24.09,92,1013,Rain,normal
3453488,Osasco,1760210948,25.55,66,1009,Rain,normal
3453488,Osasco,1760297348,16.44,93,1012,Thunderstorm,storm_event
3453488,Osasco,1760383748,21.59,87,1011,Rain,normal
3453488,Osasco,1760470148,12.89,41,1015,Clouds,cold_snap
3453488,Osasco,1760556548,26.77,51,1016,Clouds,normal
3453488,Osasco,1760642948,18.6,71,1013,Clouds,normal
3453488,Osasco,1760729348,21.04,93,1013,Thunderstorm,storm_event
3453488,Osasco,1760815748,22.76,52,1019,Clear,normal
3453488,Osasco,1760902148,20.91,65,1013,Clear,normal
3453488,Osasco,1760988548,26.01,88,1014,Clear,normal
3453488,Osasco,1761074948,17.39,81,1012,Clouds,normal
3453488,Osasco,1761161348,26.83,98,1012,Drizzle,extreme_humidity
3453488,Osasco,1761247748,22.44,55,1012,Clouds,normal
3453488,Osasco,1761334148,20.58,93,1009,Rain,storm_event
3453488,Osasco,1761420548,20.85,74,1022,Clouds,normal
3453488,Osasco,1761506948,22.93,67,1013,Clouds,normal
3453488,Osasco,1761593348,14.93,72,1015,Clear,normal
3453488,Osasco,1761679748,15.45,92,1017,Rain,normal
3453488,Osasco,1761766148,24.13,92,1009,Rain,normal
3453488,Osasco,1761852548,20.87,98,1018,Drizzle,extreme_humidity
3453488,Osasco,1761938948,23.11,85,1019,Clouds,normal
3453488,Osasco,1762025348,22.44,59,1014,Drizzle,normal
3453488,Osasco,1762111748,20.18,62,1010,Rain,normal
3453488,Osasco,1762198148,19.4,81,1009,Rain,normal
3453488,Osasco,1762284548,19.57,58,1018,Clear,normal
3453488,Osasco,1762370948,18.44,63,1014,Clouds,normal
3453488,Osasco,1762457348,19.89,81,1021,Clouds,normal
3453488,Osasco,1762543748,18.89,45,1017,Clear,normal
3453488,Osasco,1762630148,25.48,79,1008,Clear,pressure_drop
3453488,Osasco,1762716548,25.27,39,1015,Clear,drought
3453488,Osasco,1762802948,20.15,90,1015,Clouds,normal
3453488,Osasco,1762889348,19.85,68,1016,Clouds,normal
3453488,Osasco,1762975748,26.5,36,1014,Clear,drought
3453488,Osasco,1763062148,23.9,82,1017,Clouds,normal
3453488,Osasco,1763148548,20.6,44,1014,Clear,normal
3453488,Osasco,1763234948,23.84,73,1019,Clear,normal
3453488,Osasco,1763321348,20.2,92,1015,Rain,normal
3453488,Osasco,1763407748,20.02,55,1014,Rain,normal
3453488,Osasco,1763494148,18.29,98,1013,Drizzle,extreme_humidity
3453488,Osasco,1763580548,19.31,55,1015,Rain,normal
3453488,Osasco,1763666948,17.88,69,1022,Clear,normal
3453488,Osasco,1763753348,21.45,40,1012,Clear,normal
3453488,Osasco,1763839748,19.91,75,1016,Clear,normal
3453488,Osasco,1763926148,23.91,45,1012,Clear,normal
3453488,Osasco,1764012548,25.55,49,1015,Clouds,normal
3453488,Osasco,1764098948,22.85,85,1013,Clear,normal
3453488,Osasco,1764185348,24.85,92,1017,Clear,normal
3453488,Osasco,1764271748,19.48,42,1014,Clear,normal
3453488,Osasco,1764358148,24.04,69,1015,Rain,normal
3453488,Osasco,1764444548,26.47,87,1016,Rain,normal
3453488,Osasco,1764530948,15.68,83,1009,Rain,normal
3453488,Osasco,1764617348,24.45,92,1022,Rain,normal
3453488,Osasco,1764703748,28.08,96,1008,Clouds,pressure_drop
3453488,Osasco,1764790148,25.88,90,1013,Drizzle,normal
3453488,Osasco,1764876548,22.51,79,1012,Drizzle,normal
3453488,Osasco,1764962948,26.65,49,1011,Clouds,normal
3453488,Osasco,1765049348,24.13,98,1015,Clouds,extreme_humidity
3453488,Osasco,1765135748,20.52,67,1013,Clouds,normal
3453488,Osasco,1765222148,24.98,68,1013,Clear,normal
3453488,Osasco,1765308548,21.97,64,1016,Clear,normal
3453488,Osasco,1765394948,23.51,55,1013,Drizzle,normal
3453488,Osasco,1765481348,24.67,98,1010,Clouds,extreme_humidity
3453488,Osasco,1765567748,22.87,62,1013,Clear,normal
3453488,Osasco,1765654148,24.73,50,1013,Clouds,normal
3453488,Osasco,1765740548,24.7,98,1015,Clouds,extreme_humidity
3453488,Osasco,1765826948,28.59,60,1019,Clear,normal
3453488,Osasco,1765913348,24.11,55,1021,Rain,normal
3453488,Osasco,1765999748,17.88,67,1021,Clear,cold_snap
3453488,Osasco,1766086148,27.97,71,1010,Rain,normal
3453488,Osasco,1766172548,26.76,65,1009,Clouds,normal
3453488,Osasco,1766258948,24.75,82,1016,Clouds,normal
3453488,Osasco,1766345348,23.55,97,1014,Drizzle,extreme_humidity
3453488,Osasco,1766431748,27.23,70,1013,Clouds,normal
3453488,Osasco,1766518148,27.15,55,1016,Clear,normal
3453488,Osasco,1766604548,29.06,77,1021,Clear,normal
3453488,Osasco,1766690948,29.15,83,1015,Clear,normal
3453488,Osasco,1766777348,22.56,50,1013,Clouds,normal
3453488,Osasco,1766863748,17.33,45,1019,Rain,cold_snap
3453488,Osasco,1766950148,26.84,82,1017,Drizzle,normal
3453488,Osasco,1767036548,24.91,89,1022,Clear,normal
3453488,Osasco,1767122948,20.21,78,1019,Clear,normal
3453488,Osasco,1767209348,27.97,90,1021,Clouds,normal
3453488,Osasco,1767295748,27.82,43,1015,Clear,normal
3453488,Osasco,1767382148,17.37,57,1021,Clouds,cold_snap
3453488,Osasco,1767468548,27.6,72,1010,Drizzle,normal
3453488,Osasco,1767554948,28.17,38,1013,Clear,drought
3453488,Osasco,1767641348,26.58,67,1011,Drizzle,normal
3453488,Osasco,1767727748,24.25,75,1008,Rain,pressure_drop
3453488,Osasco,1767814148,25.23,78,1015,Clouds,normal
3453488,Osasco,1767900548,24.49,49,1012,Clear,normal
3453488,Osasco,1767986948,28.65,69,1016,Clouds,normal
3453488,Osasco,1768073348,26.33,51,1014,Clear,normal
3453488,Osasco,1768159748,30.57,78,1016,Clouds,normal
3453488,Osasco,1768246148,28.81,55,1014,Drizzle,normal
3453488,Osasco,1768332548,24.77,61,1014,Clear,normal
3453488,Osasco,1768418948,21.4,56,1009,Clear,normal
3453488,Osasco,1768505348,26.26,68,1014,Clear,normal
3453488,Osasco,1768591748,29.13,61,1016,Clear,normal
3453488,Osasco,1768678148,27.12,44,1022,Clouds,normal
3453488,Osasco,1768764548,22.66,50,1008,Clouds,pressure_drop
3453488,Osasco,1768850948,24.45,71,1014,Clear,normal
3453488,Osasco,1768937348,25.41,92,1017,Clear,normal
3453488,Osasco,1769023748,30.57,79,1017,Clouds,normal
3453488,Osasco,1769110148,22.1,40,1015,Clear,normal
3453488,Osasco,1769196548,26.48,88,1020,Clouds,normal
3453488,Osasco,1769282948,28.66,85,1015,Clear,normal
3453488,Osasco,1769369348,25.78,55,1013,Rain,normal
3453488,Osasco,1769455748,26.34,62,1009,Clouds,normal
3453488,Osasco,1769542148,24.37,53,1020,Clear,normal
3453488,Osasco,1769628548,26.14,74,1011,Clouds,normal
3453488,Osasco,1769714948,28.97,52,1012,Clear,normal
3453488,Osasco,1769801348,25.67,85,1010,Drizzle,normal
3453488,Osasco,1769887748,22.39,53,1009,Clouds,normal
3453488,Osasco,1769974148,27.29,76,1008,Drizzle,pressure_drop
3453488,Osasco,1770060548,27.26,88,1008,Drizzle,pressure_drop
3453488,Osasco,1770146948,23.19,74,1009,Drizzle,normal
3453488,Osasco,1770233348,29.13,47,1014,Clear,normal
3453488,Osasco,1770319748,23.38,73,1016,Rain,normal
3453488,Osasco,1770406148,26.41,62,1010,Clouds,normal
3453488,Osasco,1770492548,26.43,53,1016,Clear,normal
3453488,Osasco,1770578948,24.16,57,1011,Clear,normal
3453488,Osasco,1770665348,31.72,61,1011,Clear,normal
3453488,Osasco,1770751748,24.97,57,1019,Clouds,normal
3453488,Osasco,1770838148,28.19,51,1008,Clouds,pressure_drop
3453488,Osasco,1770924548,25.47,82,1014,Rain,normal
3453488,Osasco,1771010948,21.16,57,1010,Clear,normal
3453488,Osasco,1771097348,20.77,61,1013,Clouds,normal
3453488,Osasco,1771183748,27.32,70,1010,Rain,normal
3453488,Osasco,1771270148,30.36,62,1014,Clear,normal
3453488,Osasco,1771356548,26.82,67,1012,Drizzle,normal
3453488,Osasco,1771442948,29.28,62,1009,Rain,normal
3453488,Osasco,1771529348,23.53,65,1008,Clouds,pressure_drop
3453488,Osasco,1771615748,28.17,89,1011,Rain,normal
3453488,Osasco,1771702148,25.35,58,1011,Clear,normal
3453488,Osasco,1771788548,28.74,46,1016,Clear,normal
3453488,Osasco,1771874948,25.5,65,1013,Clouds,normal
3453488,Osasco,1771961348,24.81,73,1016,Drizzle,normal
3453488,Osasco,1772047748,24.21,61,1012,Clear,normal
3453488,Osasco,1772134148,23.88,40,1014,Clouds,normal
3453488,Osasco,1772220548,24.38,84,1009,Rain,normal
3453488,Osasco,1772306948,16.71,56,1018,Rain,cold_snap
3453488,Osasco,1772393348,26.59,89,1013,Thunderstorm,storm_event
3453488,Osasco,1772479748,26.48,76,1017,Rain,normal
3453488,Osasco,1772566148,25.27,69,1011,Rain,normal
3453488,Osasco,1772652548,22.9,56,1015,Clouds,normal
3453488,Osasco,1772738948,29.98,63,1018,Clear,normal
3453488,Osasco,1772825348,27.39,67,1013,Clouds,normal
3453488,Osasco,1772911748,23.42,73,1015,Clear,normal
3453488,Osasco,1772998148,27.68,64,1012,Clear,normal
3453488,Osasco,1773084548,28.05,62,1016,Rain,normal
3453488,Osasco,1773170948,25.41,55,1014,Rain,normal
3453488,Osasco,1773257348,25.89,58,1019,Clouds,normal
3453488,Osasco,1773343748,24.33,40,1020,Clear,normal
3453488,Osasco,1773430148,22.13,54,1015,Clear,normal
3453488,Osasco,1773516548,26.03,75,1014,Rain,normal
3453488,Osasco,1773602948,23.46,61,1009,Clear,normal
3453488,Osasco,1773689348,24.75,82,1015,Clear,normal
3453488,Osasco,1773775748,26.05,55,1009,Rain,normal
3453488,Osasco,1773862148,25.55,54,1014,Clear,normal
3453488,Osasco,1773948548,27.96,79,1013,Clouds,normal
3453488,Osasco,1774034948,26.76,74,1021,Clear,normal
3453488,Osasco,1774121348,22.66,91,1008,Rain,pressure_drop
3453488,Osasco,1774207748,21.65,70,1017,Clouds,normal
3453488,Osasco,1774294148,26.55,77,1017,Clouds,normal
3453488,Osasco,1774380548,27.94,76,1014,Rain,normal
3453488,Osasco,1774466948,28.74,64,1016,Clear,normal
3453488,Osasco,1774553348,31.5,37,1017,Clear,drought
3453488,Osasco,1774639748,29.17,79,1009,Clear,normal
3453488,Osasco,1774726148,24.72,68,1021,Clear,normal
3453488,Osasco,1774812548,26.36,92,1010,Thunderstorm,storm_event
3453488,Osasco,1774898948,28.3,77,1012,Clouds,normal
3453488,Osasco,1774985348,24.21,66,1012,Clear,normal
3453488,Osasco,1775071748,19.54,62,1012,Clouds,normal
3453488,Osasco,1775158148,19.27,92,1016,Rain,normal
3453488,Osasco,1775244548,23.44,63,1008,Clouds,pressure_drop
3453488,Osasco,1775330948,20.04,65,1010,Clear,normal
3453488,Osasco,1775417348,21.86,79,1008,Drizzle,pressure_drop
3453488,Osasco,1775503748,20.16,59,1011,Clear,normal
3453488,Osasco,1775590148,27.13,74,1011,Rain,normal
3453488,Osasco,1775676548,18.76,85,1012,Rain,normal
3453488,Osasco,1775762948,23.34,64,1013,Clear,normal
3453488,Osasco,1775849348,27.13,81,1020,Clouds,normal
3453488,Osasco,1775935748,20.86,56,1017,Clouds,normal
3453488,Osasco,1776022148,22.34,61,1010,Rain,normal
3453488,Osasco,1776108548,20.56,93,1009,Rain,storm_event
3453488,Osasco,1776194948,23.55,84,1012,Rain,normal
3453488,Osasco,1776281348,18.91,64,1015,Rain,normal
3453488,Osasco,1776367748,21.17,76,1017,Clouds,normal
3453488,Osasco,1776454148,19.85,70,1017,Clear,normal
3453488,Osasco,1776540548,26.6,92,1018,Clouds,normal
3453488,Osasco,1776626948,23.15,67,1013,Drizzle,normal
3453488,Osasco,1776713348,18.04,65,1017,Rain,normal
3453488,Osasco,1776799748,21.0,51,1009,Clear,normal
3453488,Osasco,1776886148,22.14,71,1016,Clouds,normal
3453488,Osasco,1776972548,19.39,53,1016,Clouds,normal
3453488,Osasco,1777058948,24.14,81,1016,Rain,normal
3453488,Osasco,1777145348,27.13,65,1016,Clear,normal
3453488,Osasco,1777231748,21.18,89,1018,Rain,normal
3453488,Osasco,1777318148,12.15,64,1019,Clear,cold_snap
3453488,Osasco,1777404548,20.9,76,1019,Clear,normal
3453488,Osasco,1777490948,21.32,41,1017,Clouds,normal
3453488,Osasco,1777577348,20.53,67,1014,Clear,normal
3453488,Osasco,1777663748,21.71,57,1014,Clouds,normal
3453488,Osasco,1777750148,22.72,70,1013,Clouds,normal
3453488,Osasco,1777836548,20.43,88,1013,Drizzle,normal
3453488,Osasco,1777922948,11.96,74,1020,Clear,cold_snap
3453488,Osasco,1778009348,21.88,84,1020,Clear,normal
3453488,Osasco,1778095748,19.35,56,1018,Drizzle,normal
3453488,Osasco,1778182148,17.95,57,1016,Rain,normal
3453488,Osasco,1778268548,20.94,67,1009,Clear,normal
3453488,Osasco,1778354948,20.85,71,1014,Drizzle,normal
3453488,Osasco,1778441348,20.17,49,1014,Clouds,normal
3453488,Osasco,1778527748,20.91,75,1022,Clouds,normal
3453488,Osasco,1778614148,19.62,88,1013,Clouds,normal
3453488,Osasco,1778700548,22.84,90,1020,Rain,normal
3450554,Ribeirão Preto,1715714948,19.43,92,1009,Drizzle,normal
3450554,Ribeirão Preto,1715801348,17.79,78,1015,Clouds,normal
3450554,Ribeirão Preto,1715887748,19.14,40,1017,Clear,normal
3450554,Ribeirão Preto,1715974148,17.36,76,1016,Drizzle,normal
3450554,Ribeirão Preto,1716060548,18.97,71,1008,Rain,pressure_drop
3450554,Ribeirão Preto,1716146948,18.2,94,1009,Rain,storm_event
3450554,Ribeirão Preto,1716233348,21.07,98,1011,Drizzle,extreme_humidity
3450554,Ribeirão Preto,1716319748,22.9,86,1009,Clear,normal
3450554,Ribeirão Preto,1716406148,24.12,68,1014,Clear,normal
3450554,Ribeirão Preto,1716492548,20.63,60,1008,Rain,pressure_drop
3450554,Ribeirão Preto,1716578948,16.81,92,1013,Drizzle,normal
3450554,Ribeirão Preto,1716665348,19.11,60,1015,Clear,normal
3450554,Ribeirão Preto,1716751748,19.3,85,1015,Drizzle,normal
3450554,Ribeirão Preto,1716838148,20.66,67,1008,Clear,pressure_drop
3450554,Ribeirão Preto,1716924548,18.81,40,1017,Clouds,normal
3450554,Ribeirão Preto,1717010948,18.48,78,1014,Clouds,normal
3450554,Ribeirão Preto,1717097348,25.9,40,1014,Clear,normal
3450554,Ribeirão Preto,1717183748,21.87,55,1018,Clear,normal
3450554,Ribeirão Preto,1717270148,21.05,61,1009,Clear,normal
3450554,Ribeirão Preto,1717356548,16.93,42,1011,Clear,normal
3450554,Ribeirão Preto,1717442948,21.58,77,1014,Clouds,normal
3450554,Ribeirão Preto,1717529348,12.75,59,1016,Clear,normal
3450554,Ribeirão Preto,1717615748,16.19,67,1016,Clear,normal
3450554,Ribeirão Preto,1717702148,19.79,72,1017,Clear,normal
3450554,Ribeirão Preto,1717788548,23.18,84,1008,Rain,pressure_drop
3450554,Ribeirão Preto,1717874948,19.36,95,1011,Thunderstorm,storm_event
3450554,Ribeirão Preto,1717961348,14.67,66,1016,Clear,normal
3450554,Ribeirão Preto,1718047748,17.13,72,1018,Clouds,normal
3450554,Ribeirão Preto,1718134148,17.66,56,1020,Clouds,normal
3450554,Ribeirão Preto,1718220548,22.18,86,1020,Clear,normal
3450554,Ribeirão Preto,1718306948,12.75,53,1016,Clear,normal
3450554,Ribeirão Preto,1718393348,13.33,88,1011,Thunderstorm,storm_event
3450554,Ribeirão Preto,1718479748,19.85,74,1014,Clouds,normal
3450554,Ribeirão Preto,1718566148,8.06,75,1018,Rain,cold_snap
3450554,Ribeirão Preto,1718652548,14.14,92,1011,Thunderstorm,storm_event
3450554,Ribeirão Preto,1718738948,20.56,80,1009,Clear,normal
3450554,Ribeirão Preto,1718825348,19.1,57,1012,Clouds,normal
3450554,Ribeirão Preto,1718911748,16.71,65,1018,Clouds,normal
3450554,Ribeirão Preto,1718998148,14.85,70,1014,Clear,normal
3450554,Ribeirão Preto,1719084548,13.48,76,1016,Clouds,normal
3450554,Ribeirão Preto,1719170948,15.7,69,1010,Clear,normal
3450554,Ribeirão Preto,1719257348,17.66,71,1009,Clear,normal
3450554,Ribeirão Preto,1719343748,16.64,87,1011,Rain,normal
3450554,Ribeirão Preto,1719430148,16.93,71,1010,Clouds,normal
3450554,Ribeirão Preto,1719516548,21.27,88,1018,Clear,normal
3450554,Ribeirão Preto,1719602948,12.88,54,1014,Clouds,normal
3450554,Ribeirão Preto,1719689348,16.77,77,1016,Clear,normal
3450554,Ribeirão Preto,1719775748,17.51,50,1009,Clouds,normal
3450554,Ribeirão Preto,1719862148,14.75,41,1017,Clear,normal
3450554,Ribeirão Preto,1719948548,18.7,85,1012,Clouds,normal
3450554,Ribeirão Preto,1720034948,15.6,81,1009,Clear,normal
3450554,Ribeirão Preto,1720121348,19.16,82,1018,Clear,normal
3450554,Ribeirão Preto,1720207748,11.17,92,1015,Rain,normal
3450554,Ribeirão Preto,1720294148,22.87,50,1008,Clear,pressure_drop
3450554,Ribeirão Preto,1720380548,15.62,76,1018,Clouds,normal
3450554,Ribeirão Preto,1720466948,17.14,60,1017,Rain,normal
3450554,Ribeirão Preto,1720553348,20.55,40,1019,Clouds,normal
3450554,Ribeirão Preto,1720639748,18.52,76,1015,Clouds,normal
3450554,Ribeirão Preto,1720726148,16.26,79,1022,Clouds,normal
3450554,Ribeirão Preto,1720812548,11.17,77,1011,Drizzle,normal
3450554,Ribeirão Preto,1720898948,18.99,48,1017,Clouds,normal
3450554,Ribeirão Preto,1720985348,17.41,76,1018,Clouds,normal
3450554,Ribeirão Preto,1721071748,15.52,84,1017,Rain,normal
3450554,Ribeirão Preto,1721158148,15.99,53,1017,Clouds,normal
3450554,Ribeirão Preto,1721244548,15.73,67,1017,Rain,normal
3450554,Ribeirão Preto,1721330948,21.56,83,1016,Clear,normal
3450554,Ribeirão Preto,1721417348,17.19,76,1013,Drizzle,normal
3450554,Ribeirão Preto,1721503748,11.47,81,1008,Clear,pressure_drop
3450554,Ribeirão Preto,1721590148,17.11,78,1015,Clouds,normal
3450554,Ribeirão Preto,1721676548,12.98,55,1015,Clear,normal
3450554,Ribeirão Preto,1721762948,17.17,56,1015,Clouds,normal
3450554,Ribeirão Preto,1721849348,13.23,96,1010,Thunderstorm,storm_event
3450554,Ribeirão Preto,1721935748,8.31,67,1020,Clear,cold_snap
3450554,Ribeirão Preto,1722022148,15.45,61,1022,Clouds,normal
3450554,Ribeirão Preto,1722108548,12.83,45,1014,Clear,normal
3450554,Ribeirão Preto,1722194948,17.77,89,1012,Thunderstorm,storm_event
3450554,Ribeirão Preto,1722281348,6.2,54,1019,Clear,cold_snap
3450554,Ribeirão Preto,1722367748,16.0,86,1017,Rain,normal
3450554,Ribeirão Preto,1722454148,15.03,62,1017,Clouds,normal
3450554,Ribeirão Preto,1722540548,11.34,64,1011,Clear,normal
3450554,Ribeirão Preto,1722626948,18.6,40,1012,Clear,normal
3450554,Ribeirão Preto,1722713348,12.61,87,1019,Drizzle,normal
3450554,Ribeirão Preto,1722799748,11.34,79,1022,Clouds,normal
3450554,Ribeirão Preto,1722886148,15.89,52,1018,Clear,normal
3450554,Ribeirão Preto,1722972548,17.71,77,1015,Rain,normal
3450554,Ribeirão Preto,1723058948,15.0,55,1009,Clear,normal
3450554,Ribeirão Preto,1723145348,13.46,73,1014,Clear,normal
3450554,Ribeirão Preto,1723231748,18.61,73,1014,Clouds,normal
3450554,Ribeirão Preto,1723318148,18.41,62,1014,Clouds,normal
3450554,Ribeirão Preto,1723404548,16.96,52,1018,Clouds,normal
3450554,Ribeirão Preto,1723490948,19.61,89,1022,Clouds,normal
3450554,Ribeirão Preto,1723577348,17.34,65,1009,Clouds,normal
3450554,Ribeirão Preto,1723663748,17.82,68,1009,Clear,normal
3450554,Ribeirão Preto,1723750148,18.16,53,1015,Clear,normal
3450554,Ribeirão Preto,1723836548,19.44,92,1013,Clear,normal
3450554,Ribeirão Preto,1723922948,17.0,88,1016,Rain,normal
3450554,Ribeirão Preto,1724009348,17.55,83,1011,Drizzle,normal
3450554,Ribeirão Preto,1724095748,14.49,92,1015,Rain,normal
3450554,Ribeirão Preto,1724182148,18.01,77,1014,Clouds,normal
3450554,Ribeirão Preto,1724268548,15.47,83,1018,Clouds,normal
3450554,Ribeirão Preto,1724354948,23.18,53,1008,Clear,pressure_drop
3450554,Ribeirão Preto,1724441348,13.0,46,1016,Clouds,normal
3450554,Ribeirão Preto,1724527748,15.56,72,1014,Drizzle,normal
3450554,Ribeirão Preto,1724614148,15.12,52,1016,Clear,normal
3450554,Ribeirão Preto,1724700548,15.33,80,1012,Clear,normal
3450554,Ribeirão Preto,1724786948,13.27,68,1014,Clear,normal
3450554,Ribeirão Preto,1724873348,8.72,58,1015,Clouds,cold_snap
3450554,Ribeirão Preto,1724959748,17.23,70,1014,Clouds,normal
3450554,Ribeirão Preto,1725046148,16.78,66,1012,Clouds,normal
3450554,Ribeirão Preto,1725132548,17.31,71,1011,Clear,normal
3450554,Ribeirão Preto,1725218948,18.58,70,1008,Clear,pressure_drop
3450554,Ribeirão Preto,1725305348,21.65,64,1013,Clear,normal
3450554,Ribeirão Preto,1725391748,20.26,83,1015,Clouds,normal
3450554,Ribeirão Preto,1725478148,21.4,92,1016,Rain,normal
3450554,Ribeirão Preto,1725564548,20.19,71,1013,Clouds,normal
3450554,Ribeirão Preto,1725650948,21.49,73,1014,Clear,normal
3450554,Ribeirão Preto,1725737348,18.73,40,1012,Clear,normal
3450554,Ribeirão Preto,1725823748,21.47,68,1018,Rain,normal
3450554,Ribeirão Preto,1725910148,18.51,77,1018,Clouds,normal
3450554,Ribeirão Preto,1725996548,21.33,55,1013,Rain,normal
3450554,Ribeirão Preto,1726082948,19.98,47,1013,Clouds,normal
3450554,Ribeirão Preto,1726169348,18.87,52,1013,Clear,normal
3450554,Ribeirão Preto,1726255748,20.16,60,1010,Rain,normal
3450554,Ribeirão Preto,1726342148,20.85,98,1013,Clouds,extreme_humidity
3450554,Ribeirão Preto,1726428548,23.25,81,1009,Rain,normal
3450554,Ribeirão Preto,1726514948,22.35,61,1014,Clouds,normal
3450554,Ribeirão Preto,1726601348,13.84,75,1019,Clouds,cold_snap
3450554,Ribeirão Preto,1726687748,21.1,84,1015,Clear,normal
3450554,Ribeirão Preto,1726774148,25.45,66,1013,Clouds,normal
3450554,Ribeirão Preto,1726860548,24.44,36,1014,Clear,drought
3450554,Ribeirão Preto,1726946948,25.78,37,1012,Clear,drought
3450554,Ribeirão Preto,1727033348,20.42,57,1011,Clouds,normal
3450554,Ribeirão Preto,1727119748,22.53,97,1016,Rain,extreme_humidity
3450554,Ribeirão Preto,1727206148,24.71,91,1016,Clear,normal
3450554,Ribeirão Preto,1727292548,19.96,86,1013,Clouds,normal
3450554,Ribeirão Preto,1727378948,20.18,92,1013,Thunderstorm,storm_event
3450554,Ribeirão Preto,1727465348,21.21,60,1008,Rain,pressure_drop
3450554,Ribeirão Preto,1727551748,22.89,82,1014,Clouds,normal
3450554,Ribeirão Preto,1727638148,24.54,81,1014,Rain,normal
3450554,Ribeirão Preto,1727724548,17.51,97,1012,Clouds,extreme_humidity
3450554,Ribeirão Preto,1727810948,16.46,77,1019,Clear,normal
3450554,Ribeirão Preto,1727897348,15.89,64,1010,Clear,normal
3450554,Ribeirão Preto,1727983748,24.83,40,1012,Clear,normal
3450554,Ribeirão Preto,1728070148,19.04,67,1021,Rain,normal
3450554,Ribeirão Preto,1728156548,22.25,77,1019,Rain,normal
3450554,Ribeirão Preto,1728242948,21.73,97,1009,Rain,storm_event
3450554,Ribeirão Preto,1728329348,21.62,92,1017,Drizzle,normal
3450554,Ribeirão Preto,1728415748,18.47,98,1018,Drizzle,extreme_humidity
3450554,Ribeirão Preto,1728502148,18.4,60,1019,Rain,normal
3450554,Ribeirão Preto,1728588548,22.35,50,1018,Clear,normal
3450554,Ribeirão Preto,1728674948,18.29,65,1014,Rain,normal
3450554,Ribeirão Preto,1728761348,26.78,37,1018,Clear,drought
3450554,Ribeirão Preto,1728847748,19.34,92,1009,Rain,normal
3450554,Ribeirão Preto,1728934148,19.0,92,1010,Rain,normal
3450554,Ribeirão Preto,1729020548,21.95,64,1014,Clouds,normal
3450554,Ribeirão Preto,1729106948,23.42,60,1011,Clouds,normal
3450554,Ribeirão Preto,1729193348,23.56,92,1016,Rain,normal
3450554,Ribeirão Preto,1729279748,24.43,71,1022,Clear,normal
3450554,Ribeirão Preto,1729366148,17.5,84,1008,Clouds,pressure_drop
3450554,Ribeirão Preto,1729452548,22.57,92,1015,Rain,normal
3450554,Ribeirão Preto,1729538948,20.25,60,1020,Clear,normal
3450554,Ribeirão Preto,1729625348,16.9,69,1015,Clear,normal
3450554,Ribeirão Preto,1729711748,22.1,91,1018,Clear,normal
3450554,Ribeirão Preto,1729798148,18.99,69,1012,Clear,normal
3450554,Ribeirão Preto,1729884548,21.81,92,1019,Rain,normal
3450554,Ribeirão Preto,1729970948,17.29,77,1020,Clear,normal
3450554,Ribeirão Preto,1730057348,16.82,92,1017,Clear,normal
3450554,Ribeirão Preto,1730143748,17.79,69,1017,Clear,normal
3450554,Ribeirão Preto,1730230148,19.1,79,1012,Rain,normal
3450554,Ribeirão Preto,1730316548,19.52,50,1016,Clear,normal
3450554,Ribeirão Preto,1730402948,19.8,50,1012,Clear,normal
3450554,Ribeirão Preto,1730489348,19.74,92,1018,Clouds,normal
3450554,Ribeirão Preto,1730575748,16.17,72,1014,Clear,normal
3450554,Ribeirão Preto,1730662148,21.28,40,1011,Clouds,normal
3450554,Ribeirão Preto,1730748548,21.73,51,1016,Clear,normal
3450554,Ribeirão Preto,1730834948,20.51,71,1021,Clear,normal
3450554,Ribeirão Preto,1730921348,18.19,92,1015,Rain,normal
3450554,Ribeirão Preto,1731007748,20.74,54,1016,Clear,normal
3450554,Ribeirão Preto,1731094148,19.1,58,1017,Clear,normal
3450554,Ribeirão Preto,1731180548,18.67,93,1009,Rain,storm_event
3450554,Ribeirão Preto,1731266948,21.95,76,1015,Clear,normal
3450554,Ribeirão Preto,1731353348,22.54,62,1008,Rain,pressure_drop
3450554,Ribeirão Preto,1731439748,18.94,55,1018,Clear,normal
3450554,Ribeirão Preto,1731526148,22.6,92,1011,Rain,normal
3450554,Ribeirão Preto,1731612548,21.24,40,1012,Clouds,normal
3450554,Ribeirão Preto,1731698948,19.59,68,1016,Clouds,normal
3450554,Ribeirão Preto,1731785348,18.56,76,1022,Clear,normal
3450554,Ribeirão Preto,1731871748,17.7,96,1012,Thunderstorm,storm_event
3450554,Ribeirão Preto,1731958148,15.63,45,1019,Clouds,normal
3450554,Ribeirão Preto,1732044548,24.98,69,1012,Clouds,normal
3450554,Ribeirão Preto,1732130948,16.3,44,1016,Clear,normal
3450554,Ribeirão Preto,1732217348,25.76,65,1010,Clouds,normal
3450554,Ribeirão Preto,1732303748,19.7,59,1017,Clouds,normal
3450554,Ribeirão Preto,1732390148,20.86,76,1021,Clear,normal
3450554,Ribeirão Preto,1732476548,23.42,59,1014,Clear,normal
3450554,Ribeirão Preto,1732562948,16.64,60,1020,Clouds,normal
3450554,Ribeirão Preto,1732649348,19.56,67,1008,Rain,pressure_drop
3450554,Ribeirão Preto,1732735748,23.54,80,1015,Clear,normal
3450554,Ribeirão Preto,1732822148,21.45,79,1011,Clear,normal
3450554,Ribeirão Preto,1732908548,21.11,55,1022,Rain,normal
3450554,Ribeirão Preto,1732994948,18.79,72,1012,Clear,normal
3450554,Ribeirão Preto,1733081348,33.04,37,1013,Clear,drought
3450554,Ribeirão Preto,1733167748,27.95,71,1018,Clouds,normal
3450554,Ribeirão Preto,1733254148,24.51,92,1017,Rain,normal
3450554,Ribeirão Preto,1733340548,26.0,40,1010,Clear,normal
3450554,Ribeirão Preto,1733426948,26.96,63,1009,Rain,normal
3450554,Ribeirão Preto,1733513348,30.06,58,1008,Clouds,pressure_drop
3450554,Ribeirão Preto,1733599748,26.6,98,1017,Rain,extreme_humidity
3450554,Ribeirão Preto,1733686148,31.13,45,1009,Clouds,normal
3450554,Ribeirão Preto,1733772548,22.83,80,1011,Rain,normal
3450554,Ribeirão Preto,1733858948,22.24,85,1018,Rain,normal
3450554,Ribeirão Preto,1733945348,27.96,85,1011,Rain,normal
3450554,Ribeirão Preto,1734031748,28.41,95,1013,Thunderstorm,storm_event
3450554,Ribeirão Preto,1734118148,28.99,66,1015,Clear,normal
3450554,Ribeirão Preto,1734204548,24.56,57,1008,Clouds,pressure_drop
3450554,Ribeirão Preto,1734290948,25.9,89,1013,Thunderstorm,storm_event
3450554,Ribeirão Preto,1734377348,24.61,64,1012,Clear,normal
3450554,Ribeirão Preto,1734463748,25.51,98,1014,Rain,extreme_humidity
3450554,Ribeirão Preto,1734550148,25.25,80,1010,Clear,normal
3450554,Ribeirão Preto,1734636548,26.99,83,1009,Rain,normal
3450554,Ribeirão Preto,1734722948,26.42,89,1013,Thunderstorm,storm_event
3450554,Ribeirão Preto,1734809348,23.34,74,1008,Clouds,pressure_drop
3450554,Ribeirão Preto,1734895748,24.59,54,1010,Clear,normal
3450554,Ribeirão Preto,1734982148,30.06,68,1013,Clouds,normal
3450554,Ribeirão Preto,1735068548,27.5,66,1016,Clouds,normal
3450554,Ribeirão Preto,1735154948,27.51,55,1016,Rain,normal
3450554,Ribeirão Preto,1735241348,22.24,92,1009,Rain,normal
3450554,Ribeirão Preto,1735327748,23.87,89,1013,Thunderstorm,storm_event
3450554,Ribeirão Preto,1735414148,26.16,66,1010,Rain,normal
3450554,Ribeirão Preto,1735500548,26.92,82,1010,Clear,normal
3450554,Ribeirão Preto,1735586948,30.43,69,1017,Clouds,normal
3450554,Ribeirão Preto,1735673348,27.14,98,1019,Clouds,extreme_humidity
3450554,Ribeirão Preto,1735759748,23.84,84,1011,Drizzle,normal
3450554,Ribeirão Preto,1735846148,30.99,38,1016,Clear,drought
3450554,Ribeirão Preto,1735932548,29.14,52,1011,Clear,normal
3450554,Ribeirão Preto,1736018948,22.45,67,1021,Clear,normal
3450554,Ribeirão Preto,1736105348,30.14,77,1014,Clear,normal
3450554,Ribeirão Preto,1736191748,21.53,62,1015,Clouds,normal
3450554,Ribeirão Preto,1736278148,31.55,71,1017,Clouds,normal
3450554,Ribeirão Preto,1736364548,27.98,66,1014,Clear,normal
3450554,Ribeirão Preto,1736450948,27.73,64,1017,Clear,normal
3450554,Ribeirão Preto,1736537348,26.93,91,1014,Clear,normal
3450554,Ribeirão Preto,1736623748,26.98,66,1015,Clouds,normal
3450554,Ribeirão Preto,1736710148,21.53,80,1022,Clouds,normal
3450554,Ribeirão Preto,1736796548,27.99,64,1018,Clear,normal
3450554,Ribeirão Preto,1736882948,27.25,43,1013,Clouds,normal
3450554,Ribeirão Preto,1736969348,28.96,81,1009,Clear,normal
3450554,Ribeirão Preto,1737055748,28.1,56,1017,Clouds,normal
3450554,Ribeirão Preto,1737142148,26.28,66,1016,Clouds,normal
3450554,Ribeirão Preto,1737228548,21.53,75,1015,Rain,normal
3450554,Ribeirão Preto,1737314948,28.61,74,1019,Clouds,normal
3450554,Ribeirão Preto,1737401348,21.92,66,1015,Clear,normal
3450554,Ribeirão Preto,1737487748,22.44,62,1017,Clouds,normal
3450554,Ribeirão Preto,1737574148,25.72,92,1011,Clear,normal
3450554,Ribeirão Preto,1737660548,24.96,96,1011,Thunderstorm,storm_event
3450554,Ribeirão Preto,1737746948,27.03,58,1013,Clouds,normal
3450554,Ribeirão Preto,1737833348,25.68,62,1009,Clear,normal
3450554,Ribeirão Preto,1737919748,25.13,40,1013,Clear,normal
3450554,Ribeirão Preto,1738006148,24.74,91,1008,Clouds,pressure_drop
3450554,Ribeirão Preto,1738092548,30.24,57,1014,Clouds,normal
3450554,Ribeirão Preto,1738178948,27.15,73,1013,Clear,normal
3450554,Ribeirão Preto,1738265348,20.42,71,1008,Rain,pressure_drop
3450554,Ribeirão Preto,1738351748,23.38,69,1011,Clear,normal
3450554,Ribeirão Preto,1738438148,25.29,49,1013,Clouds,normal
3450554,Ribeirão Preto,1738524548,28.66,54,1011,Clouds,normal
3450554,Ribeirão Preto,1738610948,25.12,75,1010,Drizzle,normal
3450554,Ribeirão Preto,1738697348,25.93,89,1015,Rain,normal
3450554,Ribeirão Preto,1738783748,16.07,65,1020,Clear,cold_snap
3450554,Ribeirão Preto,1738870148,24.21,56,1016,Clear,normal
3450554,Ribeirão Preto,1738956548,21.69,80,1014,Clouds,normal
3450554,Ribeirão Preto,1739042948,24.64,86,1013,Rain,normal
3450554,Ribeirão Preto,1739129348,24.56,71,1014,Clouds,normal
3450554,Ribeirão Preto,1739215748,25.29,66,1012,Clear,normal
3450554,Ribeirão Preto,1739302148,23.68,69,1009,Clouds,normal
3450554,Ribeirão Preto,1739388548,21.8,61,1020,Drizzle,normal
3450554,Ribeirão Preto,1739474948,16.07,74,1017,Clouds,cold_snap
3450554,Ribeirão Preto,1739561348,16.07,62,1018,Clear,cold_snap
3450554,Ribeirão Preto,1739647748,25.31,66,1016,Clouds,normal
3450554,Ribeirão Preto,1739734148,21.47,90,1012,Rain,normal
3450554,Ribeirão Preto,1739820548,26.41,65,1009,Clear,normal
3450554,Ribeirão Preto,1739906948,22.27,73,1010,Rain,normal
3450554,Ribeirão Preto,1739993348,16.07,47,1017,Rain,cold_snap
3450554,Ribeirão Preto,1740079748,25.54,65,1009,Clear,normal
3450554,Ribeirão Preto,1740166148,26.58,52,1016,Clouds,normal
3450554,Ribeirão Preto,1740252548,22.05,67,1017,Clear,normal
3450554,Ribeirão Preto,1740338948,24.52,83,1012,Clouds,normal
3450554,Ribeirão Preto,1740425348,21.86,76,1014,Rain,normal
3450554,Ribeirão Preto,1740511748,26.46,70,1013,Clear,normal
3450554,Ribeirão Preto,1740598148,27.07,62,1016,Clear,normal
3450554,Ribeirão Preto,1740684548,23.79,82,1013,Clouds,normal
3450554,Ribeirão Preto,1740770948,29.19,82,1014,Clouds,normal
3450554,Ribeirão Preto,1740857348,26.86,69,1016,Clear,normal
3450554,Ribeirão Preto,1740943748,30.49,57,1019,Clouds,normal
3450554,Ribeirão Preto,1741030148,28.29,56,1015,Clouds,normal
3450554,Ribeirão Preto,1741116548,26.01,77,1015,Clear,normal
3450554,Ribeirão Preto,1741202948,25.43,83,1016,Clouds,normal
3450554,Ribeirão Preto,1741289348,24.57,68,1014,Clear,normal
3450554,Ribeirão Preto,1741375748,32.5,36,1015,Clear,drought
3450554,Ribeirão Preto,1741462148,26.75,77,1012,Clouds,normal
3450554,Ribeirão Preto,1741548548,22.98,69,1011,Clear,normal
3450554,Ribeirão Preto,1741634948,29.86,73,1012,Clouds,normal
3450554,Ribeirão Preto,1741721348,31.4,52,1022,Clouds,normal
3450554,Ribeirão Preto,1741807748,20.42,43,1018,Clear,normal
3450554,Ribeirão Preto,1741894148,31.09,48,1016,Clear,normal
3450554,Ribeirão Preto,1741980548,25.92,60,1015,Clouds,normal
3450554,Ribeirão Preto,1742066948,24.65,68,1017,Clouds,normal
3450554,Ribeirão Preto,1742153348,30.21,48,1010,Clear,normal
3450554,Ribeirão Preto,1742239748,23.38,60,1014,Clear,normal
3450554,Ribeirão Preto,1742326148,21.75,67,1016,Rain,normal
3450554,Ribeirão Preto,1742412548,24.8,78,1014,Clear,normal
3450554,Ribeirão Preto,1742498948,27.38,76,1014,Clear,normal
3450554,Ribeirão Preto,1742585348,23.68,75,1021,Clear,normal
3450554,Ribeirão Preto,1742671748,25.66,64,1021,Clouds,normal
3450554,Ribeirão Preto,1742758148,32.33,69,1014,Clear,normal
3450554,Ribeirão Preto,1742844548,26.57,40,1014,Clear,normal
3450554,Ribeirão Preto,1742930948,27.14,92,1016,Clouds,normal
3450554,Ribeirão Preto,1743017348,23.48,69,1016,Clear,normal
3450554,Ribeirão Preto,1743103748,29.43,79,1015,Clouds,normal
3450554,Ribeirão Preto,1743190148,23.53,79,1015,Clear,normal
3450554,Ribeirão Preto,1743276548,28.26,85,1015,Clear,normal
3450554,Ribeirão Preto,1743362948,21.12,48,1015,Clear,normal
3450554,Ribeirão Preto,1743449348,24.26,67,1014,Clouds,normal
3450554,Ribeirão Preto,1743535748,22.05,57,1015,Clear,normal
3450554,Ribeirão Preto,1743622148,17.45,79,1021,Clear,normal
3450554,Ribeirão Preto,1743708548,22.21,58,1014,Clear,normal
3450554,Ribeirão Preto,1743794948,15.38,62,1018,Clouds,normal
3450554,Ribeirão Preto,1743881348,22.5,73,1010,Clear,normal
3450554,Ribeirão Preto,1743967748,22.48,78,1017,Clear,normal
3450554,Ribeirão Preto,1744054148,22.08,50,1015,Clouds,normal
3450554,Ribeirão Preto,1744140548,24.38,78,1018,Clouds,normal
3450554,Ribeirão Preto,1744226948,20.17,59,1014,Clear,normal
3450554,Ribeirão Preto,1744313348,16.47,77,1010,Clear,normal
3450554,Ribeirão Preto,1744399748,20.87,61,1019,Clouds,normal
3450554,Ribeirão Preto,1744486148,18.72,89,1018,Drizzle,normal
3450554,Ribeirão Preto,1744572548,18.97,56,1022,Clouds,normal
3450554,Ribeirão Preto,1744658948,20.51,69,1018,Clouds,normal
3450554,Ribeirão Preto,1744745348,23.73,64,1008,Clouds,pressure_drop
3450554,Ribeirão Preto,1744831748,24.25,55,1015,Rain,normal
3450554,Ribeirão Preto,1744918148,24.42,85,1010,Clear,normal
3450554,Ribeirão Preto,1745004548,23.96,78,1008,Clouds,pressure_drop
3450554,Ribeirão Preto,1745090948,25.81,38,1021,Clear,drought
3450554,Ribeirão Preto,1745177348,21.28,69,1019,Clear,normal
3450554,Ribeirão Preto,1745263748,24.8,48,1019,Clouds,normal
3450554,Ribeirão Preto,1745350148,20.86,92,1018,Clouds,normal
3450554,Ribeirão Preto,1745436548,17.94,56,1020,Clear,normal
3450554,Ribeirão Preto,1745522948,23.94,69,1014,Clear,normal
3450554,Ribeirão Preto,1745609348,21.99,65,1010,Clear,normal
3450554,Ribeirão Preto,1745695748,22.55,58,1020,Clear,normal
3450554,Ribeirão Preto,1745782148,22.0,81,1018,Clouds,normal
3450554,Ribeirão Preto,1745868548,20.6,92,1013,Clouds,normal
3450554,Ribeirão Preto,1745954948,20.93,74,1020,Clouds,normal
3450554,Ribeirão Preto,1746041348,23.1,93,1011,Thunderstorm,storm_event
3450554,Ribeirão Preto,1746127748,22.98,58,1019,Clear,normal
3450554,Ribeirão Preto,1746214148,21.11,58,1017,Clouds,normal
3450554,Ribeirão Preto,1746300548,21.62,98,1016,Rain,extreme_humidity
3450554,Ribeirão Preto,1746386948,25.79,59,1009,Drizzle,normal
3450554,Ribeirão Preto,1746473348,24.94,66,1010,Clouds,normal
3450554,Ribeirão Preto,1746559748,17.08,76,1009,Rain,normal
3450554,Ribeirão Preto,1746646148,19.99,73,1017,Clear,normal
3450554,Ribeirão Preto,1746732548,19.59,64,1012,Clear,normal
3450554,Ribeirão Preto,1746818948,19.23,58,1013,Clouds,normal
3450554,Ribeirão Preto,1746905348,18.41,97,1011,Thunderstorm,storm_event
3450554,Ribeirão Preto,1746991748,21.67,62,1015,Rain,normal
3450554,Ribeirão Preto,1747078148,26.22,73,1008,Clear,pressure_drop
3450554,Ribeirão Preto,1747164548,19.01,71,1008,Clouds,pressure_drop
3450554,Ribeirão Preto,1747250948,20.51,42,1014,Clear,normal
3450554,Ribeirão Preto,1747337348,20.82,57,1008,Drizzle,pressure_drop
3450554,Ribeirão Preto,1747423748,20.67,64,1019,Clear,normal
3450554,Ribeirão Preto,1747510148,25.9,64,1017,Clear,normal
3450554,Ribeirão Preto,1747596548,16.85,56,1012,Drizzle,normal
3450554,Ribeirão Preto,1747682948,19.04,67,1016,Clear,normal
3450554,Ribeirão Preto,1747769348,18.71,41,1017,Clouds,normal
3450554,Ribeirão Preto,1747855748,20.32,48,1013,Clear,normal
3450554,Ribeirão Preto,1747942148,13.59,75,1020,Clouds,cold_snap
3450554,Ribeirão Preto,1748028548,16.47,54,1013,Clouds,normal
3450554,Ribeirão Preto,1748114948,21.67,79,1009,Drizzle,normal
3450554,Ribeirão Preto,1748201348,22.09,87,1010,Rain,normal
3450554,Ribeirão Preto,1748287748,18.94,87,1011,Clear,normal
3450554,Ribeirão Preto,1748374148,18.79,81,1013,Clear,normal
3450554,Ribeirão Preto,1748460548,21.09,57,1009,Rain,normal
3450554,Ribeirão Preto,1748546948,22.14,50,1008,Rain,pressure_drop
3450554,Ribeirão Preto,1748633348,22.33,93,1012,Thunderstorm,storm_event
3450554,Ribeirão Preto,1748719748,21.44,92,1019,Drizzle,normal
3450554,Ribeirão Preto,1748806148,16.99,74,1015,Clouds,normal
3450554,Ribeirão Preto,1748892548,19.8,75,1014,Clear,normal
3450554,Ribeirão Preto,1748978948,22.4,46,1016,Clouds,normal
3450554,Ribeirão Preto,1749065348,14.55,81,1019,Clear,normal
3450554,Ribeirão Preto,1749151748,19.41,75,1013,Rain,normal
3450554,Ribeirão Preto,1749238148,17.29,61,1013,Clear,normal
3450554,Ribeirão Preto,1749324548,14.8,74,1012,Rain,normal
3450554,Ribeirão Preto,1749410948,18.2,60,1011,Clear,normal
3450554,Ribeirão Preto,1749497348,17.27,66,1016,Clear,normal
3450554,Ribeirão Preto,1749583748,18.27,65,1012,Clear,normal
3450554,Ribeirão Preto,1749670148,19.76,61,1010,Clouds,normal
3450554,Ribeirão Preto,1749756548,15.15,80,1016,Rain,normal
3450554,Ribeirão Preto,1749842948,20.47,73,1019,Clear,normal
3450554,Ribeirão Preto,1749929348,12.75,92,1010,Clear,normal
3450554,Ribeirão Preto,1750015748,19.59,73,1015,Clear,normal
3450554,Ribeirão Preto,1750102148,21.0,67,1009,Clouds,normal
3450554,Ribeirão Preto,1750188548,18.73,98,1015,Clouds,extreme_humidity
3450554,Ribeirão Preto,1750274948,16.78,67,1017,Clouds,normal
3450554,Ribeirão Preto,1750361348,19.64,40,1014,Clouds,normal
3450554,Ribeirão Preto,1750447748,17.22,65,1015,Rain,normal
3450554,Ribeirão Preto,1750534148,17.48,74,1020,Clear,normal
3450554,Ribeirão Preto,1750620548,18.2,98,1014,Clouds,extreme_humidity
3450554,Ribeirão Preto,1750706948,17.21,63,1017,Clouds,normal
3450554,Ribeirão Preto,1750793348,15.53,64,1009,Clouds,normal
3450554,Ribeirão Preto,1750879748,17.58,92,1019,Clouds,normal
3450554,Ribeirão Preto,1750966148,8.2,65,1017,Rain,cold_snap
3450554,Ribeirão Preto,1751052548,16.66,92,1011,Drizzle,normal
3450554,Ribeirão Preto,1751138948,19.69,84,1011,Clouds,normal
3450554,Ribeirão Preto,1751225348,18.74,67,1016,Clouds,normal
3450554,Ribeirão Preto,1751311748,15.92,63,1021,Clear,normal
3450554,Ribeirão Preto,1751398148,21.85,87,1018,Clear,normal
3450554,Ribeirão Preto,1751484548,19.1,78,1009,Clouds,normal
3450554,Ribeirão Preto,1751570948,17.53,72,1012,Rain,normal
3450554,Ribeirão Preto,1751657348,15.21,65,1016,Rain,normal
3450554,Ribeirão Preto,1751743748,14.84,97,1016,Rain,extreme_humidity
3450554,Ribeirão Preto,1751830148,14.44,77,1015,Clouds,normal
3450554,Ribeirão Preto,1751916548,16.14,40,1018,Clear,normal
3450554,Ribeirão Preto,1752002948,15.73,74,1011,Clear,normal
3450554,Ribeirão Preto,1752089348,18.03,74,1013,Clear,normal
3450554,Ribeirão Preto,1752175748,13.67,67,1015,Drizzle,normal
3450554,Ribeirão Preto,1752262148,20.01,73,1016,Clouds,normal
3450554,Ribeirão Preto,1752348548,18.6,77,1009,Drizzle,normal
3450554,Ribeirão Preto,1752434948,18.46,63,1009,Clear,normal
3450554,Ribeirão Preto,1752521348,18.35,60,1008,Clear,pressure_drop
3450554,Ribeirão Preto,1752607748,17.37,60,1012,Drizzle,normal
3450554,Ribeirão Preto,1752694148,21.85,92,1020,Rain,normal
3450554,Ribeirão Preto,1752780548,17.52,82,1013,Clear,normal
3450554,Ribeirão Preto,1752866948,15.7,71,1019,Rain,normal
3450554,Ribeirão Preto,1752953348,19.31,88,1016,Clouds,normal
3450554,Ribeirão Preto,1753039748,13.61,89,1020,Rain,normal
3450554,Ribeirão Preto,1753126148,14.51,84,1016,Drizzle,normal
3450554,Ribeirão Preto,1753212548,13.68,76,1014,Clear,normal
3450554,Ribeirão Preto,1753298948,13.56,59,1013,Rain,normal
3450554,Ribeirão Preto,1753385348,19.29,67,1014,Clear,normal
3450554,Ribeirão Preto,1753471748,20.48,55,1020,Rain,normal
3450554,Ribeirão Preto,1753558148,19.88,64,1016,Clouds,normal
3450554,Ribeirão Preto,1753644548,19.26,58,1015,Clear,normal
3450554,Ribeirão Preto,1753730948,19.49,67,1017,Rain,normal
3450554,Ribeirão Preto,1753817348,17.29,98,1014,Clouds,extreme_humidity
3450554,Ribeirão Preto,1753903748,16.67,69,1017,Clouds,normal
3450554,Ribeirão Preto,1753990148,16.22,71,1011,Clear,normal
3450554,Ribeirão Preto,1754076548,15.43,76,1014,Rain,normal
3450554,Ribeirão Preto,1754162948,15.35,83,1019,Drizzle,normal
3450554,Ribeirão Preto,1754249348,18.19,71,1008,Drizzle,pressure_drop
3450554,Ribeirão Preto,1754335748,14.37,81,1010,Clear,normal
3450554,Ribeirão Preto,1754422148,16.57,69,1008,Clear,pressure_drop
3450554,Ribeirão Preto,1754508548,17.6,90,1011,Clear,normal
3450554,Ribeirão Preto,1754594948,18.73,63,1020,Clear,normal
3450554,Ribeirão Preto,1754681348,16.1,54,1015,Clear,normal
3450554,Ribeirão Preto,1754767748,18.14,64,1010,Rain,normal
3450554,Ribeirão Preto,1754854148,18.12,92,1017,Rain,normal
3450554,Ribeirão Preto,1754940548,20.44,85,1011,Clear,normal
3450554,Ribeirão Preto,1755026948,17.13,65,1009,Clear,normal
3450554,Ribeirão Preto,1755113348,15.43,55,1012,Drizzle,normal
3450554,Ribeirão Preto,1755199748,16.64,53,1016,Clouds,normal
3450554,Ribeirão Preto,1755286148,12.57,57,1010,Clear,normal
3450554,Ribeirão Preto,1755372548,16.86,67,1014,Clear,normal
3450554,Ribeirão Preto,1755458948,17.34,61,1013,Clear,normal
3450554,Ribeirão Preto,1755545348,15.9,92,1013,Clear,normal
3450554,Ribeirão Preto,1755631748,21.15,79,1008,Rain,pressure_drop
3450554,Ribeirão Preto,1755718148,20.04,74,1022,Rain,normal
3450554,Ribeirão Preto,1755804548,15.88,92,1015,Drizzle,normal
3450554,Ribeirão Preto,1755890948,15.48,65,1011,Clouds,normal
3450554,Ribeirão Preto,1755977348,13.11,70,1017,Clouds,normal
3450554,Ribeirão Preto,1756063748,13.04,55,1008,Clouds,pressure_drop
3450554,Ribeirão Preto,1756150148,17.14,63,1009,Drizzle,normal
3450554,Ribeirão Preto,1756236548,18.12,65,1014,Clear,normal
3450554,Ribeirão Preto,1756322948,13.63,57,1008,Rain,pressure_drop
3450554,Ribeirão Preto,1756409348,13.32,83,1014,Rain,normal
3450554,Ribeirão Preto,1756495748,16.69,61,1016,Clear,normal
3450554,Ribeirão Preto,1756582148,21.49,84,1009,Clear,normal
3450554,Ribeirão Preto,1756668548,15.69,76,1011,Clear,normal
3450554,Ribeirão Preto,1756754948,17.38,65,1013,Rain,normal
3450554,Ribeirão Preto,1756841348,19.16,93,1009,Rain,storm_event
3450554,Ribeirão Preto,1756927748,18.97,93,1009,Rain,storm_event
3450554,Ribeirão Preto,1757014148,18.39,57,1013,Clear,normal
3450554,Ribeirão Preto,1757100548,24.14,84,1018,Clear,normal
3450554,Ribeirão Preto,1757186948,17.62,68,1014,Rain,normal
3450554,Ribeirão Preto,1757273348,22.68,91,1014,Drizzle,normal
3450554,Ribeirão Preto,1757359748,20.11,50,1008,Clouds,pressure_drop
3450554,Ribeirão Preto,1757446148,21.53,46,1011,Clear,normal
3450554,Ribeirão Preto,1757532548,21.92,49,1016,Clouds,normal
3450554,Ribeirão Preto,1757618948,22.22,53,1015,Clear,normal
3450554,Ribeirão Preto,1757705348,23.6,72,1013,Clear,normal
3450554,Ribeirão Preto,1757791748,25.45,80,1014,Clouds,normal
3450554,Ribeirão Preto,1757878148,19.01,79,1012,Clear,normal
3450554,Ribeirão Preto,1757964548,24.32,70,1011,Clouds,normal
3450554,Ribeirão Preto,1758050948,20.57,97,1017,Rain,extreme_humidity
3450554,Ribeirão Preto,1758137348,22.47,61,1010,Clouds,normal
3450554,Ribeirão Preto,1758223748,16.87,98,1015,Drizzle,extreme_humidity
3450554,Ribeirão Preto,1758310148,21.93,71,1014,Rain,normal
3450554,Ribeirão Preto,1758396548,20.6,74,1009,Rain,normal
3450554,Ribeirão Preto,1758482948,18.99,51,1018,Clear,normal
3450554,Ribeirão Preto,1758569348,22.21,45,1020,Clear,normal
3450554,Ribeirão Preto,1758655748,20.39,75,1017,Clouds,normal
3450554,Ribeirão Preto,1758742148,24.94,76,1012,Clear,normal
3450554,Ribeirão Preto,1758828548,23.15,71,1016,Clear,normal
3450554,Ribeirão Preto,1758914948,18.01,76,1014,Clear,normal
3450554,Ribeirão Preto,1759001348,25.45,82,1018,Clouds,normal
3450554,Ribeirão Preto,1759087748,21.59,70,1012,Clear,normal
3450554,Ribeirão Preto,1759174148,15.75,81,1010,Clear,normal
3450554,Ribeirão Preto,1759260548,22.24,88,1012,Thunderstorm,storm_event
3450554,Ribeirão Preto,1759346948,20.83,92,1008,Rain,pressure_drop
3450554,Ribeirão Preto,1759433348,23.41,53,1010,Clear,normal
3450554,Ribeirão Preto,1759519748,24.2,62,1016,Clouds,normal
3450554,Ribeirão Preto,1759606148,22.86,86,1014,Clouds,normal
3450554,Ribeirão Preto,1759692548,17.01,83,1011,Clouds,normal
3450554,Ribeirão Preto,1759778948,23.01,60,1014,Clear,normal
3450554,Ribeirão Preto,1759865348,18.75,68,1014,Rain,normal
3450554,Ribeirão Preto,1759951748,20.66,68,1018,Drizzle,normal
3450554,Ribeirão Preto,1760038148,25.27,73,1008,Drizzle,pressure_drop
3450554,Ribeirão Preto,1760124548,18.74,90,1011,Thunderstorm,storm_event
3450554,Ribeirão Preto,1760210948,19.8,83,1008,Clouds,pressure_drop
3450554,Ribeirão Preto,1760297348,23.5,92,1016,Clear,normal
3450554,Ribeirão Preto,1760383748,19.75,98,1009,Rain,storm_event
3450554,Ribeirão Preto,1760470148,21.15,74,1018,Clouds,normal
3450554,Ribeirão Preto,1760556548,21.91,93,1009,Rain,storm_event
3450554,Ribeirão Preto,1760642948,20.76,42,1015,Clouds,normal
3450554,Ribeirão Preto,1760729348,20.09,97,1015,Rain,extreme_humidity
3450554,Ribeirão Preto,1760815748,19.88,55,1017,Clear,normal
3450554,Ribeirão Preto,1760902148,15.99,92,1016,Rain,normal
3450554,Ribeirão Preto,1760988548,12.47,68,1018,Clouds,cold_snap
3450554,Ribeirão Preto,1761074948,19.44,52,1014,Clear,normal
3450554,Ribeirão Preto,1761161348,17.61,49,1017,Clouds,normal
3450554,Ribeirão Preto,1761247748,22.23,84,1017,Clear,normal
3450554,Ribeirão Preto,1761334148,24.37,80,1015,Clear,normal
3450554,Ribeirão Preto,1761420548,21.93,63,1009,Clear,normal
3450554,Ribeirão Preto,1761506948,22.78,55,1015,Drizzle,normal
3450554,Ribeirão Preto,1761593348,20.73,65,1021,Clouds,normal
3450554,Ribeirão Preto,1761679748,18.56,74,1022,Clear,normal
3450554,Ribeirão Preto,1761766148,25.93,36,1013,Clear,drought
3450554,Ribeirão Preto,1761852548,19.65,59,1011,Rain,normal
3450554,Ribeirão Preto,1761938948,21.74,90,1010,Rain,normal
3450554,Ribeirão Preto,1762025348,24.02,35,1016,Clear,drought
3450554,Ribeirão Preto,1762111748,22.53,74,1014,Clear,normal
3450554,Ribeirão Preto,1762198148,19.33,73,1017,Clouds,normal
3450554,Ribeirão Preto,1762284548,19.54,64,1013,Clear,normal
3450554,Ribeirão Preto,1762370948,19.21,76,1018,Clear,normal
3450554,Ribeirão Preto,1762457348,13.21,55,1016,Clear,cold_snap
3450554,Ribeirão Preto,1762543748,16.85,86,1022,Clear,normal
3450554,Ribeirão Preto,1762630148,25.52,36,1016,Clear,drought
3450554,Ribeirão Preto,1762716548,23.36,78,1018,Rain,normal
3450554,Ribeirão Preto,1762802948,17.78,81,1009,Clouds,normal
3450554,Ribeirão Preto,1762889348,18.76,61,1016,Clouds,normal
3450554,Ribeirão Preto,1762975748,22.29,77,1015,Clear,normal
3450554,Ribeirão Preto,1763062148,18.17,93,1009,Rain,storm_event
3450554,Ribeirão Preto,1763148548,21.51,52,1012,Clear,normal
3450554,Ribeirão Preto,1763234948,19.37,82,1015,Clear,normal
3450554,Ribeirão Preto,1763321348,21.27,51,1015,Clouds,normal
3450554,Ribeirão Preto,1763407748,21.35,80,1020,Clouds,normal
3450554,Ribeirão Preto,1763494148,19.28,61,1008,Clear,pressure_drop
3450554,Ribeirão Preto,1763580548,21.37,69,1012,Clear,normal
3450554,Ribeirão Preto,1763666948,22.5,66,1013,Clouds,normal
3450554,Ribeirão Preto,1763753348,23.84,76,1017,Clear,normal
3450554,Ribeirão Preto,1763839748,17.16,70,1019,Clouds,normal
3450554,Ribeirão Preto,1763926148,19.11,91,1013,Thunderstorm,storm_event
3450554,Ribeirão Preto,1764012548,22.98,45,1015,Clouds,normal
3450554,Ribeirão Preto,1764098948,21.32,82,1015,Clear,normal
3450554,Ribeirão Preto,1764185348,15.88,62,1017,Clouds,normal
3450554,Ribeirão Preto,1764271748,16.56,83,1012,Clear,normal
3450554,Ribeirão Preto,1764358148,18.89,72,1016,Clear,normal
3450554,Ribeirão Preto,1764444548,25.67,72,1013,Clear,normal
3450554,Ribeirão Preto,1764530948,25.76,76,1019,Clear,normal
3450554,Ribeirão Preto,1764617348,28.26,60,1013,Clear,normal
3450554,Ribeirão Preto,1764703748,27.52,69,1015,Rain,normal
3450554,Ribeirão Preto,1764790148,28.01,91,1013,Thunderstorm,storm_event
3450554,Ribeirão Preto,1764876548,28.71,65,1009,Clear,normal
3450554,Ribeirão Preto,1764962948,24.8,63,1017,Clouds,normal
3450554,Ribeirão Preto,1765049348,32.13,50,1010,Clear,normal
3450554,Ribeirão Preto,1765135748,27.87,57,1013,Rain,normal
3450554,Ribeirão Preto,1765222148,24.58,55,1014,Clouds,normal
3450554,Ribeirão Preto,1765308548,26.36,66,1022,Clear,normal
3450554,Ribeirão Preto,1765394948,25.49,87,1017,Rain,normal
3450554,Ribeirão Preto,1765481348,28.07,40,1016,Clouds,normal
3450554,Ribeirão Preto,1765567748,30.44,92,1008,Rain,pressure_drop
3450554,Ribeirão Preto,1765654148,30.82,80,1014,Clouds,normal
3450554,Ribeirão Preto,1765740548,20.67,92,1008,Rain,pressure_drop
3450554,Ribeirão Preto,1765826948,30.14,74,1017,Rain,normal
3450554,Ribeirão Preto,1765913348,25.07,76,1013,Clear,normal
3450554,Ribeirão Preto,1765999748,27.55,57,1010,Clouds,normal
3450554,Ribeirão Preto,1766086148,29.27,79,1011,Rain,normal
3450554,Ribeirão Preto,1766172548,31.07,49,1019,Clear,normal
3450554,Ribeirão Preto,1766258948,24.16,69,1022,Clear,normal
3450554,Ribeirão Preto,1766345348,24.53,65,1017,Clear,normal
3450554,Ribeirão Preto,1766431748,27.74,50,1008,Clear,pressure_drop
3450554,Ribeirão Preto,1766518148,22.33,71,1019,Clouds,normal
3450554,Ribeirão Preto,1766604548,27.39,74,1017,Clouds,normal
3450554,Ribeirão Preto,1766690948,24.82,58,1012,Clear,normal
3450554,Ribeirão Preto,1766777348,28.92,47,1014,Clear,normal
3450554,Ribeirão Preto,1766863748,25.51,78,1021,Clouds,normal
3450554,Ribeirão Preto,1766950148,27.71,84,1013,Clear,normal
3450554,Ribeirão Preto,1767036548,27.87,83,1014,Clear,normal
3450554,Ribeirão Preto,1767122948,28.67,50,1011,Clear,normal
3450554,Ribeirão Preto,1767209348,30.17,55,1012,Rain,normal
3450554,Ribeirão Preto,1767295748,29.89,50,1011,Clouds,normal
3450554,Ribeirão Preto,1767382148,31.55,57,1009,Clouds,normal
3450554,Ribeirão Preto,1767468548,29.03,56,1015,Drizzle,normal
3450554,Ribeirão Preto,1767554948,23.87,77,1008,Clouds,pressure_drop
3450554,Ribeirão Preto,1767641348,23.35,88,1011,Clouds,normal
3450554,Ribeirão Preto,1767727748,23.78,59,1013,Clouds,normal
3450554,Ribeirão Preto,1767814148,21.52,95,1009,Rain,storm_event
3450554,Ribeirão Preto,1767900548,26.11,92,1016,Clear,normal
3450554,Ribeirão Preto,1767986948,24.11,64,1015,Clear,normal
3450554,Ribeirão Preto,1768073348,27.61,76,1016,Clear,normal
3450554,Ribeirão Preto,1768159748,29.46,69,1012,Rain,normal
3450554,Ribeirão Preto,1768246148,21.99,54,1016,Clouds,normal
3450554,Ribeirão Preto,1768332548,31.39,80,1012,Rain,normal
3450554,Ribeirão Preto,1768418948,22.09,70,1008,Rain,pressure_drop
3450554,Ribeirão Preto,1768505348,27.59,79,1020,Clear,normal
3450554,Ribeirão Preto,1768591748,29.15,68,1017,Clouds,normal
3450554,Ribeirão Preto,1768678148,26.49,69,1013,Clear,normal
3450554,Ribeirão Preto,1768764548,27.88,79,1017,Clear,normal
3450554,Ribeirão Preto,1768850948,29.35,78,1016,Rain,normal
3450554,Ribeirão Preto,1768937348,31.55,55,1017,Clear,normal
3450554,Ribeirão Preto,1769023748,26.4,47,1017,Clear,normal
3450554,Ribeirão Preto,1769110148,22.68,85,1020,Clear,normal
3450554,Ribeirão Preto,1769196548,27.14,98,1013,Rain,extreme_humidity
3450554,Ribeirão Preto,1769282948,26.1,75,1010,Clouds,normal
3450554,Ribeirão Preto,1769369348,30.02,37,1014,Clear,drought
3450554,Ribeirão Preto,1769455748,31.55,74,1010,Clouds,normal
3450554,Ribeirão Preto,1769542148,24.32,68,1011,Clear,normal
3450554,Ribeirão Preto,1769628548,21.53,79,1009,Rain,normal
3450554,Ribeirão Preto,1769714948,24.09,98,1010,Rain,extreme_humidity
3450554,Ribeirão Preto,1769801348,24.33,70,1011,Clear,normal
3450554,Ribeirão Preto,1769887748,25.61,67,1020,Clouds,normal
3450554,Ribeirão Preto,1769974148,26.69,58,1015,Clouds,normal
3450554,Ribeirão Preto,1770060548,25.24,76,1013,Clear,normal
3450554,Ribeirão Preto,1770146948,23.67,60,1015,Clouds,normal
3450554,Ribeirão Preto,1770233348,24.44,92,1010,Thunderstorm,storm_event
3450554,Ribeirão Preto,1770319748,28.3,88,1010,Thunderstorm,storm_event
3450554,Ribeirão Preto,1770406148,17.17,66,1020,Clouds,cold_snap
3450554,Ribeirão Preto,1770492548,25.01,53,1013,Clear,normal
3450554,Ribeirão Preto,1770578948,24.44,82,1008,Clear,pressure_drop
3450554,Ribeirão Preto,1770665348,24.67,81,1015,Clear,normal
3450554,Ribeirão Preto,1770751748,27.45,78,1014,Rain,normal
3450554,Ribeirão Preto,1770838148,20.98,84,1012,Rain,normal
3450554,Ribeirão Preto,1770924548,25.31,76,1020,Rain,normal
3450554,Ribeirão Preto,1771010948,23.81,78,1013,Clouds,normal
3450554,Ribeirão Preto,1771097348,30.88,56,1009,Clear,normal
3450554,Ribeirão Preto,1771183748,19.43,53,1012,Clear,normal
3450554,Ribeirão Preto,1771270148,19.43,92,1009,Drizzle,normal
3450554,Ribeirão Preto,1771356548,27.67,72,1018,Clouds,normal
3450554,Ribeirão Preto,1771442948,23.73,73,1018,Clear,normal
3450554,Ribeirão Preto,1771529348,26.14,70,1014,Clouds,normal
3450554,Ribeirão Preto,1771615748,30.88,63,1013,Clear,normal
3450554,Ribeirão Preto,1771702148,26.01,98,1011,Thunderstorm,storm_event
3450554,Ribeirão Preto,1771788548,23.55,70,1022,Clear,normal
3450554,Ribeirão Preto,1771874948,19.43,61,1014,Rain,normal
3450554,Ribeirão Preto,1771961348,24.25,92,1010,Rain,normal
3450554,Ribeirão Preto,1772047748,26.19,69,1009,Clear,normal
3450554,Ribeirão Preto,1772134148,24.69,79,1017,Clouds,normal
3450554,Ribeirão Preto,1772220548,21.18,71,1019,Clouds,normal
3450554,Ribeirão Preto,1772306948,29.21,38,1013,Clear,drought
3450554,Ribeirão Preto,1772393348,26.34,60,1009,Clouds,normal
3450554,Ribeirão Preto,1772479748,27.47,65,1013,Clear,normal
3450554,Ribeirão Preto,1772566148,26.77,89,1011,Drizzle,normal
3450554,Ribeirão Preto,1772652548,24.78,90,1013,Clear,normal
3450554,Ribeirão Preto,1772738948,22.4,54,1016,Clear,normal
3450554,Ribeirão Preto,1772825348,22.86,95,1010,Thunderstorm,storm_event
3450554,Ribeirão Preto,1772911748,21.47,76,1018,Clear,normal
3450554,Ribeirão Preto,1772998148,29.82,38,1016,Clear,drought
3450554,Ribeirão Preto,1773084548,23.13,71,1012,Rain,normal
3450554,Ribeirão Preto,1773170948,30.98,73,1021,Clouds,normal
3450554,Ribeirão Preto,1773257348,24.63,75,1019,Clear,normal
3450554,Ribeirão Preto,1773343748,20.42,40,1017,Clouds,normal
3450554,Ribeirão Preto,1773430148,22.25,62,1015,Clouds,normal
3450554,Ribeirão Preto,1773516548,27.73,78,1019,Clouds,normal
3450554,Ribeirão Preto,1773602948,28.05,93,1009,Rain,storm_event
3450554,Ribeirão Preto,1773689348,26.64,81,1020,Clouds,normal
3450554,Ribeirão Preto,1773775748,20.42,82,1020,Clear,normal
3450554,Ribeirão Preto,1773862148,27.62,78,1019,Clear,normal
3450554,Ribeirão Preto,1773948548,29.41,60,1017,Clear,normal
3450554,Ribeirão Preto,1774034948,23.65,55,1022,Clear,normal
3450554,Ribeirão Preto,1774121348,27.55,82,1015,Rain,normal
3450554,Ribeirão Preto,1774207748,23.61,73,1014,Clear,normal
3450554,Ribeirão Preto,1774294148,27.74,55,1017,Clear,normal
3450554,Ribeirão Preto,1774380548,27.2,62,1013,Clouds,normal
3450554,Ribeirão Preto,1774466948,32.33,73,1012,Rain,normal
3450554,Ribeirão Preto,1774553348,24.35,50,1016,Clear,normal
3450554,Ribeirão Preto,1774639748,25.05,53,1015,Clear,normal
3450554,Ribeirão Preto,1774726148,24.45,69,1022,Clear,normal
3450554,Ribeirão Preto,1774812548,32.33,69,1020,Rain,normal
3450554,Ribeirão Preto,1774898948,27.83,61,1018,Clouds,normal
3450554,Ribeirão Preto,1774985348,25.65,93,1009,Rain,storm_event
3450554,Ribeirão Preto,1775071748,22.64,56,1016,Clear,normal
3450554,Ribeirão Preto,1775158148,26.99,64,1013,Clear,normal
3450554,Ribeirão Preto,1775244548,14.22,66,1022,Clouds,cold_snap
3450554,Ribeirão Preto,1775330948,24.9,72,1014,Clouds,normal
3450554,Ribeirão Preto,1775417348,21.93,55,1015,Drizzle,normal
3450554,Ribeirão Preto,1775503748,20.9,49,1020,Clear,normal
3450554,Ribeirão Preto,1775590148,18.18,76,1016,Clear,normal
3450554,Ribeirão Preto,1775676548,19.75,67,1020,Clear,normal
3450554,Ribeirão Preto,1775762948,21.08,80,1015,Clear,normal
3450554,Ribeirão Preto,1775849348,21.66,76,1014,Clouds,normal
3450554,Ribeirão Preto,1775935748,24.0,90,1012,Clouds,normal
3450554,Ribeirão Preto,1776022148,19.8,81,1016,Clear,normal
3450554,Ribeirão Preto,1776108548,20.25,91,1021,Clouds,normal
3450554,Ribeirão Preto,1776194948,21.3,69,1015,Clouds,normal
3450554,Ribeirão Preto,1776281348,18.49,65,1014,Clouds,normal
3450554,Ribeirão Preto,1776367748,23.85,84,1013,Clear,normal
3450554,Ribeirão Preto,1776454148,16.28,68,1015,Clear,normal
3450554,Ribeirão Preto,1776540548,20.38,98,1014,Drizzle,extreme_humidity
3450554,Ribeirão Preto,1776626948,20.85,88,1013,Clouds,normal
3450554,Ribeirão Preto,1776713348,22.12,63,1008,Clear,pressure_drop
3450554,Ribeirão Preto,1776799748,23.4,97,1016,Rain,extreme_humidity
3450554,Ribeirão Preto,1776886148,25.43,52,1013,Clouds,normal
3450554,Ribeirão Preto,1776972548,23.67,72,1015,Clear,normal
3450554,Ribeirão Preto,1777058948,17.17,97,1011,Thunderstorm,storm_event
3450554,Ribeirão Preto,1777145348,25.87,57,1016,Clear,normal
3450554,Ribeirão Preto,1777231748,22.87,56,1012,Clouds,normal
3450554,Ribeirão Preto,1777318148,19.05,57,1008,Clear,pressure_drop
3450554,Ribeirão Preto,1777404548,20.51,76,1010,Clear,normal
3450554,Ribeirão Preto,1777490948,23.29,86,1010,Drizzle,normal
3450554,Ribeirão Preto,1777577348,17.12,87,1016,Clear,normal
3450554,Ribeirão Preto,1777663748,18.54,55,1009,Clouds,normal
3450554,Ribeirão Preto,1777750148,19.17,71,1017,Clouds,normal
3450554,Ribeirão Preto,1777836548,21.82,82,1020,Clouds,normal
3450554,Ribeirão Preto,1777922948,21.99,56,1011,Clouds,normal
3450554,Ribeirão Preto,1778009348,21.33,98,1016,Drizzle,extreme_humidity
3450554,Ribeirão Preto,1778095748,25.27,61,1012,Clear,normal
3450554,Ribeirão Preto,1778182148,25.14,48,1012,Clouds,normal
3450554,Ribeirão Preto,1778268548,17.79,59,1008,Rain,pressure_drop
3450554,Ribeirão Preto,1778354948,21.43,76,1020,Clear,normal
3450554,Ribeirão Preto,1778441348,17.85,63,1022,Clouds,normal
3450554,Ribeirão Preto,1778527748,22.13,46,1009,Clear,normal
3450554,Ribeirão Preto,1778614148,20.94,66,1013,Rain,normal
3450554,Ribeirão Preto,1778700548,24.68,60,1012,Drizzle,normal
3447439,Sorocaba,1715714948,18.3,92,1012,Rain,normal
3447439,Sorocaba,1715801348,17.62,98,1016,Drizzle,extreme_humidity
3447439,Sorocaba,1715887748,21.29,64,1022,Clear,normal
3447439,Sorocaba,1715974148,21.02,61,1015,Clouds,normal
3447439,Sorocaba,1716060548,19.79,40,1016,Clouds,normal
3447439,Sorocaba,1716146948,22.4,66,1018,Clear,normal
3447439,Sorocaba,1716233348,19.12,60,1009,Clouds,normal
3447439,Sorocaba,1716319748,16.31,84,1016,Clear,normal
3447439,Sorocaba,1716406148,21.38,71,1013,Clear,normal
3447439,Sorocaba,1716492548,22.37,51,1016,Clouds,normal
3447439,Sorocaba,1716578948,21.95,59,1012,Clear,normal
3447439,Sorocaba,1716665348,19.48,63,1009,Rain,normal
3447439,Sorocaba,1716751748,19.41,82,1013,Clear,normal
3447439,Sorocaba,1716838148,20.17,78,1014,Rain,normal
3447439,Sorocaba,1716924548,22.46,92,1020,Clear,normal
3447439,Sorocaba,1717010948,18.61,57,1014,Clear,normal
3447439,Sorocaba,1717097348,11.05,95,1009,Rain,storm_event
3447439,Sorocaba,1717183748,20.24,51,1017,Clear,normal
3447439,Sorocaba,1717270148,20.2,59,1010,Clouds,normal
3447439,Sorocaba,1717356548,18.02,40,1018,Clouds,normal
3447439,Sorocaba,1717442948,18.61,40,1011,Clouds,normal
3447439,Sorocaba,1717529348,21.12,35,1015,Clear,drought
3447439,Sorocaba,1717615748,18.53,68,1012,Rain,normal
3447439,Sorocaba,1717702148,24.09,36,1019,Clear,drought
3447439,Sorocaba,1717788548,16.83,58,1018,Clouds,normal
3447439,Sorocaba,1717874948,18.51,40,1009,Clear,normal
3447439,Sorocaba,1717961348,17.36,48,1015,Clouds,normal
3447439,Sorocaba,1718047748,16.44,41,1011,Clouds,normal
3447439,Sorocaba,1718134148,20.34,73,1016,Clear,normal
3447439,Sorocaba,1718220548,19.51,50,1011,Clear,normal
3447439,Sorocaba,1718306948,16.45,65,1013,Clear,normal
3447439,Sorocaba,1718393348,20.85,54,1009,Clouds,normal
3447439,Sorocaba,1718479748,14.73,79,1017,Clear,normal
3447439,Sorocaba,1718566148,15.13,55,1013,Rain,normal
3447439,Sorocaba,1718652548,18.61,75,1009,Clouds,normal
3447439,Sorocaba,1718738948,17.69,88,1008,Thunderstorm,storm_event
3447439,Sorocaba,1718825348,21.93,37,1014,Clear,drought
3447439,Sorocaba,1718911748,14.17,96,1009,Rain,storm_event
3447439,Sorocaba,1718998148,17.68,80,1011,Rain,normal
3447439,Sorocaba,1719084548,14.41,92,1012,Clouds,normal
3447439,Sorocaba,1719170948,20.08,77,1012,Rain,normal
3447439,Sorocaba,1719257348,17.5,40,1009,Clear,normal
3447439,Sorocaba,1719343748,12.01,68,1013,Clear,normal
3447439,Sorocaba,1719430148,14.06,78,1013,Rain,normal
3447439,Sorocaba,1719516548,20.97,55,1014,Rain,normal
3447439,Sorocaba,1719602948,18.01,92,1015,Clear,normal
3447439,Sorocaba,1719689348,15.51,84,1014,Rain,normal
3447439,Sorocaba,1719775748,14.22,72,1011,Clouds,normal
3447439,Sorocaba,1719862148,21.93,64,1008,Clouds,pressure_drop
3447439,Sorocaba,1719948548,20.41,92,1016,Clear,normal
3447439,Sorocaba,1720034948,15.86,97,1011,Thunderstorm,storm_event
3447439,Sorocaba,1720121348,14.09,96,1009,Rain,storm_event
3447439,Sorocaba,1720207748,16.31,81,1008,Drizzle,pressure_drop
3447439,Sorocaba,1720294148,17.23,65,1016,Clouds,normal
3447439,Sorocaba,1720380548,18.51,56,1014,Clear,normal
3447439,Sorocaba,1720466948,16.11,61,1010,Clear,normal
3447439,Sorocaba,1720553348,11.3,37,1016,Clouds,cold_snap
3447439,Sorocaba,1720639748,19.28,40,1015,Clear,normal
3447439,Sorocaba,1720726148,17.85,60,1017,Clouds,normal
3447439,Sorocaba,1720812548,17.15,40,1019,Clear,normal
3447439,Sorocaba,1720898948,11.5,71,1008,Rain,pressure_drop
3447439,Sorocaba,1720985348,15.31,49,1015,Clear,normal
3447439,Sorocaba,1721071748,16.28,78,1016,Clear,normal
3447439,Sorocaba,1721158148,15.92,60,1015,Clouds,normal
3447439,Sorocaba,1721244548,14.92,88,1017,Clouds,normal
3447439,Sorocaba,1721330948,17.61,82,1017,Clear,normal
3447439,Sorocaba,1721417348,17.26,82,1018,Rain,normal
3447439,Sorocaba,1721503748,17.48,89,1022,Clear,normal
3447439,Sorocaba,1721590148,18.49,91,1013,Thunderstorm,storm_event
3447439,Sorocaba,1721676548,21.87,66,1017,Clouds,normal
3447439,Sorocaba,1721762948,12.93,80,1009,Rain,normal
3447439,Sorocaba,1721849348,15.64,71,1017,Clear,normal
3447439,Sorocaba,1721935748,21.86,92,1011,Rain,normal
3447439,Sorocaba,1722022148,17.11,76,1014,Rain,normal
3447439,Sorocaba,1722108548,18.45,59,1012,Clear,normal
3447439,Sorocaba,1722194948,17.01,80,1012,Clear,normal
3447439,Sorocaba,1722281348,17.87,69,1019,Clouds,normal
3447439,Sorocaba,1722367748,16.64,93,1012,Thunderstorm,storm_event
3447439,Sorocaba,1722454148,20.66,74,1021,Rain,normal
3447439,Sorocaba,1722540548,16.73,50,1018,Clouds,normal
3447439,Sorocaba,1722626948,10.06,74,1017,Rain,cold_snap
3447439,Sorocaba,1722713348,22.91,64,1018,Clear,normal
3447439,Sorocaba,1722799748,18.73,62,1017,Clouds,normal
3447439,Sorocaba,1722886148,17.48,56,1020,Clear,normal
3447439,Sorocaba,1722972548,20.98,67,1020,Clouds,normal
3447439,Sorocaba,1723058948,15.18,82,1009,Rain,normal
3447439,Sorocaba,1723145348,12.8,97,1015,Clouds,extreme_humidity
3447439,Sorocaba,1723231748,17.52,56,1011,Rain,normal
3447439,Sorocaba,1723318148,20.01,95,1012,Thunderstorm,storm_event
3447439,Sorocaba,1723404548,22.36,73,1008,Drizzle,pressure_drop
3447439,Sorocaba,1723490948,24.22,38,1013,Clear,drought
3447439,Sorocaba,1723577348,18.6,47,1016,Clouds,normal
3447439,Sorocaba,1723663748,18.08,55,1017,Rain,normal
3447439,Sorocaba,1723750148,20.79,58,1015,Clear,normal
3447439,Sorocaba,1723836548,19.03,79,1017,Clouds,normal
3447439,Sorocaba,1723922948,21.02,49,1012,Clouds,normal
3447439,Sorocaba,1724009348,20.56,45,1017,Clear,normal
3447439,Sorocaba,1724095748,16.36,88,1009,Rain,normal
3447439,Sorocaba,1724182148,18.02,87,1015,Clear,normal
3447439,Sorocaba,1724268548,12.28,67,1013,Rain,normal
3447439,Sorocaba,1724354948,19.51,80,1016,Clouds,normal
3447439,Sorocaba,1724441348,21.68,50,1015,Clear,normal
3447439,Sorocaba,1724527748,17.73,46,1009,Clear,normal
3447439,Sorocaba,1724614148,19.94,40,1012,Clear,normal
3447439,Sorocaba,1724700548,16.79,93,1009,Rain,storm_event
3447439,Sorocaba,1724786948,14.62,65,1016,Clouds,normal
3447439,Sorocaba,1724873348,15.07,98,1014,Rain,extreme_humidity
3447439,Sorocaba,1724959748,17.09,77,1017,Clear,normal
3447439,Sorocaba,1725046148,18.74,80,1016,Clouds,normal
3447439,Sorocaba,1725132548,15.35,60,1014,Clouds,normal
3447439,Sorocaba,1725218948,18.28,92,1015,Clouds,normal
3447439,Sorocaba,1725305348,18.68,49,1015,Clouds,normal
3447439,Sorocaba,1725391748,19.48,97,1019,Rain,extreme_humidity
3447439,Sorocaba,1725478148,20.42,78,1014,Clear,normal
3447439,Sorocaba,1725564548,16.88,45,1015,Clear,normal
3447439,Sorocaba,1725650948,18.27,67,1016,Clouds,normal
3447439,Sorocaba,1725737348,19.13,81,1010,Rain,normal
3447439,Sorocaba,1725823748,22.26,74,1013,Rain,normal
3447439,Sorocaba,1725910148,20.28,92,1014,Rain,normal
3447439,Sorocaba,1725996548,20.65,58,1008,Drizzle,pressure_drop
3447439,Sorocaba,1726082948,16.47,96,1008,Drizzle,pressure_drop
3447439,Sorocaba,1726169348,18.64,76,1016,Clear,normal
3447439,Sorocaba,1726255748,21.27,97,1012,Drizzle,extreme_humidity
3447439,Sorocaba,1726342148,22.32,70,1016,Rain,normal
3447439,Sorocaba,1726428548,22.14,80,1018,Clouds,normal
3447439,Sorocaba,1726514948,26.24,92,1018,Clear,normal
3447439,Sorocaba,1726601348,20.84,60,1014,Clear,normal
3447439,Sorocaba,1726687748,12.73,75,1015,Clear,cold_snap
3447439,Sorocaba,1726774148,14.65,95,1009,Rain,storm_event
3447439,Sorocaba,1726860548,20.64,72,1014,Rain,normal
3447439,Sorocaba,1726946948,23.82,76,1011,Rain,normal
3447439,Sorocaba,1727033348,22.97,69,1022,Clouds,normal
3447439,Sorocaba,1727119748,22.46,73,1011,Clear,normal
3447439,Sorocaba,1727206148,19.85,80,1016,Clouds,normal
3447439,Sorocaba,1727292548,24.74,40,1010,Clear,normal
3447439,Sorocaba,1727378948,19.46,97,1017,Clouds,extreme_humidity
3447439,Sorocaba,1727465348,23.71,76,1017,Rain,normal
3447439,Sorocaba,1727551748,25.67,40,1015,Clouds,normal
3447439,Sorocaba,1727638148,20.82,65,1012,Drizzle,normal
3447439,Sorocaba,1727724548,22.63,96,1008,Clouds,pressure_drop
3447439,Sorocaba,1727810948,23.41,71,1020,Clear,normal
3447439,Sorocaba,1727897348,25.89,36,1018,Clouds,drought
3447439,Sorocaba,1727983748,23.71,76,1010,Clouds,normal
3447439,Sorocaba,1728070148,25.33,72,1011,Clear,normal
3447439,Sorocaba,1728156548,21.32,92,1009,Thunderstorm,storm_event
3447439,Sorocaba,1728242948,19.68,88,1015,Rain,normal
3447439,Sorocaba,1728329348,24.89,68,1011,Clouds,normal
3447439,Sorocaba,1728415748,22.98,87,1019,Clouds,normal
3447439,Sorocaba,1728502148,20.29,81,1022,Clouds,normal
3447439,Sorocaba,1728588548,22.26,68,1012,Rain,normal
3447439,Sorocaba,1728674948,18.56,96,1013,Thunderstorm,storm_event
3447439,Sorocaba,1728761348,21.6,58,1016,Clouds,normal
3447439,Sorocaba,1728847748,21.32,72,1010,Clear,normal
3447439,Sorocaba,1728934148,21.27,72,1009,Clear,normal
3447439,Sorocaba,1729020548,21.04,86,1018,Clouds,normal
3447439,Sorocaba,1729106948,19.7,56,1017,Clouds,normal
3447439,Sorocaba,1729193348,22.55,90,1013,Clear,normal
3447439,Sorocaba,1729279748,17.77,79,1021,Rain,normal
3447439,Sorocaba,1729366148,25.64,61,1017,Clear,normal
3447439,Sorocaba,1729452548,22.6,79,1009,Clear,normal
3447439,Sorocaba,1729538948,23.32,54,1012,Clear,normal
3447439,Sorocaba,1729625348,21.26,83,1017,Clear,normal
3447439,Sorocaba,1729711748,21.59,86,1017,Rain,normal
3447439,Sorocaba,1729798148,25.14,77,1017,Clear,normal
3447439,Sorocaba,1729884548,16.27,81,1008,Drizzle,pressure_drop
3447439,Sorocaba,1729970948,26.14,80,1013,Rain,normal
3447439,Sorocaba,1730057348,26.13,72,1008,Clear,pressure_drop
3447439,Sorocaba,1730143748,20.11,91,1013,Thunderstorm,storm_event
3447439,Sorocaba,1730230148,20.65,45,1012,Clear,normal
3447439,Sorocaba,1730316548,23.34,62,1013,Clear,normal
3447439,Sorocaba,1730402948,26.73,83,1021,Clouds,normal
3447439,Sorocaba,1730489348,25.94,62,1012,Clear,normal
3447439,Sorocaba,1730575748,19.56,93,1010,Thunderstorm,storm_event
3447439,Sorocaba,1730662148,16.74,55,1010,Rain,normal
3447439,Sorocaba,1730748548,21.36,76,1017,Clear,normal
3447439,Sorocaba,1730834948,23.77,74,1014,Clear,normal
3447439,Sorocaba,1730921348,22.62,59,1015,Drizzle,normal
3447439,Sorocaba,1731007748,21.97,70,1016,Clear,normal
3447439,Sorocaba,1731094148,19.74,76,1013,Clear,normal
3447439,Sorocaba,1731180548,23.0,81,1017,Clouds,normal
3447439,Sorocaba,1731266948,16.74,89,1009,Clouds,normal
3447439,Sorocaba,1731353348,25.94,69,1016,Clear,normal
3447439,Sorocaba,1731439748,21.83,92,1009,Drizzle,normal
3447439,Sorocaba,1731526148,25.61,58,1017,Clear,normal
3447439,Sorocaba,1731612548,23.25,82,1020,Clouds,normal
3447439,Sorocaba,1731698948,20.22,69,1014,Clouds,normal
3447439,Sorocaba,1731785348,20.03,74,1010,Clouds,normal
3447439,Sorocaba,1731871748,20.64,77,1017,Clear,normal
3447439,Sorocaba,1731958148,24.62,66,1012,Clouds,normal
3447439,Sorocaba,1732044548,18.69,89,1013,Thunderstorm,storm_event
3447439,Sorocaba,1732130948,16.82,93,1008,Clear,pressure_drop
3447439,Sorocaba,1732217348,18.7,64,1019,Clear,normal
3447439,Sorocaba,1732303748,21.59,77,1014,Clear,normal
3447439,Sorocaba,1732390148,21.96,62,1012,Rain,normal
3447439,Sorocaba,1732476548,24.49,92,1017,Clear,normal
3447439,Sorocaba,1732562948,20.99,71,1008,Drizzle,pressure_drop
3447439,Sorocaba,1732649348,22.28,73,1011,Clear,normal
3447439,Sorocaba,1732735748,16.83,75,1016,Rain,normal
3447439,Sorocaba,1732822148,25.94,60,1009,Clear,normal
3447439,Sorocaba,1732908548,16.97,54,1017,Clear,normal
3447439,Sorocaba,1732994948,22.77,50,1018,Clear,normal
3447439,Sorocaba,1733081348,29.77,61,1020,Clouds,normal
3447439,Sorocaba,1733167748,31.43,54,1009,Clouds,normal
3447439,Sorocaba,1733254148,29.52,79,1019,Clear,normal
3447439,Sorocaba,1733340548,28.7,61,1008,Rain,pressure_drop
3447439,Sorocaba,1733426948,23.73,70,1015,Clouds,normal
3447439,Sorocaba,1733513348,18.28,54,1022,Clear,cold_snap
3447439,Sorocaba,1733599748,25.03,91,1013,Thunderstorm,storm_event
3447439,Sorocaba,1733686148,29.52,84,1015,Clear,normal
3447439,Sorocaba,1733772548,30.69,58,1009,Clouds,normal
3447439,Sorocaba,1733858948,21.04,89,1020,Drizzle,normal
3447439,Sorocaba,1733945348,26.11,91,1012,Clouds,normal
3447439,Sorocaba,1734031748,31.6,37,1016,Clear,drought
3447439,Sorocaba,1734118148,26.1,62,1018,Clouds,normal
3447439,Sorocaba,1734204548,20.27,77,1015,Rain,normal
3447439,Sorocaba,1734290948,22.21,92,1017,Rain,normal
3447439,Sorocaba,1734377348,20.83,52,1008,Rain,pressure_drop
3447439,Sorocaba,1734463748,27.38,76,1014,Clear,normal
3447439,Sorocaba,1734550148,30.08,67,1016,Clear,normal
3447439,Sorocaba,1734636548,26.73,94,1013,Thunderstorm,storm_event
3447439,Sorocaba,1734722948,28.3,61,1012,Clear,normal
3447439,Sorocaba,1734809348,32.26,91,1008,Clear,pressure_drop
3447439,Sorocaba,1734895748,31.43,74,1018,Clouds,normal
3447439,Sorocaba,1734982148,25.14,80,1011,Clear,normal
3447439,Sorocaba,1735068548,26.85,67,1020,Clear,normal
3447439,Sorocaba,1735154948,25.59,78,1019,Clear,normal
3447439,Sorocaba,1735241348,28.66,60,1015,Clouds,normal
3447439,Sorocaba,1735327748,28.36,73,1011,Clouds,normal
3447439,Sorocaba,1735414148,25.29,88,1017,Rain,normal
3447439,Sorocaba,1735500548,26.77,53,1018,Clear,normal
3447439,Sorocaba,1735586948,24.79,74,1009,Clear,normal
3447439,Sorocaba,1735673348,25.45,86,1014,Clear,normal
3447439,Sorocaba,1735759748,29.07,36,1014,Clear,drought
3447439,Sorocaba,1735846148,25.93,70,1013,Clear,normal
3447439,Sorocaba,1735932548,21.95,40,1014,Clear,normal
3447439,Sorocaba,1736018948,16.72,35,1018,Rain,cold_snap
3447439,Sorocaba,1736105348,24.89,68,1016,Clear,normal
3447439,Sorocaba,1736191748,24.19,52,1017,Clouds,normal
3447439,Sorocaba,1736278148,27.86,97,1011,Thunderstorm,storm_event
3447439,Sorocaba,1736364548,26.24,63,1014,Clear,normal
3447439,Sorocaba,1736450948,31.3,48,1019,Clear,normal
3447439,Sorocaba,1736537348,30.26,77,1015,Clouds,normal
3447439,Sorocaba,1736623748,26.18,88,1018,Rain,normal
3447439,Sorocaba,1736710148,23.46,85,1010,Rain,normal
3447439,Sorocaba,1736796548,27.04,56,1010,Clear,normal
3447439,Sorocaba,1736882948,23.68,60,1016,Clear,normal
3447439,Sorocaba,1736969348,26.61,87,1017,Rain,normal
3447439,Sorocaba,1737055748,27.19,71,1018,Clear,normal
3447439,Sorocaba,1737142148,23.98,63,1015,Clear,normal
3447439,Sorocaba,1737228548,26.92,66,1020,Clouds,normal
3447439,Sorocaba,1737314948,21.98,76,1016,Drizzle,normal
3447439,Sorocaba,1737401348,26.25,44,1015,Clear,normal
3447439,Sorocaba,1737487748,21.12,80,1008,Rain,pressure_drop
3447439,Sorocaba,1737574148,26.45,69,1013,Clear,normal
3447439,Sorocaba,1737660548,29.14,61,1015,Clear,normal
3447439,Sorocaba,1737746948,28.64,79,1010,Rain,normal
3447439,Sorocaba,1737833348,29.8,67,1010,Clear,normal
3447439,Sorocaba,1737919748,30.12,96,1008,Rain,pressure_drop
3447439,Sorocaba,1738006148,24.62,67,1015,Clouds,normal
3447439,Sorocaba,1738092548,24.39,54,1018,Clouds,normal
3447439,Sorocaba,1738178948,25.63,89,1010,Thunderstorm,storm_event
3447439,Sorocaba,1738265348,25.79,91,1012,Rain,normal
3447439,Sorocaba,1738351748,24.89,71,1009,Clear,normal
3447439,Sorocaba,1738438148,23.88,55,1019,Clear,normal
3447439,Sorocaba,1738524548,27.19,70,1012,Clouds,normal
3447439,Sorocaba,1738610948,29.63,92,1019,Clouds,normal
3447439,Sorocaba,1738697348,22.02,65,1018,Clear,normal
3447439,Sorocaba,1738783748,23.79,53,1016,Clear,normal
3447439,Sorocaba,1738870148,24.2,68,1011,Clear,normal
3447439,Sorocaba,1738956548,22.87,63,1012,Clouds,normal
3447439,Sorocaba,1739042948,26.24,62,1021,Clear,normal
3447439,Sorocaba,1739129348,25.31,56,1011,Clear,normal
3447439,Sorocaba,1739215748,27.15,40,1010,Clouds,normal
3447439,Sorocaba,1739302148,31.09,36,1015,Clouds,drought
3447439,Sorocaba,1739388548,27.81,56,1015,Clouds,normal
3447439,Sorocaba,1739474948,27.09,67,1010,Clear,normal
3447439,Sorocaba,1739561348,26.21,70,1016,Clouds,normal
3447439,Sorocaba,1739647748,28.39,74,1012,Clouds,normal
3447439,Sorocaba,1739734148,24.55,42,1016,Clear,normal
3447439,Sorocaba,1739820548,30.18,48,1018,Clear,normal
3447439,Sorocaba,1739906948,21.21,60,1013,Clouds,normal
3447439,Sorocaba,1739993348,23.94,74,1014,Clouds,normal
3447439,Sorocaba,1740079748,24.19,98,1019,Rain,extreme_humidity
3447439,Sorocaba,1740166148,28.78,79,1013,Clouds,normal
3447439,Sorocaba,1740252548,30.26,68,1009,Clear,normal
3447439,Sorocaba,1740338948,21.45,52,1015,Clouds,normal
3447439,Sorocaba,1740425348,28.53,58,1015,Clear,normal
3447439,Sorocaba,1740511748,25.95,88,1014,Clear,normal
3447439,Sorocaba,1740598148,24.06,76,1019,Clear,normal
3447439,Sorocaba,1740684548,21.87,95,1012,Thunderstorm,storm_event
3447439,Sorocaba,1740770948,22.72,83,1014,Clouds,normal
3447439,Sorocaba,1740857348,26.92,87,1014,Clouds,normal
3447439,Sorocaba,1740943748,23.85,98,1017,Clouds,extreme_humidity
3447439,Sorocaba,1741030148,24.86,77,1020,Clear,normal
3447439,Sorocaba,1741116548,24.92,92,1019,Clear,normal
3447439,Sorocaba,1741202948,24.26,73,1009,Drizzle,normal
3447439,Sorocaba,1741289348,27.26,98,1013,Drizzle,extreme_humidity
3447439,Sorocaba,1741375748,21.38,79,1016,Clouds,normal
3447439,Sorocaba,1741462148,24.5,92,1011,Clouds,normal
3447439,Sorocaba,1741548548,26.2,97,1011,Clouds,extreme_humidity
3447439,Sorocaba,1741634948,28.91,81,1016,Clouds,normal
3447439,Sorocaba,1741721348,23.72,80,1015,Drizzle,normal
3447439,Sorocaba,1741807748,23.05,84,1010,Clear,normal
3447439,Sorocaba,1741894148,31.56,38,1020,Clear,drought
3447439,Sorocaba,1741980548,23.36,79,1013,Clear,normal
3447439,Sorocaba,1742066948,28.02,96,1008,Drizzle,pressure_drop
3447439,Sorocaba,1742153348,25.31,80,1017,Clouds,normal
3447439,Sorocaba,1742239748,26.72,77,1015,Clouds,normal
3447439,Sorocaba,1742326148,27.8,76,1009,Clear,normal
3447439,Sorocaba,1742412548,24.32,76,1015,Rain,normal
3447439,Sorocaba,1742498948,19.44,97,1015,Drizzle,extreme_humidity
3447439,Sorocaba,1742585348,25.17,92,1013,Rain,normal
3447439,Sorocaba,1742671748,27.27,79,1015,Clear,normal
3447439,Sorocaba,1742758148,31.03,77,1017,Clear,normal
3447439,Sorocaba,1742844548,26.23,74,1009,Clouds,normal
3447439,Sorocaba,1742930948,23.59,70,1012,Rain,normal
3447439,Sorocaba,1743017348,26.06,61,1010,Rain,normal
3447439,Sorocaba,1743103748,27.58,97,1012,Clouds,extreme_humidity
3447439,Sorocaba,1743190148,22.54,95,1012,Thunderstorm,storm_event
3447439,Sorocaba,1743276548,23.39,60,1015,Drizzle,normal
3447439,Sorocaba,1743362948,27.88,98,1012,Clouds,extreme_humidity
3447439,Sorocaba,1743449348,22.55,87,1020,Rain,normal
3447439,Sorocaba,1743535748,19.9,61,1012,Clouds,normal
3447439,Sorocaba,1743622148,22.31,64,1013,Clear,normal
3447439,Sorocaba,1743708548,22.52,61,1011,Clouds,normal
3447439,Sorocaba,1743794948,19.91,44,1012,Clouds,normal
3447439,Sorocaba,1743881348,21.16,61,1022,Rain,normal
3447439,Sorocaba,1743967748,14.05,50,1019,Clear,cold_snap
3447439,Sorocaba,1744054148,19.32,88,1009,Clouds,normal
3447439,Sorocaba,1744140548,22.09,90,1011,Drizzle,normal
3447439,Sorocaba,1744226948,16.36,43,1016,Clear,normal
3447439,Sorocaba,1744313348,23.08,63,1009,Rain,normal
3447439,Sorocaba,1744399748,16.36,88,1019,Rain,normal
3447439,Sorocaba,1744486148,23.11,56,1010,Clouds,normal
3447439,Sorocaba,1744572548,19.11,43,1016,Clear,normal
3447439,Sorocaba,1744658948,20.88,90,1011,Thunderstorm,storm_event
3447439,Sorocaba,1744745348,22.12,66,1016,Clear,normal
3447439,Sorocaba,1744831748,20.41,89,1014,Rain,normal
3447439,Sorocaba,1744918148,25.41,60,1021,Rain,normal
3447439,Sorocaba,1745004548,23.06,69,1015,Clear,normal
3447439,Sorocaba,1745090948,22.26,92,1015,Clear,normal
3447439,Sorocaba,1745177348,20.03,70,1017,Clear,normal
3447439,Sorocaba,1745263748,19.2,79,1022,Clouds,normal
3447439,Sorocaba,1745350148,26.59,75,1022,Clouds,normal
3447439,Sorocaba,1745436548,21.94,75,1014,Clear,normal
3447439,Sorocaba,1745522948,25.26,75,1015,Clouds,normal
3447439,Sorocaba,1745609348,14.05,67,1020,Clouds,cold_snap
3447439,Sorocaba,1745695748,19.25,57,1008,Clouds,pressure_drop
3447439,Sorocaba,1745782148,23.87,73,1013,Clear,normal
3447439,Sorocaba,1745868548,18.3,44,1015,Clear,normal
3447439,Sorocaba,1745954948,20.14,98,1012,Thunderstorm,storm_event
3447439,Sorocaba,1746041348,18.81,58,1011,Clouds,normal
3447439,Sorocaba,1746127748,17.48,81,1009,Rain,normal
3447439,Sorocaba,1746214148,16.51,67,1018,Clear,normal
3447439,Sorocaba,1746300548,13.84,60,1016,Clear,cold_snap
3447439,Sorocaba,1746386948,24.75,70,1014,Clouds,normal
3447439,Sorocaba,1746473348,21.22,72,1008,Clouds,pressure_drop
3447439,Sorocaba,1746559748,19.43,82,1009,Clear,normal
3447439,Sorocaba,1746646148,19.27,55,1009,Drizzle,normal
3447439,Sorocaba,1746732548,22.4,79,1009,Clouds,normal
3447439,Sorocaba,1746818948,14.64,96,1009,Rain,storm_event
3447439,Sorocaba,1746905348,17.95,88,1014,Clear,normal
3447439,Sorocaba,1746991748,17.21,91,1013,Clouds,normal
3447439,Sorocaba,1747078148,19.73,68,1017,Clear,normal
3447439,Sorocaba,1747164548,22.55,62,1015,Clear,normal
3447439,Sorocaba,1747250948,24.56,66,1008,Clouds,pressure_drop
3447439,Sorocaba,1747337348,22.77,67,1021,Clear,normal
3447439,Sorocaba,1747423748,18.8,92,1018,Rain,normal
3447439,Sorocaba,1747510148,24.97,76,1008,Clear,pressure_drop
3447439,Sorocaba,1747596548,16.69,70,1010,Rain,normal
3447439,Sorocaba,1747682948,25.32,60,1012,Drizzle,normal
3447439,Sorocaba,1747769348,20.26,60,1014,Clear,normal
3447439,Sorocaba,1747855748,19.26,40,1010,Clear,normal
3447439,Sorocaba,1747942148,13.84,74,1021,Clear,cold_snap
3447439,Sorocaba,1748028548,22.09,63,1019,Rain,normal
3447439,Sorocaba,1748114948,22.56,79,1012,Rain,normal
3447439,Sorocaba,1748201348,22.08,91,1013,Clear,normal
3447439,Sorocaba,1748287748,16.68,70,1019,Clear,normal
3447439,Sorocaba,1748374148,21.83,93,1008,Clouds,pressure_drop
3447439,Sorocaba,1748460548,23.79,48,1013,Clear,normal
3447439,Sorocaba,1748546948,17.73,72,1015,Rain,normal
3447439,Sorocaba,1748633348,24.42,74,1020,Clear,normal
3447439,Sorocaba,1748719748,20.09,92,1021,Clear,normal
3447439,Sorocaba,1748806148,17.7,70,1008,Clouds,pressure_drop
3447439,Sorocaba,1748892548,23.61,91,1008,Clouds,pressure_drop
3447439,Sorocaba,1748978948,24.0,38,1014,Clear,drought
3447439,Sorocaba,1749065348,17.49,98,1014,Rain,extreme_humidity
3447439,Sorocaba,1749151748,20.31,97,1013,Rain,extreme_humidity
3447439,Sorocaba,1749238148,19.58,50,1008,Drizzle,pressure_drop
3447439,Sorocaba,1749324548,15.94,73,1016,Clear,normal
3447439,Sorocaba,1749410948,15.28,92,1014,Rain,normal
3447439,Sorocaba,1749497348,13.53,66,1017,Clear,normal
3447439,Sorocaba,1749583748,18.85,57,1011,Clear,normal
3447439,Sorocaba,1749670148,17.2,83,1012,Clouds,normal
3447439,Sorocaba,1749756548,22.43,92,1009,Rain,normal
3447439,Sorocaba,1749842948,17.23,96,1011,Thunderstorm,storm_event
3447439,Sorocaba,1749929348,17.52,75,1012,Clear,normal
3447439,Sorocaba,1750015748,17.44,55,1014,Rain,normal
3447439,Sorocaba,1750102148,16.04,69,1012,Rain,normal
3447439,Sorocaba,1750188548,12.01,85,1017,Rain,normal
3447439,Sorocaba,1750274948,21.82,42,1014,Clouds,normal
3447439,Sorocaba,1750361348,13.79,63,1012,Clouds,normal
3447439,Sorocaba,1750447748,20.53,68,1014,Clouds,normal
3447439,Sorocaba,1750534148,21.18,59,1013,Clouds,normal
3447439,Sorocaba,1750620548,17.77,92,1014,Rain,normal
3447439,Sorocaba,1750706948,14.1,62,1017,Clouds,normal
3447439,Sorocaba,1750793348,15.24,50,1014,Clear,normal
3447439,Sorocaba,1750879748,10.28,79,1008,Rain,pressure_drop
3447439,Sorocaba,1750966148,16.0,73,1013,Clouds,normal
3447439,Sorocaba,1751052548,17.03,58,1015,Clouds,normal
3447439,Sorocaba,1751138948,14.1,85,1017,Rain,normal
3447439,Sorocaba,1751225348,15.17,53,1017,Clear,normal
3447439,Sorocaba,1751311748,18.07,98,1015,Drizzle,extreme_humidity
3447439,Sorocaba,1751398148,19.94,75,1010,Clear,normal
3447439,Sorocaba,1751484548,17.68,61,1020,Clear,normal
3447439,Sorocaba,1751570948,16.14,83,1014,Clear,normal
3447439,Sorocaba,1751657348,14.71,55,1013,Clouds,normal
3447439,Sorocaba,1751743748,14.97,40,1016,Clear,normal
3447439,Sorocaba,1751830148,17.36,85,1016,Clear,normal
3447439,Sorocaba,1751916548,17.24,88,1013,Rain,normal
3447439,Sorocaba,1752002948,15.46,64,1011,Clear,normal
3447439,Sorocaba,1752089348,16.68,70,1011,Clear,normal
3447439,Sorocaba,1752175748,21.45,88,1022,Clear,normal
3447439,Sorocaba,1752262148,16.56,74,1015,Clear,normal
3447439,Sorocaba,1752348548,19.36,71,1009,Rain,normal
3447439,Sorocaba,1752434948,17.43,77,1020,Rain,normal
3447439,Sorocaba,1752521348,15.31,85,1013,Clear,normal
3447439,Sorocaba,1752607748,19.91,86,1021,Clear,normal
3447439,Sorocaba,1752694148,18.55,71,1015,Clear,normal
3447439,Sorocaba,1752780548,20.47,82,1019,Clear,normal
3447439,Sorocaba,1752866948,21.87,61,1010,Clear,normal
3447439,Sorocaba,1752953348,17.54,86,1014,Clouds,normal
3447439,Sorocaba,1753039748,13.88,82,1016,Clouds,normal
3447439,Sorocaba,1753126148,21.87,82,1012,Clear,normal
3447439,Sorocaba,1753212548,21.87,92,1019,Clear,normal
3447439,Sorocaba,1753298948,20.58,58,1020,Clear,normal
3447439,Sorocaba,1753385348,18.57,57,1014,Clear,normal
3447439,Sorocaba,1753471748,14.26,92,1012,Clear,normal
3447439,Sorocaba,1753558148,18.89,92,1012,Rain,normal
3447439,Sorocaba,1753644548,18.14,66,1017,Clear,normal
3447439,Sorocaba,1753730948,16.23,97,1009,Rain,storm_event
3447439,Sorocaba,1753817348,16.3,97,1015,Rain,extreme_humidity
3447439,Sorocaba,1753903748,18.93,50,1014,Clear,normal
3447439,Sorocaba,1753990148,14.7,82,1010,Clear,normal
3447439,Sorocaba,1754076548,13.36,65,1017,Clouds,normal
3447439,Sorocaba,1754162948,21.03,77,1012,Clear,normal
3447439,Sorocaba,1754249348,19.83,85,1011,Clouds,normal
3447439,Sorocaba,1754335748,12.28,69,1014,Clouds,normal
3447439,Sorocaba,1754422148,17.68,50,1016,Clouds,normal
3447439,Sorocaba,1754508548,20.25,88,1015,Clouds,normal
3447439,Sorocaba,1754594948,14.37,90,1019,Clouds,normal
3447439,Sorocaba,1754681348,19.9,84,1013,Clouds,normal
3447439,Sorocaba,1754767748,14.46,61,1019,Clouds,normal
3447439,Sorocaba,1754854148,17.98,55,1009,Drizzle,normal
3447439,Sorocaba,1754940548,16.07,93,1009,Rain,storm_event
3447439,Sorocaba,1755026948,17.17,65,1019,Drizzle,normal
3447439,Sorocaba,1755113348,22.65,50,1017,Clear,normal
3447439,Sorocaba,1755199748,15.56,97,1013,Thunderstorm,storm_event
3447439,Sorocaba,1755286148,17.14,98,1012,Rain,extreme_humidity
3447439,Sorocaba,1755372548,15.89,92,1009,Clouds,normal
3447439,Sorocaba,1755458948,16.9,92,1011,Clouds,normal
3447439,Sorocaba,1755545348,19.54,60,1012,Clouds,normal
3447439,Sorocaba,1755631748,16.72,58,1017,Clear,normal
3447439,Sorocaba,1755718148,19.16,68,1017,Clear,normal
3447439,Sorocaba,1755804548,16.78,76,1011,Clear,normal
3447439,Sorocaba,1755890948,22.77,58,1015,Clouds,normal
3447439,Sorocaba,1755977348,13.99,52,1016,Clear,normal
3447439,Sorocaba,1756063748,16.64,65,1016,Rain,normal
3447439,Sorocaba,1756150148,19.53,59,1013,Clouds,normal
3447439,Sorocaba,1756236548,21.14,98,1012,Thunderstorm,storm_event
3447439,Sorocaba,1756322948,18.11,64,1014,Clouds,normal
3447439,Sorocaba,1756409348,13.03,90,1017,Clouds,normal
3447439,Sorocaba,1756495748,17.68,54,1015,Clouds,normal
3447439,Sorocaba,1756582148,18.24,57,1011,Rain,normal
3447439,Sorocaba,1756668548,12.28,61,1022,Clouds,normal
3447439,Sorocaba,1756754948,18.94,64,1018,Clouds,normal
3447439,Sorocaba,1756841348,18.13,78,1021,Rain,normal
3447439,Sorocaba,1756927748,18.43,55,1017,Rain,normal
3447439,Sorocaba,1757014148,22.74,78,1012,Rain,normal
3447439,Sorocaba,1757100548,19.48,55,1010,Drizzle,normal
3447439,Sorocaba,1757186948,15.11,60,1015,Clear,normal
3447439,Sorocaba,1757273348,15.11,89,1010,Clouds,normal
3447439,Sorocaba,1757359748,26.89,38,1016,Clouds,drought
3447439,Sorocaba,1757446148,21.34,61,1008,Clouds,pressure_drop
3447439,Sorocaba,1757532548,21.8,65,1014,Rain,normal
3447439,Sorocaba,1757618948,15.11,61,1010,Clear,normal
3447439,Sorocaba,1757705348,19.91,56,1010,Clear,normal
3447439,Sorocaba,1757791748,20.09,97,1009,Rain,storm_event
3447439,Sorocaba,1757878148,20.79,70,1019,Clouds,normal
3447439,Sorocaba,1757964548,15.43,78,1017,Clouds,normal
3447439,Sorocaba,1758050948,25.75,92,1018,Clouds,normal
3447439,Sorocaba,1758137348,17.13,77,1020,Clouds,normal
3447439,Sorocaba,1758223748,19.73,87,1008,Clouds,pressure_drop
3447439,Sorocaba,1758310148,22.07,79,1014,Clear,normal
3447439,Sorocaba,1758396548,25.75,54,1019,Clear,normal
3447439,Sorocaba,1758482948,21.91,71,1018,Clear,normal
3447439,Sorocaba,1758569348,18.26,81,1009,Drizzle,normal
3447439,Sorocaba,1758655748,20.58,98,1019,Clouds,extreme_humidity
3447439,Sorocaba,1758742148,19.62,70,1019,Clouds,normal
3447439,Sorocaba,1758828548,20.17,66,1015,Clouds,normal
3447439,Sorocaba,1758914948,19.66,63,1013,Clouds,normal
3447439,Sorocaba,1759001348,12.5,67,1022,Rain,cold_snap
3447439,Sorocaba,1759087748,19.51,76,1010,Rain,normal
3447439,Sorocaba,1759174148,19.95,42,1012,Clouds,normal
3447439,Sorocaba,1759260548,15.16,81,1008,Drizzle,pressure_drop
3447439,Sorocaba,1759346948,22.58,64,1013,Clear,normal
3447439,Sorocaba,1759433348,25.56,76,1008,Drizzle,pressure_drop
3447439,Sorocaba,1759519748,19.2,72,1009,Rain,normal
3447439,Sorocaba,1759606148,25.97,48,1012,Clear,normal
3447439,Sorocaba,1759692548,17.96,72,1018,Clear,normal
3447439,Sorocaba,1759778948,22.36,55,1021,Clear,normal
3447439,Sorocaba,1759865348,20.42,55,1017,Clear,normal
3447439,Sorocaba,1759951748,20.08,64,1013,Clear,normal
3447439,Sorocaba,1760038148,17.43,98,1019,Clouds,extreme_humidity
3447439,Sorocaba,1760124548,18.92,95,1009,Rain,storm_event
3447439,Sorocaba,1760210948,24.68,92,1010,Rain,normal
3447439,Sorocaba,1760297348,22.15,92,1012,Rain,normal
3447439,Sorocaba,1760383748,21.54,74,1017,Clear,normal
3447439,Sorocaba,1760470148,20.5,57,1015,Clear,normal
3447439,Sorocaba,1760556548,21.04,94,1012,Thunderstorm,storm_event
3447439,Sorocaba,1760642948,23.89,62,1011,Clear,normal
3447439,Sorocaba,1760729348,23.45,79,1012,Rain,normal
3447439,Sorocaba,1760815748,20.36,83,1018,Clouds,normal
3447439,Sorocaba,1760902148,19.13,83,1018,Clear,normal
3447439,Sorocaba,1760988548,22.12,69,1015,Clouds,normal
3447439,Sorocaba,1761074948,20.66,55,1014,Clear,normal
3447439,Sorocaba,1761161348,25.19,53,1014,Clouds,normal
3447439,Sorocaba,1761247748,25.21,78,1021,Clouds,normal
3447439,Sorocaba,1761334148,21.51,80,1011,Clear,normal
3447439,Sorocaba,1761420548,24.48,72,1019,Clouds,normal
3447439,Sorocaba,1761506948,25.25,90,1014,Rain,normal
3447439,Sorocaba,1761593348,19.87,65,1017,Clear,normal
3447439,Sorocaba,1761679748,18.33,73,1019,Clouds,normal
3447439,Sorocaba,1761766148,23.36,79,1019,Clear,normal
3447439,Sorocaba,1761852548,17.31,83,1012,Clouds,normal
3447439,Sorocaba,1761938948,18.23,98,1009,Rain,storm_event
3447439,Sorocaba,1762025348,19.66,67,1017,Clouds,normal
3447439,Sorocaba,1762111748,19.06,72,1013,Clear,normal
3447439,Sorocaba,1762198148,21.48,56,1017,Clouds,normal
3447439,Sorocaba,1762284548,23.58,65,1008,Clear,pressure_drop
3447439,Sorocaba,1762370948,24.29,78,1014,Clear,normal
3447439,Sorocaba,1762457348,21.8,72,1015,Clouds,normal
3447439,Sorocaba,1762543748,23.01,53,1017,Clouds,normal
3447439,Sorocaba,1762630148,20.72,74,1015,Clear,normal
3447439,Sorocaba,1762716548,21.59,59,1012,Clear,normal
3447439,Sorocaba,1762802948,22.42,79,1016,Clear,normal
3447439,Sorocaba,1762889348,19.14,68,1017,Clouds,normal
3447439,Sorocaba,1762975748,25.94,73,1013,Clear,normal
3447439,Sorocaba,1763062148,19.12,55,1009,Clouds,normal
3447439,Sorocaba,1763148548,23.1,78,1014,Rain,normal
3447439,Sorocaba,1763234948,22.6,77,1009,Rain,normal
3447439,Sorocaba,1763321348,21.27,70,1017,Clear,normal
3447439,Sorocaba,1763407748,22.94,54,1011,Clouds,normal
3447439,Sorocaba,1763494148,23.02,75,1016,Clear,normal
3447439,Sorocaba,1763580548,21.86,73,1017,Clear,normal
3447439,Sorocaba,1763666948,19.08,92,1011,Clouds,normal
3447439,Sorocaba,1763753348,18.41,72,1018,Clear,normal
3447439,Sorocaba,1763839748,23.73,61,1009,Clouds,normal
3447439,Sorocaba,1763926148,21.42,60,1014,Clear,normal
3447439,Sorocaba,1764012548,19.34,81,1018,Drizzle,normal
3447439,Sorocaba,1764098948,21.74,71,1014,Clouds,normal
3447439,Sorocaba,1764185348,23.48,62,1016,Clear,normal
3447439,Sorocaba,1764271748,24.7,62,1019,Clear,normal
3447439,Sorocaba,1764358148,19.48,87,1013,Clear,normal
3447439,Sorocaba,1764444548,21.92,98,1016,Drizzle,extreme_humidity
3447439,Sorocaba,1764530948,19.79,77,1020,Clouds,normal
3447439,Sorocaba,1764617348,28.28,67,1017,Clouds,normal
3447439,Sorocaba,1764703748,31.43,51,1013,Clear,normal
3447439,Sorocaba,1764790148,28.31,64,1016,Clouds,normal
3447439,Sorocaba,1764876548,25.85,69,1019,Clear,normal
3447439,Sorocaba,1764962948,24.52,97,1010,Clouds,extreme_humidity
3447439,Sorocaba,1765049348,25.27,90,1014,Rain,normal
3447439,Sorocaba,1765135748,30.98,45,1013,Clear,normal
3447439,Sorocaba,1765222148,23.95,83,1015,Drizzle,normal
3447439,Sorocaba,1765308548,25.54,49,1016,Clouds,normal
3447439,Sorocaba,1765394948,23.85,75,1019,Clouds,normal
3447439,Sorocaba,1765481348,24.57,68,1015,Rain,normal
3447439,Sorocaba,1765567748,25.32,58,1008,Clouds,pressure_drop
3447439,Sorocaba,1765654148,28.59,77,1014,Clear,normal
3447439,Sorocaba,1765740548,28.61,54,1020,Clouds,normal
3447439,Sorocaba,1765826948,23.64,81,1018,Clouds,normal
3447439,Sorocaba,1765913348,17.5,63,1019,Rain,cold_snap
3447439,Sorocaba,1765999748,29.17,83,1020,Clear,normal
3447439,Sorocaba,1766086148,28.71,83,1013,Clouds,normal
3447439,Sorocaba,1766172548,27.23,43,1017,Clear,normal
3447439,Sorocaba,1766258948,20.86,86,1014,Rain,normal
3447439,Sorocaba,1766345348,28.17,88,1018,Rain,normal
3447439,Sorocaba,1766431748,25.43,77,1016,Clouds,normal
3447439,Sorocaba,1766518148,31.47,38,1010,Clouds,drought
3447439,Sorocaba,1766604548,29.54,76,1022,Clouds,normal
3447439,Sorocaba,1766690948,26.12,92,1013,Thunderstorm,storm_event
3447439,Sorocaba,1766777348,25.86,64,1009,Drizzle,normal
3447439,Sorocaba,1766863748,24.44,55,1016,Rain,normal
3447439,Sorocaba,1766950148,31.3,88,1017,Clear,normal
3447439,Sorocaba,1767036548,24.81,76,1015,Clear,normal
3447439,Sorocaba,1767122948,27.7,64,1019,Clouds,normal
3447439,Sorocaba,1767209348,17.5,50,1018,Rain,cold_snap
3447439,Sorocaba,1767295748,22.66,88,1013,Drizzle,normal
3447439,Sorocaba,1767382148,23.73,73,1018,Clear,normal
3447439,Sorocaba,1767468548,26.48,55,1017,Clear,normal
3447439,Sorocaba,1767554948,28.68,50,1008,Drizzle,pressure_drop
3447439,Sorocaba,1767641348,25.36,89,1013,Thunderstorm,storm_event
3447439,Sorocaba,1767727748,28.86,68,1009,Rain,normal
3447439,Sorocaba,1767814148,23.4,83,1014,Rain,normal
3447439,Sorocaba,1767900548,26.53,61,1021,Clear,normal
3447439,Sorocaba,1767986948,24.26,92,1016,Clouds,normal
3447439,Sorocaba,1768073348,25.22,92,1012,Clear,normal
3447439,Sorocaba,1768159748,21.23,50,1012,Clear,normal
3447439,Sorocaba,1768246148,23.53,92,1015,Clouds,normal
3447439,Sorocaba,1768332548,28.86,58,1012,Rain,normal
3447439,Sorocaba,1768418948,27.64,92,1010,Clear,normal
3447439,Sorocaba,1768505348,24.84,69,1010,Rain,normal
3447439,Sorocaba,1768591748,25.97,82,1015,Clear,normal
3447439,Sorocaba,1768678148,23.62,50,1014,Clear,normal
3447439,Sorocaba,1768764548,26.01,95,1009,Rain,storm_event
3447439,Sorocaba,1768850948,29.72,70,1013,Rain,normal
3447439,Sorocaba,1768937348,22.2,92,1009,Thunderstorm,storm_event
3447439,Sorocaba,1769023748,22.31,74,1014,Clear,normal
3447439,Sorocaba,1769110148,24.49,43,1018,Clouds,normal
3447439,Sorocaba,1769196548,16.72,45,1016,Rain,cold_snap
3447439,Sorocaba,1769282948,29.31,44,1013,Clear,normal
3447439,Sorocaba,1769369348,23.58,80,1017,Rain,normal
3447439,Sorocaba,1769455748,22.43,63,1014,Rain,normal
3447439,Sorocaba,1769542148,22.06,66,1012,Clouds,normal
3447439,Sorocaba,1769628548,28.81,92,1013,Rain,normal
3447439,Sorocaba,1769714948,31.01,52,1009,Clouds,normal
3447439,Sorocaba,1769801348,23.25,83,1011,Drizzle,normal
3447439,Sorocaba,1769887748,30.28,69,1018,Clear,normal
3447439,Sorocaba,1769974148,21.21,88,1013,Rain,normal
3447439,Sorocaba,1770060548,25.04,68,1013,Clear,normal
3447439,Sorocaba,1770146948,25.0,78,1020,Clear,normal
3447439,Sorocaba,1770233348,31.41,83,1022,Clouds,normal
3447439,Sorocaba,1770319748,21.79,54,1013,Clear,normal
3447439,Sorocaba,1770406148,29.79,50,1008,Drizzle,pressure_drop
3447439,Sorocaba,1770492548,28.84,92,1012,Clear,normal
3447439,Sorocaba,1770578948,25.23,78,1010,Clear,normal
3447439,Sorocaba,1770665348,30.52,35,1010,Clear,drought
3447439,Sorocaba,1770751748,21.88,91,1010,Rain,normal
3447439,Sorocaba,1770838148,33.11,72,1008,Clouds,pressure_drop
3447439,Sorocaba,1770924548,25.76,75,1016,Clear,normal
3447439,Sorocaba,1771010948,26.98,59,1016,Clear,normal
3447439,Sorocaba,1771097348,25.15,95,1009,Rain,storm_event
3447439,Sorocaba,1771183748,24.24,54,1011,Clouds,normal
3447439,Sorocaba,1771270148,18.73,61,1017,Clouds,cold_snap
3447439,Sorocaba,1771356548,24.01,83,1008,Clouds,pressure_drop
3447439,Sorocaba,1771442948,26.39,60,1009,Clear,normal
3447439,Sorocaba,1771529348,27.23,55,1017,Clear,normal
3447439,Sorocaba,1771615748,29.16,52,1016,Clear,normal
3447439,Sorocaba,1771702148,24.61,83,1009,Clear,normal
3447439,Sorocaba,1771788548,21.68,54,1014,Clouds,normal
3447439,Sorocaba,1771874948,25.89,56,1009,Clouds,normal
3447439,Sorocaba,1771961348,27.16,79,1013,Clear,normal
3447439,Sorocaba,1772047748,23.73,68,1012,Rain,normal
3447439,Sorocaba,1772134148,21.42,80,1022,Clear,normal
3447439,Sorocaba,1772220548,23.87,79,1022,Clear,normal
3447439,Sorocaba,1772306948,21.9,77,1016,Clouds,normal
3447439,Sorocaba,1772393348,29.36,78,1019,Clouds,normal
3447439,Sorocaba,1772479748,26.82,57,1016,Clouds,normal
3447439,Sorocaba,1772566148,21.79,86,1015,Clouds,normal
3447439,Sorocaba,1772652548,23.39,72,1017,Clouds,normal
3447439,Sorocaba,1772738948,20.59,92,1016,Clear,normal
3447439,Sorocaba,1772825348,26.5,97,1013,Thunderstorm,storm_event
3447439,Sorocaba,1772911748,25.08,44,1016,Clouds,normal
3447439,Sorocaba,1772998148,22.55,90,1013,Thunderstorm,storm_event
3447439,Sorocaba,1773084548,24.29,59,1017,Clouds,normal
3447439,Sorocaba,1773170948,27.88,62,1014,Clear,normal
3447439,Sorocaba,1773257348,26.13,57,1017,Clouds,normal
3447439,Sorocaba,1773343748,27.24,71,1017,Clouds,normal
3447439,Sorocaba,1773430148,23.44,78,1013,Clouds,normal
3447439,Sorocaba,1773516548,25.88,50,1013,Clouds,normal
3447439,Sorocaba,1773602948,28.74,83,1015,Clouds,normal
3447439,Sorocaba,1773689348,25.44,85,1016,Clouds,normal
3447439,Sorocaba,1773775748,25.14,75,1017,Rain,normal
3447439,Sorocaba,1773862148,30.19,74,1012,Clear,normal
3447439,Sorocaba,1773948548,20.71,98,1018,Drizzle,extreme_humidity
3447439,Sorocaba,1774034948,31.03,70,1017,Clouds,normal
3447439,Sorocaba,1774121348,24.75,66,1013,Clouds,normal
3447439,Sorocaba,1774207748,24.75,63,1011,Clouds,normal
3447439,Sorocaba,1774294148,26.97,57,1014,Clear,normal
3447439,Sorocaba,1774380548,21.65,92,1011,Rain,normal
3447439,Sorocaba,1774466948,30.2,92,1010,Rain,normal
3447439,Sorocaba,1774553348,31.03,65,1016,Clouds,normal
3447439,Sorocaba,1774639748,22.4,86,1014,Drizzle,normal
3447439,Sorocaba,1774726148,25.48,92,1012,Rain,normal
3447439,Sorocaba,1774812548,27.27,94,1008,Thunderstorm,storm_event
3447439,Sorocaba,1774898948,28.19,55,1016,Clear,normal
3447439,Sorocaba,1774985348,29.55,65,1009,Clear,normal
3447439,Sorocaba,1775071748,23.69,92,1015,Clouds,normal
3447439,Sorocaba,1775158148,14.05,63,1016,Rain,cold_snap
3447439,Sorocaba,1775244548,24.34,62,1018,Clear,normal
3447439,Sorocaba,1775330948,17.58,53,1014,Clear,normal
3447439,Sorocaba,1775417348,23.33,92,1013,Clear,normal
3447439,Sorocaba,1775503748,19.59,78,1019,Clouds,normal
3447439,Sorocaba,1775590148,26.77,53,1019,Clouds,normal
3447439,Sorocaba,1775676548,17.78,71,1009,Clear,normal
3447439,Sorocaba,1775762948,14.05,65,1020,Clear,cold_snap
3447439,Sorocaba,1775849348,24.03,78,1013,Rain,normal
3447439,Sorocaba,1775935748,20.97,59,1012,Clear,normal
3447439,Sorocaba,1776022148,18.02,40,1014,Clear,normal
3447439,Sorocaba,1776108548,16.36,67,1015,Clouds,normal
3447439,Sorocaba,1776194948,20.37,86,1011,Rain,normal
3447439,Sorocaba,1776281348,19.28,77,1017,Clouds,normal
3447439,Sorocaba,1776367748,26.77,77,1009,Clear,normal
3447439,Sorocaba,1776454148,26.77,49,1015,Clouds,normal
3447439,Sorocaba,1776540548,23.37,74,1018,Clouds,normal
3447439,Sorocaba,1776626948,19.36,69,1014,Clouds,normal
3447439,Sorocaba,1776713348,25.68,58,1021,Clouds,normal
3447439,Sorocaba,1776799748,21.12,40,1022,Clear,normal
3447439,Sorocaba,1776886148,16.36,77,1015,Clear,normal
3447439,Sorocaba,1776972548,24.15,40,1013,Clear,normal
3447439,Sorocaba,1777058948,23.93,92,1014,Clear,normal
3447439,Sorocaba,1777145348,26.77,63,1017,Clear,normal
3447439,Sorocaba,1777231748,26.77,53,1016,Clear,normal
3447439,Sorocaba,1777318148,21.8,57,1016,Clouds,normal
3447439,Sorocaba,1777404548,26.77,70,1014,Drizzle,normal
3447439,Sorocaba,1777490948,21.92,79,1018,Clear,normal
3447439,Sorocaba,1777577348,25.11,60,1011,Clear,normal
3447439,Sorocaba,1777663748,22.82,79,1018,Rain,normal
3447439,Sorocaba,1777750148,21.13,81,1017,Clouds,normal
3447439,Sorocaba,1777836548,19.97,65,1014,Rain,normal
3447439,Sorocaba,1777922948,21.53,69,1015,Clouds,normal
3447439,Sorocaba,1778009348,19.77,40,1014,Clouds,normal
3447439,Sorocaba,1778095748,20.75,61,1009,Drizzle,normal
3447439,Sorocaba,1778182148,24.22,62,1021,Drizzle,normal
3447439,Sorocaba,1778268548,17.68,92,1014,Clear,normal
3447439,Sorocaba,1778354948,21.65,66,1016,Clear,normal
3447439,Sorocaba,1778441348,22.21,69,1016,Clouds,normal
3447439,Sorocaba,1778527748,19.42,40,1011,Clear,normal
3447439,Sorocaba,1778614148,17.86,97,1014,Clouds,extreme_humidity
3447439,Sorocaba,1778700548,21.1,54,1018,Clear,normal
3457381,Mauá,1715714948,25.73,76,1013,Clear,normal
3457381,Mauá,1715801348,22.14,75,1017,Clouds,normal
3457381,Mauá,1715887748,21.68,62,1012,Clear,normal
3457381,Mauá,1715974148,19.49,67,1018,Clouds,normal
3457381,Mauá,1716060548,19.06,65,1008,Rain,pressure_drop
3457381,Mauá,1716146948,13.7,35,1015,Rain,cold_snap
3457381,Mauá,1716233348,26.49,80,1012,Rain,normal
3457381,Mauá,1716319748,23.07,76,1017,Clear,normal
3457381,Mauá,1716406148,26.53,72,1021,Rain,normal
3457381,Mauá,1716492548,22.9,72,1013,Rain,normal
3457381,Mauá,1716578948,27.19,54,1008,Clouds,pressure_drop
3457381,Mauá,1716665348,22.06,85,1008,Clouds,pressure_drop
3457381,Mauá,1716751748,21.46,89,1012,Thunderstorm,storm_event
3457381,Mauá,1716838148,21.08,85,1008,Clouds,pressure_drop
3457381,Mauá,1716924548,18.91,78,1017,Clear,normal
3457381,Mauá,1717010948,22.85,80,1015,Clouds,normal
3457381,Mauá,1717097348,21.88,77,1012,Rain,normal
3457381,Mauá,1717183748,23.65,92,1017,Clear,normal
3457381,Mauá,1717270148,21.98,85,1009,Clear,normal
3457381,Mauá,1717356548,15.94,81,1009,Clear,normal
3457381,Mauá,1717442948,19.19,40,1018,Clear,normal
3457381,Mauá,1717529348,15.03,52,1012,Clouds,normal
3457381,Mauá,1717615748,16.36,72,1011,Clear,normal
3457381,Mauá,1717702148,17.46,73,1014,Clouds,normal
3457381,Mauá,1717788548,17.42,92,1013,Thunderstorm,storm_event
3457381,Mauá,1717874948,19.4,97,1012,Drizzle,extreme_humidity
3457381,Mauá,1717961348,19.62,57,1018,Clouds,normal
3457381,Mauá,1718047748,15.42,92,1021,Clear,normal
3457381,Mauá,1718134148,21.62,38,1016,Clear,drought
3457381,Mauá,1718220548,17.46,57,1013,Clear,normal
3457381,Mauá,1718306948,16.05,75,1015,Clouds,normal
3457381,Mauá,1718393348,20.86,37,1016,Clouds,drought
3457381,Mauá,1718479748,12.62,62,1009,Clear,normal
3457381,Mauá,1718566148,18.03,71,1019,Clouds,normal
3457381,Mauá,1718652548,15.15,86,1013,Drizzle,normal
3457381,Mauá,1718738948,21.13,75,1010,Clear,normal
3457381,Mauá,1718825348,18.06,65,1020,Clear,normal
3457381,Mauá,1718911748,21.98,81,1016,Clear,normal
3457381,Mauá,1718998148,21.1,82,1015,Clouds,normal
3457381,Mauá,1719084548,14.33,40,1016,Clouds,normal
3457381,Mauá,1719170948,20.47,69,1008,Clouds,pressure_drop
3457381,Mauá,1719257348,21.98,73,1010,Rain,normal
3457381,Mauá,1719343748,20.13,69,1011,Drizzle,normal
3457381,Mauá,1719430148,19.77,60,1016,Clouds,normal
3457381,Mauá,1719516548,16.25,81,1008,Drizzle,pressure_drop
3457381,Mauá,1719602948,18.03,93,1013,Thunderstorm,storm_event
3457381,Mauá,1719689348,12.84,43,1019,Clear,normal
3457381,Mauá,1719775748,19.22,53,1015,Clear,normal
3457381,Mauá,1719862148,16.16,89,1010,Thunderstorm,storm_event
3457381,Mauá,1719948548,20.4,59,1009,Rain,normal
3457381,Mauá,1720034948,18.89,76,1011,Drizzle,normal
3457381,Mauá,1720121348,17.49,40,1018,Clear,normal
3457381,Mauá,1720207748,8.93,64,1022,Clear,cold_snap
3457381,Mauá,1720294148,13.25,90,1018,Clear,normal
3457381,Mauá,1720380548,20.51,92,1011,Rain,normal
3457381,Mauá,1720466948,16.14,66,1012,Clear,normal
3457381,Mauá,1720553348,17.8,66,1011,Clouds,normal
3457381,Mauá,1720639748,16.27,97,1018,Clouds,extreme_humidity
3457381,Mauá,1720726148,16.94,58,1016,Clouds,normal
3457381,Mauá,1720812548,17.72,69,1016,Clouds,normal
3457381,Mauá,1720898948,14.53,92,1013,Drizzle,normal
3457381,Mauá,1720985348,18.99,74,1014,Clear,normal
3457381,Mauá,1721071748,18.39,40,1020,Clear,normal
3457381,Mauá,1721158148,16.58,68,1016,Clear,normal
3457381,Mauá,1721244548,17.17,77,1009,Clouds,normal
3457381,Mauá,1721330948,18.57,73,1013,Clear,normal
3457381,Mauá,1721417348,13.8,81,1011,Rain,normal
3457381,Mauá,1721503748,18.68,87,1011,Drizzle,normal
3457381,Mauá,1721590148,16.71,60,1018,Clouds,normal
3457381,Mauá,1721676548,20.04,78,1009,Rain,normal
3457381,Mauá,1721762948,15.98,41,1017,Clear,normal
3457381,Mauá,1721849348,14.98,65,1013,Clear,normal
3457381,Mauá,1721935748,16.94,52,1016,Clouds,normal
3457381,Mauá,1722022148,20.44,92,1015,Rain,normal
3457381,Mauá,1722108548,14.22,88,1013,Thunderstorm,storm_event
3457381,Mauá,1722194948,14.33,92,1013,Thunderstorm,storm_event
3457381,Mauá,1722281348,17.38,79,1013,Rain,normal
3457381,Mauá,1722367748,15.95,64,1011,Clouds,normal
3457381,Mauá,1722454148,16.23,88,1015,Clear,normal
3457381,Mauá,1722540548,14.73,79,1013,Drizzle,normal
3457381,Mauá,1722626948,13.15,94,1011,Thunderstorm,storm_event
3457381,Mauá,1722713348,18.06,57,1018,Clouds,normal
3457381,Mauá,1722799748,18.95,70,1016,Rain,normal
3457381,Mauá,1722886148,16.45,77,1014,Clouds,normal
3457381,Mauá,1722972548,15.79,95,1009,Rain,storm_event
3457381,Mauá,1723058948,15.58,64,1010,Clear,normal
3457381,Mauá,1723145348,18.4,77,1010,Rain,normal
3457381,Mauá,1723231748,18.9,70,1022,Clear,normal
3457381,Mauá,1723318148,15.71,67,1018,Clear,normal
3457381,Mauá,1723404548,18.78,72,1017,Clear,normal
3457381,Mauá,1723490948,15.0,55,1020,Rain,normal
3457381,Mauá,1723577348,17.63,55,1013,Rain,normal
3457381,Mauá,1723663748,12.88,98,1012,Clouds,extreme_humidity
3457381,Mauá,1723750148,16.93,83,1022,Clear,normal
3457381,Mauá,1723836548,22.03,73,1008,Clouds,pressure_drop
3457381,Mauá,1723922948,12.48,72,1018,Rain,normal
3457381,Mauá,1724009348,15.14,54,1011,Clear,normal
3457381,Mauá,1724095748,16.49,92,1013,Clear,normal
3457381,Mauá,1724182148,19.36,79,1008,Clouds,pressure_drop
3457381,Mauá,1724268548,18.42,89,1008,Rain,pressure_drop
3457381,Mauá,1724354948,18.52,69,1013,Clear,normal
3457381,Mauá,1724441348,18.95,64,1015,Clouds,normal
3457381,Mauá,1724527748,16.12,51,1008,Drizzle,pressure_drop
3457381,Mauá,1724614148,15.49,92,1015,Rain,normal
3457381,Mauá,1724700548,19.09,57,1015,Clear,normal
3457381,Mauá,1724786948,15.52,71,1016,Clouds,normal
3457381,Mauá,1724873348,16.8,91,1016,Rain,normal
3457381,Mauá,1724959748,16.13,81,1015,Clear,normal
3457381,Mauá,1725046148,21.16,68,1020,Rain,normal
3457381,Mauá,1725132548,18.41,79,1015,Clouds,normal
3457381,Mauá,1725218948,20.82,60,1008,Clouds,pressure_drop
3457381,Mauá,1725305348,21.34,44,1015,Clouds,normal
3457381,Mauá,1725391748,23.49,66,1022,Clouds,normal
3457381,Mauá,1725478148,20.55,44,1013,Clear,normal
3457381,Mauá,1725564548,19.75,55,1015,Rain,normal
3457381,Mauá,1725650948,19.95,50,1014,Clouds,normal
3457381,Mauá,1725737348,20.59,72,1013,Clear,normal
3457381,Mauá,1725823748,20.79,55,1015,Clear,normal
3457381,Mauá,1725910148,15.22,95,1013,Thunderstorm,storm_event
3457381,Mauá,1725996548,18.04,56,1012,Clear,normal
3457381,Mauá,1726082948,23.44,77,1013,Clear,normal
3457381,Mauá,1726169348,20.68,76,1008,Clouds,pressure_drop
3457381,Mauá,1726255748,18.91,67,1011,Clouds,normal
3457381,Mauá,1726342148,11.92,48,1018,Clouds,cold_snap
3457381,Mauá,1726428548,11.96,57,1021,Rain,cold_snap
3457381,Mauá,1726514948,17.25,58,1012,Rain,normal
3457381,Mauá,1726601348,23.49,64,1013,Clouds,normal
3457381,Mauá,1726687748,15.45,67,1016,Clouds,normal
3457381,Mauá,1726774148,16.06,59,1009,Clouds,normal
3457381,Mauá,1726860548,23.77,68,1008,Clear,pressure_drop
3457381,Mauá,1726946948,19.28,82,1013,Rain,normal
3457381,Mauá,1727033348,21.88,92,1013,Thunderstorm,storm_event
3457381,Mauá,1727119748,20.05,90,1011,Thunderstorm,storm_event
3457381,Mauá,1727206148,22.06,68,1020,Clear,normal
3457381,Mauá,1727292548,20.11,55,1016,Rain,normal
3457381,Mauá,1727378948,20.72,92,1017,Rain,normal
3457381,Mauá,1727465348,21.26,66,1008,Drizzle,pressure_drop
3457381,Mauá,1727551748,15.45,69,1015,Clouds,normal
3457381,Mauá,1727638148,18.07,69,1008,Clouds,pressure_drop
3457381,Mauá,1727724548,12.57,59,1015,Clear,cold_snap
3457381,Mauá,1727810948,20.35,62,1017,Clear,normal
3457381,Mauá,1727897348,21.27,72,1014,Clear,normal
3457381,Mauá,1727983748,22.47,47,1012,Clouds,normal
3457381,Mauá,1728070148,19.59,92,1009,Thunderstorm,storm_event
3457381,Mauá,1728156548,16.58,93,1009,Rain,storm_event
3457381,Mauá,1728242948,20.89,52,1016,Clouds,normal
3457381,Mauá,1728329348,16.61,96,1008,Rain,pressure_drop
3457381,Mauá,1728415748,24.07,69,1015,Clear,normal
3457381,Mauá,1728502148,26.61,62,1015,Clear,normal
3457381,Mauá,1728588548,18.85,81,1013,Rain,normal
3457381,Mauá,1728674948,22.55,56,1012,Clouds,normal
3457381,Mauá,1728761348,25.93,80,1014,Rain,normal
3457381,Mauá,1728847748,23.38,46,1015,Clear,normal
3457381,Mauá,1728934148,21.73,69,1015,Clouds,normal
3457381,Mauá,1729020548,19.56,93,1013,Thunderstorm,storm_event
3457381,Mauá,1729106948,20.9,58,1013,Clouds,normal
3457381,Mauá,1729193348,24.53,92,1012,Clear,normal
3457381,Mauá,1729279748,23.21,60,1011,Clouds,normal
3457381,Mauá,1729366148,26.61,74,1010,Rain,normal
3457381,Mauá,1729452548,21.88,74,1012,Clear,normal
3457381,Mauá,1729538948,22.54,58,1012,Clouds,normal
3457381,Mauá,1729625348,22.85,59,1018,Clear,normal
3457381,Mauá,1729711748,21.14,69,1012,Rain,normal
3457381,Mauá,1729798148,24.11,96,1008,Clouds,pressure_drop
3457381,Mauá,1729884548,17.05,62,1013,Clear,normal
3457381,Mauá,1729970948,17.05,58,1013,Clouds,normal
3457381,Mauá,1730057348,21.96,85,1013,Clear,normal
3457381,Mauá,1730143748,17.43,57,1010,Clear,normal
3457381,Mauá,1730230148,21.59,86,1020,Rain,normal
3457381,Mauá,1730316548,25.23,67,1016,Clear,normal
3457381,Mauá,1730402948,24.12,70,1019,Clouds,normal
3457381,Mauá,1730489348,22.28,64,1017,Clouds,normal
3457381,Mauá,1730575748,23.22,50,1008,Clear,pressure_drop
3457381,Mauá,1730662148,11.6,75,1019,Clear,cold_snap
3457381,Mauá,1730748548,14.81,75,1016,Clear,normal
3457381,Mauá,1730834948,22.13,64,1013,Clouds,normal
3457381,Mauá,1730921348,21.67,72,1017,Clear,normal
3457381,Mauá,1731007748,15.48,69,1010,Rain,normal
3457381,Mauá,1731094148,24.35,54,1019,Clear,normal
3457381,Mauá,1731180548,17.37,92,1015,Clouds,normal
3457381,Mauá,1731266948,20.46,74,1016,Clouds,normal
3457381,Mauá,1731353348,20.0,68,1016,Clear,normal
3457381,Mauá,1731439748,15.91,93,1010,Thunderstorm,storm_event
3457381,Mauá,1731526148,22.51,57,1013,Clouds,normal
3457381,Mauá,1731612548,24.96,38,1011,Clouds,drought
3457381,Mauá,1731698948,20.33,67,1008,Clouds,pressure_drop
3457381,Mauá,1731785348,18.44,79,1008,Clear,pressure_drop
3457381,Mauá,1731871748,25.65,62,1014,Clouds,normal
3457381,Mauá,1731958148,21.33,61,1011,Clouds,normal
3457381,Mauá,1732044548,25.82,82,1008,Clouds,pressure_drop
3457381,Mauá,1732130948,19.54,96,1008,Clouds,pressure_drop
3457381,Mauá,1732217348,18.36,42,1010,Clear,normal
3457381,Mauá,1732303748,22.3,67,1013,Clear,normal
3457381,Mauá,1732390148,21.75,71,1008,Rain,pressure_drop
3457381,Mauá,1732476548,20.64,56,1016,Clear,normal
3457381,Mauá,1732562948,22.87,97,1013,Thunderstorm,storm_event
3457381,Mauá,1732649348,20.3,57,1015,Clouds,normal
3457381,Mauá,1732735748,23.43,73,1022,Clear,normal
3457381,Mauá,1732822148,17.3,58,1009,Clear,normal
3457381,Mauá,1732908548,16.87,97,1018,Rain,extreme_humidity
3457381,Mauá,1732994948,19.81,61,1019,Clear,normal
3457381,Mauá,1733081348,23.45,60,1012,Rain,normal
3457381,Mauá,1733167748,27.39,92,1011,Clear,normal
3457381,Mauá,1733254148,22.15,54,1014,Clear,normal
3457381,Mauá,1733340548,27.59,69,1016,Clear,normal
3457381,Mauá,1733426948,25.49,70,1012,Rain,normal
3457381,Mauá,1733513348,26.93,54,1014,Clear,normal
3457381,Mauá,1733599748,25.08,71,1016,Clouds,normal
3457381,Mauá,1733686148,27.27,92,1011,Rain,normal
3457381,Mauá,1733772548,23.55,71,1018,Clear,normal
3457381,Mauá,1733858948,31.45,71,1011,Clear,normal
3457381,Mauá,1733945348,22.53,83,1012,Rain,normal
3457381,Mauá,1734031748,25.36,92,1012,Rain,normal
3457381,Mauá,1734118148,26.89,98,1015,Drizzle,extreme_humidity
3457381,Mauá,1734204548,24.72,92,1016,Clear,normal
3457381,Mauá,1734290948,28.91,48,1012,Clear,normal
3457381,Mauá,1734377348,28.93,47,1015,Clear,normal
3457381,Mauá,1734463748,21.62,59,1017,Clear,normal
3457381,Mauá,1734550148,30.13,74,1016,Clouds,normal
3457381,Mauá,1734636548,22.99,57,1016,Clouds,normal
3457381,Mauá,1734722948,26.64,53,1016,Clear,normal
3457381,Mauá,1734809348,21.46,68,1010,Clear,normal
3457381,Mauá,1734895748,33.23,63,1008,Drizzle,pressure_drop
3457381,Mauá,1734982148,30.07,76,1016,Clear,normal
3457381,Mauá,1735068548,24.28,74,1019,Clear,normal
3457381,Mauá,1735154948,29.65,69,1020,Clear,normal
3457381,Mauá,1735241348,31.45,75,1014,Clear,normal
3457381,Mauá,1735327748,23.8,52,1015,Clear,normal
3457381,Mauá,1735414148,29.54,37,1015,Clear,drought
3457381,Mauá,1735500548,20.76,49,1013,Clear,normal
3457381,Mauá,1735586948,30.72,45,1011,Clear,normal
3457381,Mauá,1735673348,26.99,93,1013,Thunderstorm,storm_event
3457381,Mauá,1735759748,26.55,55,1018,Rain,normal
3457381,Mauá,1735846148,22.68,55,1017,Clear,normal
3457381,Mauá,1735932548,20.89,69,1018,Clouds,normal
3457381,Mauá,1736018948,27.7,79,1008,Clear,pressure_drop
3457381,Mauá,1736105348,31.09,73,1008,Drizzle,pressure_drop
3457381,Mauá,1736191748,28.47,49,1013,Clouds,normal
3457381,Mauá,1736278148,25.57,92,1019,Rain,normal
3457381,Mauá,1736364548,25.77,85,1012,Clouds,normal
3457381,Mauá,1736450948,28.3,41,1012,Clear,normal
3457381,Mauá,1736537348,26.16,46,1016,Clear,normal
3457381,Mauá,1736623748,24.36,92,1016,Rain,normal
3457381,Mauá,1736710148,24.76,68,1014,Clear,normal
3457381,Mauá,1736796548,24.88,60,1015,Clear,normal
3457381,Mauá,1736882948,29.33,48,1015,Clear,normal
3457381,Mauá,1736969348,25.9,80,1010,Clouds,normal
3457381,Mauá,1737055748,22.7,67,1010,Rain,normal
3457381,Mauá,1737142148,30.95,69,1017,Clouds,normal
3457381,Mauá,1737228548,28.38,92,1017,Rain,normal
3457381,Mauá,1737314948,26.57,57,1022,Clear,normal
3457381,Mauá,1737401348,26.14,57,1016,Clouds,normal
3457381,Mauá,1737487748,26.59,63,1012,Clouds,normal
3457381,Mauá,1737574148,25.59,69,1008,Rain,pressure_drop
3457381,Mauá,1737660548,25.9,70,1009,Rain,normal
3457381,Mauá,1737746948,31.63,91,1010,Rain,normal
3457381,Mauá,1737833348,24.66,51,1009,Clear,normal
3457381,Mauá,1737919748,27.73,57,1008,Rain,pressure_drop
3457381,Mauá,1738006148,24.03,58,1011,Clear,normal
3457381,Mauá,1738092548,24.15,66,1016,Clear,normal
3457381,Mauá,1738178948,29.41,76,1018,Drizzle,normal
3457381,Mauá,1738265348,24.85,75,1015,Clear,normal
3457381,Mauá,1738351748,23.66,94,1008,Clear,pressure_drop
3457381,Mauá,1738438148,27.16,70,1014,Clouds,normal
3457381,Mauá,1738524548,24.21,67,1010,Rain,normal
3457381,Mauá,1738610948,26.78,64,1016,Clear,normal
3457381,Mauá,1738697348,25.86,71,1016,Rain,normal
3457381,Mauá,1738783748,30.39,38,1014,Clear,drought
3457381,Mauá,1738870148,22.81,45,1014,Clear,normal
3457381,Mauá,1738956548,24.06,40,1017,Clouds,normal
3457381,Mauá,1739042948,27.74,57,1015,Clouds,normal
3457381,Mauá,1739129348,27.24,55,1011,Rain,normal
3457381,Mauá,1739215748,23.51,81,1014,Clear,normal
3457381,Mauá,1739302148,25.74,66,1017,Drizzle,normal
3457381,Mauá,1739388548,22.06,56,1009,Drizzle,normal
3457381,Mauá,1739474948,22.8,44,1015,Clear,normal
3457381,Mauá,1739561348,25.15,58,1016,Clear,normal
3457381,Mauá,1739647748,25.04,55,1014,Clear,normal
3457381,Mauá,1739734148,28.4,91,1012,Thunderstorm,storm_event
3457381,Mauá,1739820548,31.17,37,1017,Clear,drought
3457381,Mauá,1739906948,26.32,40,1017,Clouds,normal
3457381,Mauá,1739993348,20.96,89,1020,Clear,normal
3457381,Mauá,1740079748,23.42,79,1011,Rain,normal
3457381,Mauá,1740166148,26.84,93,1013,Thunderstorm,storm_event
3457381,Mauá,1740252548,25.43,63,1018,Clouds,normal
3457381,Mauá,1740338948,30.05,43,1018,Clear,normal
3457381,Mauá,1740425348,22.86,92,1022,Clear,normal
3457381,Mauá,1740511748,26.81,56,1014,Clear,normal
3457381,Mauá,1740598148,22.46,91,1015,Clouds,normal
3457381,Mauá,1740684548,23.64,66,1011,Clear,normal
3457381,Mauá,1740770948,22.66,83,1010,Clouds,normal
3457381,Mauá,1740857348,20.88,58,1013,Clear,normal
3457381,Mauá,1740943748,25.81,65,1016,Clear,normal
3457381,Mauá,1741030148,32.08,62,1016,Clear,normal
3457381,Mauá,1741116548,24.63,73,1013,Clear,normal
3457381,Mauá,1741202948,26.78,69,1011,Clear,normal
3457381,Mauá,1741289348,28.23,48,1013,Clear,normal
3457381,Mauá,1741375748,28.75,70,1015,Clear,normal
3457381,Mauá,1741462148,25.53,91,1017,Rain,normal
3457381,Mauá,1741548548,20.64,93,1010,Thunderstorm,storm_event
3457381,Mauá,1741634948,31.06,39,1011,Clear,drought
3457381,Mauá,1741721348,26.01,68,1014,Clear,normal
3457381,Mauá,1741807748,26.58,62,1015,Clear,normal
3457381,Mauá,1741894148,27.9,61,1013,Clear,normal
3457381,Mauá,1741980548,25.26,66,1018,Clear,normal
3457381,Mauá,1742066948,27.96,84,1018,Clouds,normal
3457381,Mauá,1742153348,24.56,71,1017,Rain,normal
3457381,Mauá,1742239748,32.08,72,1018,Clouds,normal
3457381,Mauá,1742326148,32.08,87,1017,Rain,normal
3457381,Mauá,1742412548,25.14,55,1009,Rain,normal
3457381,Mauá,1742498948,31.13,55,1015,Clouds,normal
3457381,Mauá,1742585348,26.8,83,1017,Clear,normal
3457381,Mauá,1742671748,28.21,53,1018,Clear,normal
3457381,Mauá,1742758148,25.16,74,1008,Rain,pressure_drop
3457381,Mauá,1742844548,25.03,76,1019,Rain,normal
3457381,Mauá,1742930948,28.49,65,1015,Rain,normal
3457381,Mauá,1743017348,26.69,72,1017,Clear,normal
3457381,Mauá,1743103748,24.64,73,1009,Clouds,normal
3457381,Mauá,1743190148,24.02,55,1014,Clouds,normal
3457381,Mauá,1743276548,28.72,92,1015,Clear,normal
3457381,Mauá,1743362948,26.4,75,1016,Clear,normal
3457381,Mauá,1743449348,29.22,78,1019,Clear,normal
3457381,Mauá,1743535748,19.64,59,1014,Clouds,normal
3457381,Mauá,1743622148,19.64,49,1016,Clouds,normal
3457381,Mauá,1743708548,16.31,56,1021,Clear,normal
3457381,Mauá,1743794948,22.71,56,1016,Clear,normal
3457381,Mauá,1743881348,19.11,59,1013,Clear,normal
3457381,Mauá,1743967748,17.59,63,1012,Clear,normal
3457381,Mauá,1744054148,24.04,62,1009,Clear,normal
3457381,Mauá,1744140548,26.8,82,1019,Clear,normal
3457381,Mauá,1744226948,22.17,68,1012,Clouds,normal
3457381,Mauá,1744313348,23.22,59,1017,Clouds,normal
3457381,Mauá,1744399748,19.59,78,1016,Clear,normal
3457381,Mauá,1744486148,20.4,69,1009,Clear,normal
3457381,Mauá,1744572548,17.76,66,1019,Clouds,normal
3457381,Mauá,1744658948,19.93,55,1012,Clear,normal
3457381,Mauá,1744745348,16.93,88,1008,Thunderstorm,storm_event
3457381,Mauá,1744831748,21.27,59,1015,Clear,normal
3457381,Mauá,1744918148,21.7,98,1009,Rain,extreme_humidity
3457381,Mauá,1745004548,21.11,62,1013,Rain,normal
3457381,Mauá,1745090948,18.45,55,1015,Clear,normal
3457381,Mauá,1745177348,23.99,72,1008,Clear,pressure_drop
3457381,Mauá,1745263748,19.71,80,1012,Clear,normal
3457381,Mauá,1745350148,21.34,69,1008,Rain,pressure_drop
3457381,Mauá,1745436548,14.01,65,1016,Clear,cold_snap
3457381,Mauá,1745522948,22.57,52,1022,Clear,normal
3457381,Mauá,1745609348,14.01,65,1020,Rain,cold_snap
3457381,Mauá,1745695748,17.94,82,1020,Clouds,normal
3457381,Mauá,1745782148,16.17,82,1014,Rain,normal
3457381,Mauá,1745868548,16.07,60,1014,Clouds,normal
3457381,Mauá,1745954948,16.0,75,1018,Clouds,normal
3457381,Mauá,1746041348,20.87,59,1013,Clear,normal
3457381,Mauá,1746127748,22.81,80,1018,Clouds,normal
3457381,Mauá,1746214148,26.53,92,1011,Rain,normal
3457381,Mauá,1746300548,21.47,88,1022,Clear,normal
3457381,Mauá,1746386948,22.31,73,1021,Clear,normal
3457381,Mauá,1746473348,19.14,93,1009,Rain,storm_event
3457381,Mauá,1746559748,19.17,70,1009,Clear,normal
3457381,Mauá,1746646148,23.21,86,1017,Clouds,normal
3457381,Mauá,1746732548,19.73,69,1009,Clear,normal
3457381,Mauá,1746818948,22.45,71,1009,Clear,normal
3457381,Mauá,1746905348,20.7,57,1017,Clear,normal
3457381,Mauá,1746991748,22.63,93,1009,Rain,storm_event
3457381,Mauá,1747078148,28.25,64,1008,Clouds,pressure_drop
3457381,Mauá,1747164548,24.15,63,1014,Rain,normal
3457381,Mauá,1747250948,21.03,91,1012,Clouds,normal
3457381,Mauá,1747337348,22.31,68,1009,Rain,normal
3457381,Mauá,1747423748,24.42,67,1015,Clear,normal
3457381,Mauá,1747510148,18.68,87,1013,Clouds,normal
3457381,Mauá,1747596548,24.94,67,1014,Clear,normal
3457381,Mauá,1747682948,23.11,62,1017,Clear,normal
3457381,Mauá,1747769348,22.11,75,1016,Clouds,normal
3457381,Mauá,1747855748,21.04,59,1017,Rain,normal
3457381,Mauá,1747942148,18.05,69,1014,Clear,normal
3457381,Mauá,1748028548,24.62,80,1021,Clear,normal
3457381,Mauá,1748114948,21.12,60,1015,Clear,normal
3457381,Mauá,1748201348,21.4,67,1014,Clear,normal
3457381,Mauá,1748287748,20.98,55,1017,Rain,normal
3457381,Mauá,1748374148,20.83,77,1015,Clear,normal
3457381,Mauá,1748460548,19.53,59,1013,Clear,normal
3457381,Mauá,1748546948,16.82,68,1008,Rain,pressure_drop
3457381,Mauá,1748633348,24.33,49,1012,Clear,normal
3457381,Mauá,1748719748,21.31,67,1016,Clear,normal
3457381,Mauá,1748806148,17.39,96,1008,Clear,pressure_drop
3457381,Mauá,1748892548,13.09,92,1017,Clear,normal
3457381,Mauá,1748978948,18.34,84,1014,Rain,normal
3457381,Mauá,1749065348,15.85,56,1009,Clear,normal
3457381,Mauá,1749151748,20.43,75,1009,Drizzle,normal
3457381,Mauá,1749238148,15.12,94,1008,Clouds,pressure_drop
3457381,Mauá,1749324548,19.94,50,1014,Clear,normal
3457381,Mauá,1749410948,14.23,68,1018,Clear,normal
3457381,Mauá,1749497348,15.88,40,1013,Clouds,normal
3457381,Mauá,1749583748,18.65,98,1012,Clouds,extreme_humidity
3457381,Mauá,1749670148,16.18,51,1017,Clear,normal
3457381,Mauá,1749756548,15.07,55,1019,Drizzle,normal
3457381,Mauá,1749842948,12.63,94,1011,Thunderstorm,storm_event
3457381,Mauá,1749929348,19.14,71,1013,Clouds,normal
3457381,Mauá,1750015748,17.98,78,1011,Clouds,normal
3457381,Mauá,1750102148,17.18,85,1018,Clear,normal
3457381,Mauá,1750188548,16.91,88,1019,Drizzle,normal
3457381,Mauá,1750274948,19.01,71,1020,Rain,normal
3457381,Mauá,1750361348,16.16,59,1016,Clear,normal
3457381,Mauá,1750447748,21.98,49,1012,Clouds,normal
3457381,Mauá,1750534148,17.7,84,1017,Clear,normal
3457381,Mauá,1750620548,15.08,79,1014,Clear,normal
3457381,Mauá,1750706948,20.02,44,1022,Clear,normal
3457381,Mauá,1750793348,13.09,59,1015,Clouds,normal
3457381,Mauá,1750879748,17.5,50,1008,Clouds,pressure_drop
3457381,Mauá,1750966148,18.85,53,1022,Clouds,normal
3457381,Mauá,1751052548,17.7,78,1009,Clear,normal
3457381,Mauá,1751138948,21.74,64,1015,Clouds,normal
3457381,Mauá,1751225348,20.93,78,1010,Rain,normal
3457381,Mauá,1751311748,15.05,72,1010,Rain,normal
3457381,Mauá,1751398148,12.12,87,1019,Clouds,normal
3457381,Mauá,1751484548,17.11,73,1020,Clear,normal
3457381,Mauá,1751570948,18.61,65,1018,Rain,normal
3457381,Mauá,1751657348,12.93,44,1015,Clear,normal
3457381,Mauá,1751743748,18.13,76,1018,Clear,normal
3457381,Mauá,1751830148,18.32,60,1015,Clear,normal
3457381,Mauá,1751916548,15.43,68,1015,Clouds,normal
3457381,Mauá,1752002948,16.44,71,1012,Clear,normal
3457381,Mauá,1752089348,15.56,72,1013,Clear,normal
3457381,Mauá,1752175748,20.85,84,1019,Clouds,normal
3457381,Mauá,1752262148,21.3,81,1008,Clear,pressure_drop
3457381,Mauá,1752348548,14.63,80,1011,Clouds,normal
3457381,Mauá,1752434948,18.66,59,1015,Clear,normal
3457381,Mauá,1752521348,19.66,65,1009,Rain,normal
3457381,Mauá,1752607748,18.7,87,1011,Clear,normal
3457381,Mauá,1752694148,21.47,64,1014,Clear,normal
3457381,Mauá,1752780548,14.02,95,1011,Thunderstorm,storm_event
3457381,Mauá,1752866948,16.06,58,1012,Clear,normal
3457381,Mauá,1752953348,15.78,64,1015,Clear,normal
3457381,Mauá,1753039748,17.88,72,1018,Rain,normal
3457381,Mauá,1753126148,15.13,85,1015,Clouds,normal
3457381,Mauá,1753212548,19.34,58,1019,Clear,normal
3457381,Mauá,1753298948,15.88,86,1016,Clouds,normal
3457381,Mauá,1753385348,14.55,74,1016,Clear,normal
3457381,Mauá,1753471748,21.47,88,1018,Clear,normal
3457381,Mauá,1753558148,14.53,62,1011,Clear,normal
3457381,Mauá,1753644548,14.58,68,1012,Clear,normal
3457381,Mauá,1753730948,16.41,52,1021,Clouds,normal
3457381,Mauá,1753817348,12.12,67,1012,Clouds,normal
3457381,Mauá,1753903748,21.31,64,1012,Clear,normal
3457381,Mauá,1753990148,15.91,71,1013,Clouds,normal
3457381,Mauá,1754076548,18.67,67,1012,Clouds,normal
3457381,Mauá,1754162948,17.0,78,1014,Clear,normal
3457381,Mauá,1754249348,16.29,89,1012,Rain,normal
3457381,Mauá,1754335748,14.27,55,1016,Clouds,normal
3457381,Mauá,1754422148,18.57,74,1016,Drizzle,normal
3457381,Mauá,1754508548,19.86,68,1014,Clouds,normal
3457381,Mauá,1754594948,16.0,59,1016,Clouds,normal
3457381,Mauá,1754681348,13.67,70,1010,Clear,normal
3457381,Mauá,1754767748,16.16,74,1010,Clear,normal
3457381,Mauá,1754854148,17.49,77,1015,Rain,normal
3457381,Mauá,1754940548,15.43,80,1009,Clouds,normal
3457381,Mauá,1755026948,17.05,89,1016,Clouds,normal
3457381,Mauá,1755113348,17.69,92,1012,Rain,normal
3457381,Mauá,1755199748,18.36,74,1015,Clear,normal
3457381,Mauá,1755286148,17.24,73,1018,Clear,normal
3457381,Mauá,1755372548,12.74,71,1010,Rain,normal
3457381,Mauá,1755458948,12.48,77,1019,Clear,normal
3457381,Mauá,1755545348,17.46,92,1019,Rain,normal
3457381,Mauá,1755631748,19.77,65,1014,Rain,normal
3457381,Mauá,1755718148,16.51,94,1013,Thunderstorm,storm_event
3457381,Mauá,1755804548,12.48,56,1021,Clear,normal
3457381,Mauá,1755890948,12.83,78,1016,Rain,normal
3457381,Mauá,1755977348,19.45,61,1018,Clouds,normal
3457381,Mauá,1756063748,16.51,65,1015,Clear,normal
3457381,Mauá,1756150148,16.14,92,1014,Drizzle,normal
3457381,Mauá,1756236548,18.95,84,1017,Clear,normal
3457381,Mauá,1756322948,15.23,93,1009,Rain,storm_event
3457381,Mauá,1756409348,19.56,77,1014,Rain,normal
3457381,Mauá,1756495748,18.1,84,1020,Clear,normal
3457381,Mauá,1756582148,18.74,79,1019,Clear,normal
3457381,Mauá,1756668548,14.28,53,1020,Clear,normal
3457381,Mauá,1756754948,20.25,93,1009,Rain,storm_event
3457381,Mauá,1756841348,15.45,48,1015,Clouds,normal
3457381,Mauá,1756927748,24.5,67,1019,Clear,normal
3457381,Mauá,1757014148,20.76,51,1018,Clear,normal
3457381,Mauá,1757100548,26.14,88,1012,Rain,normal
3457381,Mauá,1757186948,24.78,39,1011,Clouds,drought
3457381,Mauá,1757273348,17.55,57,1020,Clouds,normal
3457381,Mauá,1757359748,23.53,85,1012,Clouds,normal
3457381,Mauá,1757446148,17.93,40,1010,Clouds,normal
3457381,Mauá,1757532548,21.27,68,1012,Clouds,normal
3457381,Mauá,1757618948,11.92,61,1015,Clear,cold_snap
3457381,Mauá,1757705348,20.86,76,1010,Clear,normal
3457381,Mauá,1757791748,15.42,97,1017,Drizzle,extreme_humidity
3457381,Mauá,1757878148,21.4,92,1018,Clouds,normal
3457381,Mauá,1757964548,25.19,68,1008,Rain,pressure_drop
3457381,Mauá,1758050948,15.46,90,1013,Thunderstorm,storm_event
3457381,Mauá,1758137348,22.58,69,1014,Rain,normal
3457381,Mauá,1758223748,20.74,88,1018,Clouds,normal
3457381,Mauá,1758310148,11.92,65,1018,Clear,cold_snap
3457381,Mauá,1758396548,17.83,55,1013,Rain,normal
3457381,Mauá,1758482948,18.62,66,1015,Clear,normal
3457381,Mauá,1758569348,17.96,41,1020,Clouds,normal
3457381,Mauá,1758655748,23.11,79,1018,Clouds,normal
3457381,Mauá,1758742148,18.95,40,1011,Clear,normal
3457381,Mauá,1758828548,18.8,48,1015,Clouds,normal
3457381,Mauá,1758914948,20.64,58,1019,Drizzle,normal
3457381,Mauá,1759001348,20.05,67,1020,Clouds,normal
3457381,Mauá,1759087748,19.86,64,1022,Clouds,normal
3457381,Mauá,1759174148,17.08,51,1015,Clouds,normal
3457381,Mauá,1759260548,18.78,73,1021,Rain,normal
3457381,Mauá,1759346948,26.61,55,1012,Clouds,normal
3457381,Mauá,1759433348,20.49,55,1013,Rain,normal
3457381,Mauá,1759519748,22.46,68,1010,Clouds,normal
3457381,Mauá,1759606148,17.57,90,1013,Thunderstorm,storm_event
3457381,Mauá,1759692548,24.94,37,1016,Clouds,drought
3457381,Mauá,1759778948,20.18,77,1008,Clouds,pressure_drop
3457381,Mauá,1759865348,19.21,88,1012,Thunderstorm,storm_event
3457381,Mauá,1759951748,24.73,37,1017,Clear,drought
3457381,Mauá,1760038148,17.05,75,1014,Clear,normal
3457381,Mauá,1760124548,26.95,37,1012,Clouds,drought
3457381,Mauá,1760210948,26.17,70,1022,Clouds,normal
3457381,Mauá,1760297348,23.31,52,1014,Clouds,normal
3457381,Mauá,1760383748,23.41,64,1016,Clear,normal
3457381,Mauá,1760470148,20.25,98,1012,Drizzle,extreme_humidity
3457381,Mauá,1760556548,24.59,60,1016,Clouds,normal
3457381,Mauá,1760642948,24.54,40,1016,Clear,normal
3457381,Mauá,1760729348,22.83,67,1010,Rain,normal
3457381,Mauá,1760815748,21.56,67,1019,Clouds,normal
3457381,Mauá,1760902148,24.41,64,1019,Clear,normal
3457381,Mauá,1760988548,20.13,59,1011,Rain,normal
3457381,Mauá,1761074948,19.61,66,1016,Rain,normal
3457381,Mauá,1761161348,21.58,84,1008,Clouds,pressure_drop
3457381,Mauá,1761247748,26.61,88,1017,Clear,normal
3457381,Mauá,1761334148,24.02,48,1014,Clouds,normal
3457381,Mauá,1761420548,23.67,64,1020,Clear,normal
3457381,Mauá,1761506948,21.7,93,1009,Rain,storm_event
3457381,Mauá,1761593348,25.14,84,1013,Clear,normal
3457381,Mauá,1761679748,18.3,88,1009,Thunderstorm,storm_event
3457381,Mauá,1761766148,19.69,68,1009,Rain,normal
3457381,Mauá,1761852548,25.05,49,1013,Clear,normal
3457381,Mauá,1761938948,23.9,80,1013,Clouds,normal
3457381,Mauá,1762025348,15.41,80,1010,Clear,normal
3457381,Mauá,1762111748,17.94,92,1008,Thunderstorm,storm_event
3457381,Mauá,1762198148,13.15,92,1011,Thunderstorm,storm_event
3457381,Mauá,1762284548,24.4,88,1014,Clouds,normal
3457381,Mauá,1762370948,11.6,75,1017,Clear,cold_snap
3457381,Mauá,1762457348,21.85,66,1014,Clear,normal
3457381,Mauá,1762543748,22.29,92,1015,Rain,normal
3457381,Mauá,1762630148,21.12,85,1017,Clouds,normal
3457381,Mauá,1762716548,18.56,56,1013,Clear,normal
3457381,Mauá,1762802948,16.54,74,1015,Clouds,normal
3457381,Mauá,1762889348,21.77,44,1012,Clear,normal
3457381,Mauá,1762975748,20.81,44,1011,Clear,normal
3457381,Mauá,1763062148,23.97,70,1017,Clear,normal
3457381,Mauá,1763148548,20.67,74,1013,Clear,normal
3457381,Mauá,1763234948,16.01,64,1016,Rain,normal
3457381,Mauá,1763321348,15.25,81,1014,Clouds,normal
3457381,Mauá,1763407748,17.41,97,1012,Rain,extreme_humidity
3457381,Mauá,1763494148,22.82,54,1014,Clouds,normal
3457381,Mauá,1763580548,11.6,60,1017,Clear,cold_snap
3457381,Mauá,1763666948,22.36,51,1013,Clouds,normal
3457381,Mauá,1763753348,18.94,89,1012,Thunderstorm,storm_event
3457381,Mauá,1763839748,24.55,69,1009,Clear,normal
3457381,Mauá,1763926148,22.24,97,1008,Rain,storm_event
3457381,Mauá,1764012548,27.27,38,1014,Clear,drought
3457381,Mauá,1764098948,19.86,74,1015,Clouds,normal
3457381,Mauá,1764185348,17.34,72,1009,Clouds,normal
3457381,Mauá,1764271748,21.28,74,1009,Clear,normal
3457381,Mauá,1764358148,19.08,77,1011,Clear,normal
3457381,Mauá,1764444548,19.84,51,1013,Clouds,normal
3457381,Mauá,1764530948,16.97,82,1016,Clear,normal
3457381,Mauá,1764617348,29.75,74,1012,Clouds,normal
3457381,Mauá,1764703748,22.89,59,1015,Clear,normal
3457381,Mauá,1764790148,21.0,52,1015,Clouds,normal
3457381,Mauá,1764876548,29.32,86,1012,Clear,normal
3457381,Mauá,1764962948,30.62,65,1014,Clear,normal
3457381,Mauá,1765049348,25.32,86,1013,Clouds,normal
3457381,Mauá,1765135748,28.36,78,1014,Rain,normal
3457381,Mauá,1765222148,23.87,77,1016,Clear,normal
3457381,Mauá,1765308548,31.96,36,1014,Clouds,drought
3457381,Mauá,1765394948,26.34,78,1010,Clear,normal
3457381,Mauá,1765481348,26.3,75,1022,Clouds,normal
3457381,Mauá,1765567748,22.61,70,1016,Clear,normal
3457381,Mauá,1765654148,24.57,54,1010,Clear,normal
3457381,Mauá,1765740548,24.92,65,1021,Clear,normal
3457381,Mauá,1765826948,27.06,56,1016,Clear,normal
3457381,Mauá,1765913348,22.85,82,1018,Clouds,normal
3457381,Mauá,1765999748,30.21,78,1019,Clear,normal
3457381,Mauá,1766086148,28.82,55,1012,Clouds,normal
3457381,Mauá,1766172548,23.01,60,1009,Clear,normal
3457381,Mauá,1766258948,25.96,93,1009,Rain,storm_event
3457381,Mauá,1766345348,23.23,55,1018,Clouds,normal
3457381,Mauá,1766431748,29.69,42,1019,Clear,normal
3457381,Mauá,1766518148,21.27,83,1016,Clear,normal
3457381,Mauá,1766604548,26.41,73,1018,Clear,normal
3457381,Mauá,1766690948,21.81,57,1015,Clear,normal
3457381,Mauá,1766777348,23.93,50,1008,Drizzle,pressure_drop
3457381,Mauá,1766863748,22.2,92,1013,Rain,normal
3457381,Mauá,1766950148,31.45,40,1017,Clouds,normal
3457381,Mauá,1767036548,29.28,38,1013,Clear,drought
3457381,Mauá,1767122948,29.56,66,1010,Clear,normal
3457381,Mauá,1767209348,28.22,50,1008,Clear,pressure_drop
3457381,Mauá,1767295748,26.49,64,1020,Clear,normal
3457381,Mauá,1767382148,24.67,68,1022,Clear,normal
3457381,Mauá,1767468548,25.14,65,1017,Clear,normal
3457381,Mauá,1767554948,24.8,72,1020,Rain,normal
3457381,Mauá,1767641348,28.75,66,1016,Clear,normal
3457381,Mauá,1767727748,20.89,40,1016,Clear,normal
3457381,Mauá,1767814148,25.66,95,1009,Rain,storm_event
3457381,Mauá,1767900548,28.47,72,1012,Clear,normal
3457381,Mauá,1767986948,27.94,64,1015,Clear,normal
3457381,Mauá,1768073348,24.11,82,1017,Clear,normal
3457381,Mauá,1768159748,30.64,47,1014,Clouds,normal
3457381,Mauá,1768246148,29.65,37,1012,Clear,drought
3457381,Mauá,1768332548,24.36,78,1014,Rain,normal
3457381,Mauá,1768418948,29.32,63,1009,Rain,normal
3457381,Mauá,1768505348,29.84,40,1018,Clouds,normal
3457381,Mauá,1768591748,26.18,48,1018,Clear,normal
3457381,Mauá,1768678148,29.07,61,1015,Clouds,normal
3457381,Mauá,1768764548,28.98,84,1014,Rain,normal
3457381,Mauá,1768850948,28.32,49,1020,Clear,normal
3457381,Mauá,1768937348,29.02,56,1022,Clouds,normal
3457381,Mauá,1769023748,27.49,83,1014,Clear,normal
3457381,Mauá,1769110148,28.54,61,1020,Rain,normal
3457381,Mauá,1769196548,26.77,80,1016,Clouds,normal
3457381,Mauá,1769282948,21.92,80,1017,Clouds,normal
3457381,Mauá,1769369348,25.99,83,1014,Rain,normal
3457381,Mauá,1769455748,23.49,65,1018,Clear,normal
3457381,Mauá,1769542148,29.23,36,1016,Clear,drought
3457381,Mauá,1769628548,21.06,67,1008,Clear,pressure_drop
3457381,Mauá,1769714948,23.9,40,1015,Clear,normal
3457381,Mauá,1769801348,29.18,49,1016,Clear,normal
3457381,Mauá,1769887748,24.61,82,1018,Rain,normal
3457381,Mauá,1769974148,28.62,65,1019,Drizzle,normal
3457381,Mauá,1770060548,27.15,92,1016,Rain,normal
3457381,Mauá,1770146948,28.25,79,1014,Clouds,normal
3457381,Mauá,1770233348,21.25,96,1013,Thunderstorm,storm_event
3457381,Mauá,1770319748,25.41,92,1013,Clouds,normal
3457381,Mauá,1770406148,22.78,49,1011,Clouds,normal
3457381,Mauá,1770492548,23.49,89,1011,Rain,normal
3457381,Mauá,1770578948,21.61,66,1017,Clear,normal
3457381,Mauá,1770665348,23.27,51,1018,Clouds,normal
3457381,Mauá,1770751748,21.79,59,1008,Rain,pressure_drop
3457381,Mauá,1770838148,23.13,69,1012,Clear,normal
3457381,Mauá,1770924548,26.22,79,1009,Clouds,normal
3457381,Mauá,1771010948,28.94,52,1011,Clear,normal
3457381,Mauá,1771097348,26.3,61,1017,Clouds,normal
3457381,Mauá,1771183748,29.08,63,1015,Clouds,normal
3457381,Mauá,1771270148,25.73,97,1012,Clouds,extreme_humidity
3457381,Mauá,1771356548,26.79,54,1014,Clouds,normal
3457381,Mauá,1771442948,24.74,65,1012,Clouds,normal
3457381,Mauá,1771529348,23.05,77,1017,Clear,normal
3457381,Mauá,1771615748,27.05,41,1019,Clouds,normal
3457381,Mauá,1771702148,21.22,73,1018,Clouds,normal
3457381,Mauá,1771788548,20.96,59,1014,Clear,normal
3457381,Mauá,1771874948,25.46,57,1014,Clouds,normal
3457381,Mauá,1771961348,22.96,93,1009,Rain,storm_event
3457381,Mauá,1772047748,20.96,73,1017,Clear,normal
3457381,Mauá,1772134148,24.57,62,1018,Clouds,normal
3457381,Mauá,1772220548,27.85,41,1016,Clear,normal
3457381,Mauá,1772306948,28.21,55,1010,Rain,normal
3457381,Mauá,1772393348,27.24,55,1013,Rain,normal
3457381,Mauá,1772479748,26.7,49,1014,Clear,normal
3457381,Mauá,1772566148,25.99,73,1014,Clear,normal
3457381,Mauá,1772652548,23.15,98,1016,Rain,extreme_humidity
3457381,Mauá,1772738948,26.95,92,1018,Clear,normal
3457381,Mauá,1772825348,27.22,69,1012,Clear,normal
3457381,Mauá,1772911748,28.16,96,1013,Thunderstorm,storm_event
3457381,Mauá,1772998148,30.21,96,1008,Thunderstorm,storm_event
3457381,Mauá,1773084548,25.24,80,1013,Clouds,normal
3457381,Mauá,1773170948,25.77,53,1009,Clear,normal
3457381,Mauá,1773257348,28.11,66,1014,Rain,normal
3457381,Mauá,1773343748,29.48,50,1016,Clear,normal
3457381,Mauá,1773430148,32.08,78,1013,Clear,normal
3457381,Mauá,1773516548,32.08,66,1017,Clear,normal
3457381,Mauá,1773602948,29.71,86,1015,Clear,normal
3457381,Mauá,1773689348,25.19,46,1015,Clouds,normal
3457381,Mauá,1773775748,24.04,55,1015,Rain,normal
3457381,Mauá,1773862148,23.52,76,1014,Clear,normal
3457381,Mauá,1773948548,23.57,92,1018,Rain,normal
3457381,Mauá,1774034948,28.82,56,1013,Clear,normal
3457381,Mauá,1774121348,24.47,89,1013,Thunderstorm,storm_event
3457381,Mauá,1774207748,26.37,88,1021,Clear,normal
3457381,Mauá,1774294148,29.96,58,1013,Clouds,normal
3457381,Mauá,1774380548,24.94,78,1015,Clouds,normal
3457381,Mauá,1774466948,32.08,81,1012,Rain,normal
3457381,Mauá,1774553348,27.79,80,1016,Clear,normal
3457381,Mauá,1774639748,25.7,96,1011,Thunderstorm,storm_event
3457381,Mauá,1774726148,26.08,47,1009,Clear,normal
3457381,Mauá,1774812548,23.99,98,1013,Clouds,extreme_humidity
3457381,Mauá,1774898948,23.75,57,1018,Clear,normal
3457381,Mauá,1774985348,28.37,81,1016,Clouds,normal
3457381,Mauá,1775071748,21.44,87,1018,Clear,normal
3457381,Mauá,1775158148,18.7,77,1009,Rain,normal
3457381,Mauá,1775244548,20.01,57,1012,Rain,normal
3457381,Mauá,1775330948,14.01,54,1015,Clouds,cold_snap
3457381,Mauá,1775417348,16.61,55,1008,Clear,pressure_drop
3457381,Mauá,1775503748,20.98,66,1011,Clear,normal
3457381,Mauá,1775590148,17.31,65,1018,Clear,normal
3457381,Mauá,1775676548,22.68,40,1009,Clouds,normal
3457381,Mauá,1775762948,24.41,63,1022,Clear,normal
3457381,Mauá,1775849348,19.44,68,1016,Clouds,normal
3457381,Mauá,1775935748,18.35,76,1015,Clouds,normal
3457381,Mauá,1776022148,22.84,64,1014,Clear,normal
3457381,Mauá,1776108548,18.08,59,1008,Clouds,pressure_drop
3457381,Mauá,1776194948,21.49,40,1018,Clear,normal
3457381,Mauá,1776281348,14.01,75,1018,Rain,cold_snap
3457381,Mauá,1776367748,25.92,87,1012,Clouds,normal
3457381,Mauá,1776454148,20.08,40,1016,Clear,normal
3457381,Mauá,1776540548,20.47,98,1017,Clouds,extreme_humidity
3457381,Mauá,1776626948,26.63,54,1012,Clouds,normal
3457381,Mauá,1776713348,19.54,74,1011,Rain,normal
3457381,Mauá,1776799748,21.88,49,1017,Clear,normal
3457381,Mauá,1776886148,21.38,56,1016,Clouds,normal
3457381,Mauá,1776972548,20.07,98,1019,Drizzle,extreme_humidity
3457381,Mauá,1777058948,16.0,64,1009,Rain,normal
3457381,Mauá,1777145348,18.8,50,1018,Clear,normal
3457381,Mauá,1777231748,24.5,67,1018,Clouds,normal
3457381,Mauá,1777318148,21.46,96,1010,Thunderstorm,storm_event
3457381,Mauá,1777404548,20.67,72,1008,Rain,pressure_drop
3457381,Mauá,1777490948,21.62,93,1009,Rain,storm_event
3457381,Mauá,1777577348,22.12,49,1009,Clouds,normal
3457381,Mauá,1777663748,20.88,86,1017,Clear,normal
3457381,Mauá,1777750148,16.25,57,1014,Clouds,normal
3457381,Mauá,1777836548,22.26,92,1012,Thunderstorm,storm_event
3457381,Mauá,1777922948,20.55,79,1015,Rain,normal
3457381,Mauá,1778009348,23.41,52,1009,Clouds,normal
3457381,Mauá,1778095748,20.76,47,1010,Clouds,normal
3457381,Mauá,1778182148,21.08,65,1009,Clouds,normal
3457381,Mauá,1778268548,20.87,70,1009,Rain,normal
3457381,Mauá,1778354948,19.7,42,1012,Clouds,normal
3457381,Mauá,1778441348,20.43,75,1014,Clouds,normal
3457381,Mauá,1778527748,19.65,92,1014,Rain,normal
3457381,Mauá,1778614148,24.34,40,1015,Clouds,normal
3457381,Mauá,1778700548,19.34,72,1013,Drizzle,normal
3450410,São José do Rio Preto,1715714948,21.12,62,1015,Clouds,normal
3450410,São José do Rio Preto,1715801348,22.28,96,1008,Clouds,pressure_drop
3450410,São José do Rio Preto,1715887748,20.86,91,1009,Clear,normal
3450410,São José do Rio Preto,1715974148,20.76,73,1009,Clouds,normal
3450410,São José do Rio Preto,1716060548,19.93,75,1016,Clouds,normal
3450410,São José do Rio Preto,1716146948,22.68,58,1008,Rain,pressure_drop
3450410,São José do Rio Preto,1716233348,18.84,66,1011,Clouds,normal
3450410,São José do Rio Preto,1716319748,21.81,89,1019,Rain,normal
3450410,São José do Rio Preto,1716406148,24.38,67,1008,Rain,pressure_drop
3450410,São José do Rio Preto,1716492548,26.49,59,1008,Rain,pressure_drop
3450410,São José do Rio Preto,1716578948,16.07,78,1012,Clouds,normal
3450410,São José do Rio Preto,1716665348,16.11,95,1008,Clouds,pressure_drop
3450410,São José do Rio Preto,1716751748,24.07,74,1014,Clear,normal
3450410,São José do Rio Preto,1716838148,20.14,70,1020,Clear,normal
3450410,São José do Rio Preto,1716924548,23.67,66,1019,Rain,normal
3450410,São José do Rio Preto,1717010948,20.93,67,1021,Clouds,normal
3450410,São José do Rio Preto,1717097348,18.44,50,1014,Clouds,normal
3450410,São José do Rio Preto,1717183748,18.6,61,1013,Clouds,normal
3450410,São José do Rio Preto,1717270148,15.97,40,1009,Clouds,normal
3450410,São José do Rio Preto,1717356548,16.38,55,1022,Drizzle,normal
3450410,São José do Rio Preto,1717442948,18.61,59,1010,Clouds,normal
3450410,São José do Rio Preto,1717529348,12.88,67,1016,Clouds,normal
3450410,São José do Rio Preto,1717615748,23.07,92,1011,Rain,normal
3450410,São José do Rio Preto,1717702148,14.85,59,1008,Clouds,pressure_drop
3450410,São José do Rio Preto,1717788548,23.07,87,1018,Clouds,normal
3450410,São José do Rio Preto,1717874948,15.17,40,1019,Clouds,normal
3450410,São José do Rio Preto,1717961348,19.48,58,1020,Clear,normal
3450410,São José do Rio Preto,1718047748,21.07,40,1016,Clouds,normal
3450410,São José do Rio Preto,1718134148,19.41,78,1015,Clear,normal
3450410,São José do Rio Preto,1718220548,21.79,53,1012,Clear,normal
3450410,São José do Rio Preto,1718306948,16.09,94,1013,Thunderstorm,storm_event
3450410,São José do Rio Preto,1718393348,20.3,40,1018,Clear,normal
3450410,São José do Rio Preto,1718479748,19.17,64,1018,Clear,normal
3450410,São José do Rio Preto,1718566148,19.4,72,1021,Clouds,normal
3450410,São José do Rio Preto,1718652548,15.8,83,1014,Clear,normal
3450410,São José do Rio Preto,1718738948,18.27,87,1021,Rain,normal
3450410,São José do Rio Preto,1718825348,18.42,85,1016,Clouds,normal
3450410,São José do Rio Preto,1718911748,23.07,54,1012,Clear,normal
3450410,São José do Rio Preto,1718998148,21.42,86,1016,Clear,normal
3450410,São José do Rio Preto,1719084548,17.96,59,1011,Clear,normal
3450410,São José do Rio Preto,1719170948,12.25,95,1009,Rain,storm_event
3450410,São José do Rio Preto,1719257348,22.54,57,1018,Clear,normal
3450410,São José do Rio Preto,1719343748,19.07,55,1010,Rain,normal
3450410,São José do Rio Preto,1719430148,19.45,88,1008,Drizzle,pressure_drop
3450410,São José do Rio Preto,1719516548,17.7,69,1008,Rain,pressure_drop
3450410,São José do Rio Preto,1719602948,17.93,86,1009,Rain,normal
3450410,São José do Rio Preto,1719689348,19.25,83,1020,Clouds,normal
3450410,São José do Rio Preto,1719775748,18.76,55,1010,Clouds,normal
3450410,São José do Rio Preto,1719862148,16.42,63,1012,Clouds,normal
3450410,São José do Rio Preto,1719948548,22.67,43,1018,Clouds,normal
3450410,São José do Rio Preto,1720034948,16.02,55,1014,Rain,normal
3450410,São José do Rio Preto,1720121348,22.29,49,1018,Clouds,normal
3450410,São José do Rio Preto,1720207748,11.89,63,1014,Rain,normal
3450410,São José do Rio Preto,1720294148,20.24,73,1008,Drizzle,pressure_drop
3450410,São José do Rio Preto,1720380548,16.09,74,1018,Clear,normal
3450410,São José do Rio Preto,1720466948,19.84,69,1014,Clear,normal
3450410,São José do Rio Preto,1720553348,15.08,83,1009,Clear,normal
3450410,São José do Rio Preto,1720639748,17.18,74,1016,Clear,normal
3450410,São José do Rio Preto,1720726148,17.5,57,1014,Clouds,normal
3450410,São José do Rio Preto,1720812548,13.44,80,1008,Rain,pressure_drop
3450410,São José do Rio Preto,1720898948,21.95,70,1010,Clear,normal
3450410,São José do Rio Preto,1720985348,11.89,67,1020,Clear,normal
3450410,São José do Rio Preto,1721071748,13.09,58,1017,Clear,normal
3450410,São José do Rio Preto,1721158148,20.28,94,1011,Thunderstorm,storm_event
3450410,São José do Rio Preto,1721244548,17.78,68,1008,Rain,pressure_drop
3450410,São José do Rio Preto,1721330948,12.83,90,1017,Rain,normal
3450410,São José do Rio Preto,1721417348,14.49,86,1012,Rain,normal
3450410,São José do Rio Preto,1721503748,17.48,74,1015,Clear,normal
3450410,São José do Rio Preto,1721590148,18.22,70,1013,Clear,normal
3450410,São José do Rio Preto,1721676548,15.69,96,1008,Clear,pressure_drop
3450410,São José do Rio Preto,1721762948,15.31,92,1017,Rain,normal
3450410,São José do Rio Preto,1721849348,16.05,67,1015,Clear,normal
3450410,São José do Rio Preto,1721935748,24.31,66,1008,Rain,pressure_drop
3450410,São José do Rio Preto,1722022148,20.27,64,1008,Clouds,pressure_drop
3450410,São José do Rio Preto,1722108548,24.21,93,1008,Clouds,pressure_drop
3450410,São José do Rio Preto,1722194948,16.45,40,1011,Clear,normal
3450410,São José do Rio Preto,1722281348,13.88,45,1014,Clouds,normal
3450410,São José do Rio Preto,1722367748,16.57,80,1016,Clear,normal
3450410,São José do Rio Preto,1722454148,22.67,92,1017,Clouds,normal
3450410,São José do Rio Preto,1722540548,17.09,92,1011,Clear,normal
3450410,São José do Rio Preto,1722626948,16.48,73,1011,Clouds,normal
3450410,São José do Rio Preto,1722713348,19.16,92,1010,Thunderstorm,storm_event
3450410,São José do Rio Preto,1722799748,13.81,98,1014,Drizzle,extreme_humidity
3450410,São José do Rio Preto,1722886148,17.43,77,1019,Rain,normal
3450410,São José do Rio Preto,1722972548,12.83,52,1019,Clouds,normal
3450410,São José do Rio Preto,1723058948,16.06,85,1022,Clear,normal
3450410,São José do Rio Preto,1723145348,16.57,69,1013,Clouds,normal
3450410,São José do Rio Preto,1723231748,16.0,83,1014,Clear,normal
3450410,São José do Rio Preto,1723318148,16.62,64,1019,Clouds,normal
3450410,São José do Rio Preto,1723404548,16.59,70,1020,Clear,normal
3450410,São José do Rio Preto,1723490948,20.23,66,1019,Clouds,normal
3450410,São José do Rio Preto,1723577348,19.26,84,1011,Clouds,normal
3450410,São José do Rio Preto,1723663748,19.46,86,1019,Clear,normal
3450410,São José do Rio Preto,1723750148,21.0,59,1009,Clear,normal
3450410,São José do Rio Preto,1723836548,20.09,53,1009,Clouds,normal
3450410,São José do Rio Preto,1723922948,17.39,98,1009,Rain,extreme_humidity
3450410,São José do Rio Preto,1724009348,16.06,69,1009,Drizzle,normal
3450410,São José do Rio Preto,1724095748,16.92,75,1017,Clouds,normal
3450410,São José do Rio Preto,1724182148,14.15,76,1017,Clear,normal
3450410,São José do Rio Preto,1724268548,23.54,70,1008,Rain,pressure_drop
3450410,São José do Rio Preto,1724354948,18.23,92,1012,Drizzle,normal
3450410,São José do Rio Preto,1724441348,19.9,74,1008,Clear,pressure_drop
3450410,São José do Rio Preto,1724527748,15.43,96,1008,Clear,pressure_drop
3450410,São José do Rio Preto,1724614148,18.37,71,1020,Clouds,normal
3450410,São José do Rio Preto,1724700548,18.05,58,1013,Clear,normal
3450410,São José do Rio Preto,1724786948,14.38,44,1016,Clear,normal
3450410,São José do Rio Preto,1724873348,16.13,81,1016,Clear,normal
3450410,São José do Rio Preto,1724959748,21.89,85,1022,Clear,normal
3450410,São José do Rio Preto,1725046148,17.59,50,1013,Clouds,normal
3450410,São José do Rio Preto,1725132548,21.89,59,1014,Clear,normal
3450410,São José do Rio Preto,1725218948,22.39,55,1017,Clouds,normal
3450410,São José do Rio Preto,1725305348,20.59,55,1011,Rain,normal
3450410,São José do Rio Preto,1725391748,13.54,74,1022,Clouds,cold_snap
3450410,São José do Rio Preto,1725478148,18.57,68,1014,Clear,normal
3450410,São José do Rio Preto,1725564548,21.72,45,1018,Clear,normal
3450410,São José do Rio Preto,1725650948,25.03,60,1016,Clear,normal
3450410,São José do Rio Preto,1725737348,20.79,72,1013,Clouds,normal
3450410,São José do Rio Preto,1725823748,21.39,61,1019,Clouds,normal
3450410,São José do Rio Preto,1725910148,21.29,47,1016,Clear,normal
3450410,São José do Rio Preto,1725996548,23.56,49,1016,Clouds,normal
3450410,São José do Rio Preto,1726082948,22.62,65,1016,Clouds,normal
3450410,São José do Rio Preto,1726169348,20.16,93,1009,Rain,storm_event
3450410,São José do Rio Preto,1726255748,27.23,59,1008,Clear,pressure_drop
3450410,São José do Rio Preto,1726342148,19.22,73,1015,Clouds,normal
3450410,São José do Rio Preto,1726428548,20.12,81,1020,Clear,normal
3450410,São José do Rio Preto,1726514948,24.31,67,1015,Clouds,normal
3450410,São José do Rio Preto,1726601348,15.78,78,1018,Clear,normal
3450410,São José do Rio Preto,1726687748,26.55,53,1008,Clouds,pressure_drop
3450410,São José do Rio Preto,1726774148,22.08,81,1016,Clear,normal
3450410,São José do Rio Preto,1726860548,20.2,73,1012,Clouds,normal
3450410,São José do Rio Preto,1726946948,13.47,89,1013,Thunderstorm,storm_event
3450410,São José do Rio Preto,1727033348,22.5,77,1008,Clear,pressure_drop
3450410,São José do Rio Preto,1727119748,17.54,61,1017,Clear,normal
3450410,São José do Rio Preto,1727206148,17.88,68,1015,Clear,normal
3450410,São José do Rio Preto,1727292548,18.22,69,1017,Clear,normal
3450410,São José do Rio Preto,1727378948,22.06,92,1015,Rain,normal
3450410,São José do Rio Preto,1727465348,21.41,47,1014,Clear,normal
3450410,São José do Rio Preto,1727551748,24.14,46,1015,Clear,normal
3450410,São José do Rio Preto,1727638148,21.03,69,1015,Clouds,normal
3450410,São José do Rio Preto,1727724548,24.34,92,1015,Clouds,normal
3450410,São José do Rio Preto,1727810948,18.16,65,1015,Drizzle,normal
3450410,São José do Rio Preto,1727897348,18.92,69,1019,Drizzle,normal
3450410,São José do Rio Preto,1727983748,21.6,54,1011,Clear,normal
3450410,São José do Rio Preto,1728070148,21.63,52,1020,Clouds,normal
3450410,São José do Rio Preto,1728156548,22.34,81,1017,Rain,normal
3450410,São José do Rio Preto,1728242948,23.13,36,1018,Clear,drought
3450410,São José do Rio Preto,1728329348,13.92,67,1017,Clouds,cold_snap
3450410,São José do Rio Preto,1728415748,19.12,94,1009,Rain,storm_event
3450410,São José do Rio Preto,1728502148,20.43,92,1014,Rain,normal
3450410,São José do Rio Preto,1728588548,19.66,97,1015,Clouds,extreme_humidity
3450410,São José do Rio Preto,1728674948,21.84,67,1017,Clear,normal
3450410,São José do Rio Preto,1728761348,16.92,65,1012,Clouds,normal
3450410,São José do Rio Preto,1728847748,23.5,89,1019,Clouds,normal
3450410,São José do Rio Preto,1728934148,20.73,81,1016,Clouds,normal
3450410,São José do Rio Preto,1729020548,18.28,76,1011,Clear,normal
3450410,São José do Rio Preto,1729106948,16.27,47,1011,Clouds,normal
3450410,São José do Rio Preto,1729193348,26.85,76,1008,Rain,pressure_drop
3450410,São José do Rio Preto,1729279748,22.52,68,1017,Clear,normal
3450410,São José do Rio Preto,1729366148,23.34,50,1009,Clouds,normal
3450410,São José do Rio Preto,1729452548,16.06,85,1013,Clear,normal
3450410,São José do Rio Preto,1729538948,25.29,73,1014,Rain,normal
3450410,São José do Rio Preto,1729625348,23.44,55,1016,Rain,normal
3450410,São José do Rio Preto,1729711748,20.7,55,1015,Rain,normal
3450410,São José do Rio Preto,1729798148,20.24,63,1019,Clouds,normal
3450410,São José do Rio Preto,1729884548,19.62,62,1011,Clear,normal
3450410,São José do Rio Preto,1729970948,18.77,44,1017,Clouds,normal
3450410,São José do Rio Preto,1730057348,20.7,74,1014,Drizzle,normal
3450410,São José do Rio Preto,1730143748,20.82,40,1019,Clear,normal
3450410,São José do Rio Preto,1730230148,22.09,40,1015,Clear,normal
3450410,São José do Rio Preto,1730316548,21.53,69,1018,Clear,normal
3450410,São José do Rio Preto,1730402948,23.6,80,1014,Rain,normal
3450410,São José do Rio Preto,1730489348,17.76,66,1017,Clear,normal
3450410,São José do Rio Preto,1730575748,13.84,60,1018,Clouds,cold_snap
3450410,São José do Rio Preto,1730662148,21.61,55,1013,Rain,normal
3450410,São José do Rio Preto,1730748548,21.34,77,1014,Rain,normal
3450410,São José do Rio Preto,1730834948,19.37,45,1019,Clouds,normal
3450410,São José do Rio Preto,1730921348,18.13,58,1013,Clear,normal
3450410,São José do Rio Preto,1731007748,23.07,77,1014,Clouds,normal
3450410,São José do Rio Preto,1731094148,21.76,72,1008,Clouds,pressure_drop
3450410,São José do Rio Preto,1731180548,22.29,49,1018,Clouds,normal
3450410,São José do Rio Preto,1731266948,17.18,65,1015,Clear,normal
3450410,São José do Rio Preto,1731353348,18.34,69,1016,Clouds,normal
3450410,São José do Rio Preto,1731439748,21.42,66,1010,Rain,normal
3450410,São José do Rio Preto,1731526148,23.16,53,1016,Clouds,normal
3450410,São José do Rio Preto,1731612548,22.94,84,1009,Rain,normal
3450410,São José do Rio Preto,1731698948,19.37,64,1015,Rain,normal
3450410,São José do Rio Preto,1731785348,18.87,51,1020,Clouds,normal
3450410,São José do Rio Preto,1731871748,16.74,93,1009,Rain,storm_event
3450410,São José do Rio Preto,1731958148,24.36,97,1014,Rain,extreme_humidity
3450410,São José do Rio Preto,1732044548,19.56,72,1017,Clouds,normal
3450410,São José do Rio Preto,1732130948,21.7,74,1013,Clear,normal
3450410,São José do Rio Preto,1732217348,22.15,40,1015,Clear,normal
3450410,São José do Rio Preto,1732303748,15.54,78,1017,Clouds,normal
3450410,São José do Rio Preto,1732390148,22.38,80,1011,Clouds,normal
3450410,São José do Rio Preto,1732476548,24.38,71,1008,Rain,pressure_drop
3450410,São José do Rio Preto,1732562948,20.77,68,1013,Rain,normal
3450410,São José do Rio Preto,1732649348,19.87,77,1012,Rain,normal
3450410,São José do Rio Preto,1732735748,25.57,40,1017,Clouds,normal
3450410,São José do Rio Preto,1732822148,17.43,59,1013,Clouds,normal
3450410,São José do Rio Preto,1732908548,25.61,61,1009,Rain,normal
3450410,São José do Rio Preto,1732994948,24.44,50,1018,Clear,normal
3450410,São José do Rio Preto,1733081348,26.02,94,1013,Thunderstorm,storm_event
3450410,São José do Rio Preto,1733167748,21.96,94,1012,Thunderstorm,storm_event
3450410,São José do Rio Preto,1733254148,31.81,91,1015,Clouds,normal
3450410,São José do Rio Preto,1733340548,31.81,85,1014,Clear,normal
3450410,São José do Rio Preto,1733426948,28.05,94,1013,Thunderstorm,storm_event
3450410,São José do Rio Preto,1733513348,28.41,78,1009,Drizzle,normal
3450410,São José do Rio Preto,1733599748,27.9,64,1017,Rain,normal
3450410,São José do Rio Preto,1733686148,27.33,80,1022,Clouds,normal
3450410,São José do Rio Preto,1733772548,30.76,76,1009,Clear,normal
3450410,São José do Rio Preto,1733858948,28.56,60,1021,Clear,normal
3450410,São José do Rio Preto,1733945348,24.67,61,1014,Rain,normal
3450410,São José do Rio Preto,1734031748,23.39,77,1020,Clear,normal
3450410,São José do Rio Preto,1734118148,27.65,63,1022,Clouds,normal
3450410,São José do Rio Preto,1734204548,29.13,63,1009,Clear,normal
3450410,São José do Rio Preto,1734290948,25.86,68,1008,Rain,pressure_drop
3450410,São José do Rio Preto,1734377348,24.09,93,1009,Rain,storm_event
3450410,São José do Rio Preto,1734463748,28.38,91,1013,Thunderstorm,storm_event
3450410,São José do Rio Preto,1734550148,24.08,98,1019,Rain,extreme_humidity
3450410,São José do Rio Preto,1734636548,23.44,45,1012,Clouds,normal
3450410,São José do Rio Preto,1734722948,24.55,63,1009,Drizzle,normal
3450410,São José do Rio Preto,1734809348,29.3,97,1019,Clouds,extreme_humidity
3450410,São José do Rio Preto,1734895748,24.96,56,1018,Clear,normal
3450410,São José do Rio Preto,1734982148,27.58,92,1016,Clear,normal
3450410,São José do Rio Preto,1735068548,23.12,78,1016,Rain,normal
3450410,São José do Rio Preto,1735154948,31.81,72,1009,Clear,normal
3450410,São José do Rio Preto,1735241348,28.53,73,1014,Rain,normal
3450410,São José do Rio Preto,1735327748,29.33,87,1011,Clouds,normal
3450410,São José do Rio Preto,1735414148,21.78,92,1019,Clouds,normal
3450410,São José do Rio Preto,1735500548,26.2,62,1013,Clear,normal
3450410,São José do Rio Preto,1735586948,29.32,70,1013,Clouds,normal
3450410,São José do Rio Preto,1735673348,26.51,59,1015,Clear,normal
3450410,São José do Rio Preto,1735759748,18.94,55,1018,Rain,cold_snap
3450410,São José do Rio Preto,1735846148,28.34,70,1016,Clear,normal
3450410,São José do Rio Preto,1735932548,28.92,76,1019,Clouds,normal
3450410,São José do Rio Preto,1736018948,27.77,79,1008,Clear,pressure_drop
3450410,São José do Rio Preto,1736105348,21.69,69,1014,Clear,normal
3450410,São José do Rio Preto,1736191748,30.56,83,1009,Clear,normal
3450410,São José do Rio Preto,1736278148,28.05,97,1014,Clouds,extreme_humidity
3450410,São José do Rio Preto,1736364548,25.84,77,1018,Clouds,normal
3450410,São José do Rio Preto,1736450948,24.29,87,1020,Clouds,normal
3450410,São José do Rio Preto,1736537348,29.1,77,1018,Clear,normal
3450410,São José do Rio Preto,1736623748,21.98,91,1013,Thunderstorm,storm_event
3450410,São José do Rio Preto,1736710148,31.42,36,1016,Clear,drought
3450410,São José do Rio Preto,1736796548,24.96,75,1017,Clouds,normal
3450410,São José do Rio Preto,1736882948,23.34,55,1010,Rain,normal
3450410,São José do Rio Preto,1736969348,29.58,55,1020,Clear,normal
3450410,São José do Rio Preto,1737055748,22.14,54,1009,Clouds,normal
3450410,São José do Rio Preto,1737142148,26.26,75,1009,Rain,normal
3450410,São José do Rio Preto,1737228548,27.78,55,1009,Rain,normal
3450410,São José do Rio Preto,1737314948,26.18,50,1017,Clouds,normal
3450410,São José do Rio Preto,1737401348,25.46,84,1017,Clear,normal
3450410,São José do Rio Preto,1737487748,24.47,66,1011,Clear,normal
3450410,São José do Rio Preto,1737574148,26.01,64,1018,Clear,normal
3450410,São José do Rio Preto,1737660548,21.95,70,1012,Drizzle,normal
3450410,São José do Rio Preto,1737746948,23.48,93,1009,Rain,storm_event
3450410,São José do Rio Preto,1737833348,28.97,74,1013,Clouds,normal
3450410,São José do Rio Preto,1737919748,27.34,49,1009,Clear,normal
3450410,São José do Rio Preto,1738006148,27.71,83,1009,Clouds,normal
3450410,São José do Rio Preto,1738092548,27.78,91,1018,Clouds,normal
3450410,São José do Rio Preto,1738178948,27.44,77,1014,Clear,normal
3450410,São José do Rio Preto,1738265348,25.79,55,1008,Clouds,pressure_drop
3450410,São José do Rio Preto,1738351748,29.75,63,1018,Clear,normal
3450410,São José do Rio Preto,1738438148,29.04,57,1018,Clear,normal
3450410,São José do Rio Preto,1738524548,17.65,61,1022,Clear,cold_snap
3450410,São José do Rio Preto,1738610948,21.7,81,1011,Rain,normal
3450410,São José do Rio Preto,1738697348,25.08,97,1019,Clouds,extreme_humidity
3450410,São José do Rio Preto,1738783748,24.53,90,1013,Clouds,normal
3450410,São José do Rio Preto,1738870148,20.79,71,1015,Clouds,normal
3450410,São José do Rio Preto,1738956548,25.62,60,1016,Clear,normal
3450410,São José do Rio Preto,1739042948,22.96,81,1017,Clouds,normal
3450410,São José do Rio Preto,1739129348,26.02,58,1018,Clouds,normal
3450410,São José do Rio Preto,1739215748,23.73,49,1016,Clouds,normal
3450410,São José do Rio Preto,1739302148,29.09,86,1017,Clouds,normal
3450410,São José do Rio Preto,1739388548,26.1,50,1014,Clear,normal
3450410,São José do Rio Preto,1739474948,25.32,76,1011,Rain,normal
3450410,São José do Rio Preto,1739561348,32.12,37,1016,Clear,drought
3450410,São José do Rio Preto,1739647748,29.39,58,1016,Rain,normal
3450410,São José do Rio Preto,1739734148,24.63,68,1020,Clouds,normal
3450410,São José do Rio Preto,1739820548,24.04,64,1021,Clouds,normal
3450410,São José do Rio Preto,1739906948,29.77,66,1020,Clouds,normal
3450410,São José do Rio Preto,1739993348,27.39,96,1009,Rain,storm_event
3450410,São José do Rio Preto,1740079748,29.25,92,1011,Clouds,normal
3450410,São José do Rio Preto,1740166148,25.6,90,1012,Thunderstorm,storm_event
3450410,São José do Rio Preto,1740252548,24.14,69,1019,Clear,normal
3450410,São José do Rio Preto,1740338948,28.17,75,1016,Clear,normal
3450410,São José do Rio Preto,1740425348,27.71,64,1014,Rain,normal
3450410,São José do Rio Preto,1740511748,22.98,70,1014,Drizzle,normal
3450410,São José do Rio Preto,1740598148,20.54,55,1016,Drizzle,normal
3450410,São José do Rio Preto,1740684548,29.0,59,1014,Clear,normal
3450410,São José do Rio Preto,1740770948,31.67,72,1017,Clear,normal
3450410,São José do Rio Preto,1740857348,21.09,57,1017,Clear,normal
3450410,São José do Rio Preto,1740943748,30.5,58,1018,Clouds,normal
3450410,São José do Rio Preto,1741030148,26.13,70,1014,Clouds,normal
3450410,São José do Rio Preto,1741116548,26.65,84,1016,Rain,normal
3450410,São José do Rio Preto,1741202948,23.58,86,1012,Clouds,normal
3450410,São José do Rio Preto,1741289348,27.49,58,1018,Clear,normal
3450410,São José do Rio Preto,1741375748,26.07,63,1013,Clear,normal
3450410,São José do Rio Preto,1741462148,23.65,40,1012,Clear,normal
3450410,São José do Rio Preto,1741548548,28.98,65,1008,Clouds,pressure_drop
3450410,São José do Rio Preto,1741634948,24.96,42,1011,Clouds,normal
3450410,São José do Rio Preto,1741721348,21.82,60,1020,Clear,normal
3450410,São José do Rio Preto,1741807748,25.88,51,1016,Clouds,normal
3450410,São José do Rio Preto,1741894148,26.37,75,1018,Clear,normal
3450410,São José do Rio Preto,1741980548,27.06,67,1018,Rain,normal
3450410,São José do Rio Preto,1742066948,28.89,58,1011,Clouds,normal
3450410,São José do Rio Preto,1742153348,29.28,40,1016,Clear,normal
3450410,São José do Rio Preto,1742239748,25.34,60,1018,Clear,normal
3450410,São José do Rio Preto,1742326148,28.32,83,1015,Clear,normal
3450410,São José do Rio Preto,1742412548,26.72,73,1011,Clouds,normal
3450410,São José do Rio Preto,1742498948,25.13,59,1013,Clouds,normal
3450410,São José do Rio Preto,1742585348,28.94,60,1019,Clear,normal
3450410,São José do Rio Preto,1742671748,22.91,68,1011,Clear,normal
3450410,São José do Rio Preto,1742758148,25.24,89,1018,Drizzle,normal
3450410,São José do Rio Preto,1742844548,22.71,92,1013,Drizzle,normal
3450410,São José do Rio Preto,1742930948,23.93,42,1011,Clouds,normal
3450410,São José do Rio Preto,1743017348,25.88,53,1014,Clear,normal
3450410,São José do Rio Preto,1743103748,29.11,70,1013,Clear,normal
3450410,São José do Rio Preto,1743190148,27.71,89,1011,Clouds,normal
3450410,São José do Rio Preto,1743276548,24.98,42,1009,Clear,normal
3450410,São José do Rio Preto,1743362948,29.44,57,1014,Clouds,normal
3450410,São José do Rio Preto,1743449348,27.69,65,1010,Clouds,normal
3450410,São José do Rio Preto,1743535748,17.45,72,1012,Clear,normal
3450410,São José do Rio Preto,1743622148,22.15,98,1013,Thunderstorm,storm_event
3450410,São José do Rio Preto,1743708548,19.78,68,1017,Clouds,normal
3450410,São José do Rio Preto,1743794948,25.81,82,1014,Rain,normal
3450410,São José do Rio Preto,1743881348,20.02,49,1020,Clear,normal
3450410,São José do Rio Preto,1743967748,16.18,54,1018,Clear,normal
3450410,São José do Rio Preto,1744054148,19.16,92,1011,Rain,normal
3450410,São José do Rio Preto,1744140548,21.89,92,1017,Clouds,normal
3450410,São José do Rio Preto,1744226948,19.47,91,1015,Clear,normal
3450410,São José do Rio Preto,1744313348,22.9,63,1015,Clear,normal
3450410,São José do Rio Preto,1744399748,22.45,71,1009,Clouds,normal
3450410,São José do Rio Preto,1744486148,24.5,80,1008,Clouds,pressure_drop
3450410,São José do Rio Preto,1744572548,21.92,70,1019,Clear,normal
3450410,São José do Rio Preto,1744658948,19.81,71,1014,Rain,normal
3450410,São José do Rio Preto,1744745348,21.13,79,1014,Clear,normal
3450410,São José do Rio Preto,1744831748,22.6,60,1018,Clear,normal
3450410,São José do Rio Preto,1744918148,25.94,53,1008,Clear,pressure_drop
3450410,São José do Rio Preto,1745004548,27.08,38,1014,Clouds,drought
3450410,São José do Rio Preto,1745090948,18.83,77,1019,Clouds,normal
3450410,São José do Rio Preto,1745177348,21.36,82,1012,Clouds,normal
3450410,São José do Rio Preto,1745263748,22.95,62,1010,Clear,normal
3450410,São José do Rio Preto,1745350148,25.87,92,1013,Rain,normal
3450410,São José do Rio Preto,1745436548,26.02,85,1018,Rain,normal
3450410,São José do Rio Preto,1745522948,18.63,54,1014,Clouds,normal
3450410,São José do Rio Preto,1745609348,21.47,97,1015,Drizzle,extreme_humidity
3450410,São José do Rio Preto,1745695748,21.85,54,1016,Clear,normal
3450410,São José do Rio Preto,1745782148,19.85,92,1013,Thunderstorm,storm_event
3450410,São José do Rio Preto,1745868548,20.83,90,1013,Thunderstorm,storm_event
3450410,São José do Rio Preto,1745954948,21.96,64,1014,Clouds,normal
3450410,São José do Rio Preto,1746041348,21.86,56,1014,Clear,normal
3450410,São José do Rio Preto,1746127748,21.86,63,1009,Clouds,normal
3450410,São José do Rio Preto,1746214148,19.82,93,1009,Rain,storm_event
3450410,São José do Rio Preto,1746300548,19.65,57,1015,Clear,normal
3450410,São José do Rio Preto,1746386948,20.05,75,1011,Rain,normal
3450410,São José do Rio Preto,1746473348,23.18,56,1015,Clear,normal
3450410,São José do Rio Preto,1746559748,13.15,60,1017,Clouds,cold_snap
3450410,São José do Rio Preto,1746646148,13.58,58,1019,Clouds,cold_snap
3450410,São José do Rio Preto,1746732548,11.87,69,1015,Clouds,cold_snap
3450410,São José do Rio Preto,1746818948,20.41,78,1012,Rain,normal
3450410,São José do Rio Preto,1746905348,21.18,71,1014,Clouds,normal
3450410,São José do Rio Preto,1746991748,18.59,71,1015,Clear,normal
3450410,São José do Rio Preto,1747078148,22.53,78,1009,Rain,normal
3450410,São José do Rio Preto,1747164548,20.73,40,1015,Clouds,normal
3450410,São José do Rio Preto,1747250948,21.4,91,1013,Thunderstorm,storm_event
3450410,São José do Rio Preto,1747337348,19.06,60,1009,Clouds,normal
3450410,São José do Rio Preto,1747423748,16.98,74,1018,Clouds,normal
3450410,São José do Rio Preto,1747510148,17.74,82,1014,Clear,normal
3450410,São José do Rio Preto,1747596548,18.07,81,1014,Rain,normal
3450410,São José do Rio Preto,1747682948,12.02,75,1019,Clouds,cold_snap
3450410,São José do Rio Preto,1747769348,24.77,61,1010,Rain,normal
3450410,São José do Rio Preto,1747855748,19.65,50,1014,Clouds,normal
3450410,São José do Rio Preto,1747942148,23.31,63,1017,Clear,normal
3450410,São José do Rio Preto,1748028548,15.72,77,1019,Rain,normal
3450410,São José do Rio Preto,1748114948,19.13,72,1012,Clear,normal
3450410,São José do Rio Preto,1748201348,19.79,71,1012,Clouds,normal
3450410,São José do Rio Preto,1748287748,21.55,70,1015,Clear,normal
3450410,São José do Rio Preto,1748374148,18.32,97,1011,Thunderstorm,storm_event
3450410,São José do Rio Preto,1748460548,21.23,92,1017,Clouds,normal
3450410,São José do Rio Preto,1748546948,22.3,40,1016,Clear,normal
3450410,São José do Rio Preto,1748633348,20.59,64,1011,Clear,normal
3450410,São José do Rio Preto,1748719748,18.31,78,1020,Clouds,normal
3450410,São José do Rio Preto,1748806148,15.67,53,1012,Clouds,normal
3450410,São José do Rio Preto,1748892548,16.23,53,1008,Rain,pressure_drop
3450410,São José do Rio Preto,1748978948,17.15,90,1013,Thunderstorm,storm_event
3450410,São José do Rio Preto,1749065348,13.35,87,1008,Clouds,pressure_drop
3450410,São José do Rio Preto,1749151748,18.49,67,1020,Clear,normal
3450410,São José do Rio Preto,1749238148,14.0,89,1011,Thunderstorm,storm_event
3450410,São José do Rio Preto,1749324548,16.68,59,1020,Clouds,normal
3450410,São José do Rio Preto,1749410948,20.19,83,1013,Clear,normal
3450410,São José do Rio Preto,1749497348,19.54,69,1015,Clouds,normal
3450410,São José do Rio Preto,1749583748,19.78,69,1015,Drizzle,normal
3450410,São José do Rio Preto,1749670148,23.07,52,1015,Clouds,normal
3450410,São José do Rio Preto,1749756548,10.28,59,1017,Rain,cold_snap
3450410,São José do Rio Preto,1749842948,18.26,52,1019,Clouds,normal
3450410,São José do Rio Preto,1749929348,20.11,53,1012,Clear,normal
3450410,São José do Rio Preto,1750015748,19.16,75,1017,Clouds,normal
3450410,São José do Rio Preto,1750102148,19.79,48,1012,Clouds,normal
3450410,São José do Rio Preto,1750188548,14.79,61,1019,Drizzle,normal
3450410,São José do Rio Preto,1750274948,19.2,73,1014,Clear,normal
3450410,São José do Rio Preto,1750361348,20.34,84,1018,Clear,normal
3450410,São José do Rio Preto,1750447748,19.04,51,1014,Clouds,normal
3450410,São José do Rio Preto,1750534148,14.72,92,1017,Clouds,normal
3450410,São José do Rio Preto,1750620548,18.16,53,1013,Clear,normal
3450410,São José do Rio Preto,1750706948,17.08,49,1014,Clouds,normal
3450410,São José do Rio Preto,1750793348,14.52,44,1021,Clouds,normal
3450410,São José do Rio Preto,1750879748,19.59,63,1017,Clouds,normal
3450410,São José do Rio Preto,1750966148,19.08,92,1014,Rain,normal
3450410,São José do Rio Preto,1751052548,18.09,40,1014,Clear,normal
3450410,São José do Rio Preto,1751138948,17.06,57,1017,Clouds,normal
3450410,São José do Rio Preto,1751225348,23.03,72,1012,Clouds,normal
3450410,São José do Rio Preto,1751311748,20.68,69,1011,Clouds,normal
3450410,São José do Rio Preto,1751398148,19.12,50,1015,Clear,normal
3450410,São José do Rio Preto,1751484548,17.3,50,1014,Clear,normal
3450410,São José do Rio Preto,1751570948,16.27,73,1013,Clear,normal
3450410,São José do Rio Preto,1751657348,19.64,55,1012,Clouds,normal
3450410,São José do Rio Preto,1751743748,14.91,69,1016,Clear,normal
3450410,São José do Rio Preto,1751830148,19.03,69,1009,Clouds,normal
3450410,São José do Rio Preto,1751916548,20.71,40,1021,Clear,normal
3450410,São José do Rio Preto,1752002948,12.54,69,1017,Clear,normal
3450410,São José do Rio Preto,1752089348,18.18,92,1015,Clear,normal
3450410,São José do Rio Preto,1752175748,20.92,68,1015,Clear,normal
3450410,São José do Rio Preto,1752262148,18.0,75,1013,Clear,normal
3450410,São José do Rio Preto,1752348548,21.08,81,1009,Clear,normal
3450410,São José do Rio Preto,1752434948,20.23,81,1012,Clear,normal
3450410,São José do Rio Preto,1752521348,17.32,73,1011,Clear,normal
3450410,São José do Rio Preto,1752607748,16.42,58,1011,Clear,normal
3450410,São José do Rio Preto,1752694148,16.69,77,1018,Clear,normal
3450410,São José do Rio Preto,1752780548,16.05,55,1009,Rain,normal
3450410,São José do Rio Preto,1752866948,16.36,71,1012,Rain,normal
3450410,São José do Rio Preto,1752953348,7.45,75,1015,Clouds,cold_snap
3450410,São José do Rio Preto,1753039748,15.89,68,1018,Rain,normal
3450410,São José do Rio Preto,1753126148,14.35,68,1009,Clear,normal
3450410,São José do Rio Preto,1753212548,18.39,83,1011,Clear,normal
3450410,São José do Rio Preto,1753298948,10.35,95,1009,Rain,storm_event
3450410,São José do Rio Preto,1753385348,14.28,67,1014,Clear,normal
3450410,São José do Rio Preto,1753471748,19.7,73,1009,Rain,normal
3450410,São José do Rio Preto,1753558148,9.44,75,1018,Clear,cold_snap
3450410,São José do Rio Preto,1753644548,17.75,79,1012,Clear,normal
3450410,São José do Rio Preto,1753730948,16.02,95,1011,Thunderstorm,storm_event
3450410,São José do Rio Preto,1753817348,17.08,62,1020,Clouds,normal
3450410,São José do Rio Preto,1753903748,16.48,98,1017,Drizzle,extreme_humidity
3450410,São José do Rio Preto,1753990148,18.1,59,1008,Clear,pressure_drop
3450410,São José do Rio Preto,1754076548,18.22,82,1012,Clear,normal
3450410,São José do Rio Preto,1754162948,15.38,78,1011,Clouds,normal
3450410,São José do Rio Preto,1754249348,17.31,61,1009,Clear,normal
3450410,São José do Rio Preto,1754335748,15.91,92,1015,Clear,normal
3450410,São José do Rio Preto,1754422148,16.88,60,1013,Clouds,normal
3450410,São José do Rio Preto,1754508548,12.01,86,1008,Clear,pressure_drop
3450410,São José do Rio Preto,1754594948,13.77,85,1009,Clear,normal
3450410,São José do Rio Preto,1754681348,17.98,72,1013,Clouds,normal
3450410,São José do Rio Preto,1754767748,17.23,55,1009,Rain,normal
3450410,São José do Rio Preto,1754854148,20.69,86,1014,Clouds,normal
3450410,São José do Rio Preto,1754940548,14.14,54,1014,Clear,normal
3450410,São José do Rio Preto,1755026948,20.59,62,1009,Clear,normal
3450410,São José do Rio Preto,1755113348,14.44,93,1009,Rain,storm_event
3450410,São José do Rio Preto,1755199748,14.94,65,1019,Rain,normal
3450410,São José do Rio Preto,1755286148,12.29,72,1014,Clear,normal
3450410,São José do Rio Preto,1755372548,19.19,51,1019,Clear,normal
3450410,São José do Rio Preto,1755458948,16.06,84,1008,Clouds,pressure_drop
3450410,São José do Rio Preto,1755545348,11.97,90,1009,Rain,normal
3450410,São José do Rio Preto,1755631748,14.81,55,1013,Clear,normal
3450410,São José do Rio Preto,1755718148,14.15,76,1015,Rain,normal
3450410,São José do Rio Preto,1755804548,14.43,67,1014,Clouds,normal
3450410,São José do Rio Preto,1755890948,15.06,74,1011,Clear,normal
3450410,São José do Rio Preto,1755977348,16.12,69,1019,Clear,normal
3450410,São José do Rio Preto,1756063748,11.97,68,1010,Rain,normal
3450410,São José do Rio Preto,1756150148,19.13,83,1008,Drizzle,pressure_drop
3450410,São José do Rio Preto,1756236548,18.04,63,1018,Clouds,normal
3450410,São José do Rio Preto,1756322948,23.05,37,1019,Clear,drought
3450410,São José do Rio Preto,1756409348,14.21,74,1016,Clear,normal
3450410,São José do Rio Preto,1756495748,16.79,65,1015,Rain,normal
3450410,São José do Rio Preto,1756582148,15.42,94,1009,Thunderstorm,storm_event
3450410,São José do Rio Preto,1756668548,16.11,76,1015,Clouds,normal
3450410,São José do Rio Preto,1756754948,21.18,64,1019,Clear,normal
3450410,São José do Rio Preto,1756841348,21.63,74,1016,Clouds,normal
3450410,São José do Rio Preto,1756927748,24.68,40,1011,Clear,normal
3450410,São José do Rio Preto,1757014148,18.51,54,1013,Clouds,normal
3450410,São José do Rio Preto,1757100548,22.68,79,1015,Clear,normal
3450410,São José do Rio Preto,1757186948,17.12,74,1018,Drizzle,normal
3450410,São José do Rio Preto,1757273348,19.31,80,1013,Clear,normal
3450410,São José do Rio Preto,1757359748,24.53,56,1009,Clouds,normal
3450410,São José do Rio Preto,1757446148,22.27,66,1014,Clouds,normal
3450410,São José do Rio Preto,1757532548,21.5,60,1015,Clear,normal
3450410,São José do Rio Preto,1757618948,15.78,84,1015,Rain,normal
3450410,São José do Rio Preto,1757705348,21.06,69,1015,Clear,normal
3450410,São José do Rio Preto,1757791748,21.7,92,1012,Clear,normal
3450410,São José do Rio Preto,1757878148,25.57,65,1017,Clear,normal
3450410,São José do Rio Preto,1757964548,19.46,97,1016,Clouds,extreme_humidity
3450410,São José do Rio Preto,1758050948,16.72,69,1012,Clouds,normal
3450410,São José do Rio Preto,1758137348,25.74,92,1016,Clear,normal
3450410,São José do Rio Preto,1758223748,22.3,96,1009,Rain,storm_event
3450410,São José do Rio Preto,1758310148,21.76,81,1013,Clear,normal
3450410,São José do Rio Preto,1758396548,15.78,68,1014,Clear,normal
3450410,São José do Rio Preto,1758482948,20.96,74,1017,Clear,normal
3450410,São José do Rio Preto,1758569348,23.31,66,1016,Drizzle,normal
3450410,São José do Rio Preto,1758655748,21.28,77,1015,Rain,normal
3450410,São José do Rio Preto,1758742148,20.16,49,1014,Clouds,normal
3450410,São José do Rio Preto,1758828548,21.17,66,1018,Clouds,normal
3450410,São José do Rio Preto,1758914948,20.73,62,1014,Clouds,normal
3450410,São José do Rio Preto,1759001348,26.07,47,1012,Clouds,normal
3450410,São José do Rio Preto,1759087748,21.67,70,1013,Clear,normal
3450410,São José do Rio Preto,1759174148,21.94,80,1018,Clear,normal
3450410,São José do Rio Preto,1759260548,22.81,59,1013,Rain,normal
3450410,São José do Rio Preto,1759346948,20.73,93,1009,Rain,storm_event
3450410,São José do Rio Preto,1759433348,16.99,65,1021,Clear,normal
3450410,São José do Rio Preto,1759519748,16.52,60,1011,Rain,normal
3450410,São José do Rio Preto,1759606148,23.28,70,1011,Clouds,normal
3450410,São José do Rio Preto,1759692548,19.05,92,1016,Rain,normal
3450410,São José do Rio Preto,1759778948,19.77,77,1011,Clouds,normal
3450410,São José do Rio Preto,1759865348,18.38,92,1013,Rain,normal
3450410,São José do Rio Preto,1759951748,20.01,81,1013,Clouds,normal
3450410,São José do Rio Preto,1760038148,15.88,54,1022,Clouds,normal
3450410,São José do Rio Preto,1760124548,22.12,53,1011,Clouds,normal
3450410,São José do Rio Preto,1760210948,19.32,89,1013,Thunderstorm,storm_event
3450410,São José do Rio Preto,1760297348,20.75,77,1011,Clear,normal
3450410,São José do Rio Preto,1760383748,22.45,67,1011,Clouds,normal
3450410,São José do Rio Preto,1760470148,22.82,58,1016,Clouds,normal
3450410,São José do Rio Preto,1760556548,20.5,57,1015,Clear,normal
3450410,São José do Rio Preto,1760642948,19.89,74,1016,Drizzle,normal
3450410,São José do Rio Preto,1760729348,18.94,70,1008,Clear,pressure_drop
3450410,São José do Rio Preto,1760815748,24.18,71,1022,Clouds,normal
3450410,São José do Rio Preto,1760902148,20.17,65,1015,Clouds,normal
3450410,São José do Rio Preto,1760988548,11.96,57,1016,Clear,cold_snap
3450410,São José do Rio Preto,1761074948,21.07,50,1008,Rain,pressure_drop
3450410,São José do Rio Preto,1761161348,21.67,59,1009,Clear,normal
3450410,São José do Rio Preto,1761247748,15.88,65,1017,Clear,normal
3450410,São José do Rio Preto,1761334148,16.54,58,1018,Clear,normal
3450410,São José do Rio Preto,1761420548,23.79,92,1013,Clear,normal
3450410,São José do Rio Preto,1761506948,19.72,55,1013,Drizzle,normal
3450410,São José do Rio Preto,1761593348,16.9,72,1012,Clouds,normal
3450410,São José do Rio Preto,1761679748,22.75,56,1013,Clouds,normal
3450410,São José do Rio Preto,1761766148,23.46,70,1013,Clouds,normal
3450410,São José do Rio Preto,1761852548,25.29,92,1019,Drizzle,normal
3450410,São José do Rio Preto,1761938948,21.59,52,1012,Clear,normal
3450410,São José do Rio Preto,1762025348,20.73,49,1019,Clouds,normal
3450410,São José do Rio Preto,1762111748,15.54,61,1010,Rain,normal
3450410,São José do Rio Preto,1762198148,19.38,98,1013,Drizzle,extreme_humidity
3450410,São José do Rio Preto,1762284548,23.69,63,1016,Clouds,normal
3450410,São José do Rio Preto,1762370948,17.57,92,1013,Clear,normal
3450410,São José do Rio Preto,1762457348,16.56,76,1011,Clouds,normal
3450410,São José do Rio Preto,1762543748,26.02,86,1013,Rain,normal
3450410,São José do Rio Preto,1762630148,22.06,67,1019,Clear,normal
3450410,São José do Rio Preto,1762716548,25.26,60,1013,Clear,normal
3450410,São José do Rio Preto,1762802948,22.11,41,1014,Clouds,normal
3450410,São José do Rio Preto,1762889348,19.08,70,1012,Clouds,normal
3450410,São José do Rio Preto,1762975748,24.62,92,1010,Drizzle,normal
3450410,São José do Rio Preto,1763062148,15.93,54,1009,Clear,normal
3450410,São José do Rio Preto,1763148548,17.82,68,1022,Clouds,normal
3450410,São José do Rio Preto,1763234948,18.7,51,1020,Clouds,normal
3450410,São José do Rio Preto,1763321348,23.72,92,1018,Clouds,normal
3450410,São José do Rio Preto,1763407748,22.18,97,1013,Drizzle,extreme_humidity
3450410,São José do Rio Preto,1763494148,18.16,84,1011,Clouds,normal
3450410,São José do Rio Preto,1763580548,24.12,59,1013,Clear,normal
3450410,São José do Rio Preto,1763666948,18.34,68,1012,Clouds,normal
3450410,São José do Rio Preto,1763753348,22.45,75,1014,Clouds,normal
3450410,São José do Rio Preto,1763839748,19.29,88,1008,Rain,pressure_drop
3450410,São José do Rio Preto,1763926148,20.51,74,1014,Rain,normal
3450410,São José do Rio Preto,1764012548,19.89,89,1014,Rain,normal
3450410,São José do Rio Preto,1764098948,21.65,97,1009,Rain,storm_event
3450410,São José do Rio Preto,1764185348,21.3,49,1009,Clear,normal
3450410,São José do Rio Preto,1764271748,25.01,38,1014,Clouds,drought
3450410,São José do Rio Preto,1764358148,19.49,88,1014,Rain,normal
3450410,São José do Rio Preto,1764444548,24.04,56,1015,Clear,normal
3450410,São José do Rio Preto,1764530948,22.16,92,1014,Clear,normal
3450410,São José do Rio Preto,1764617348,25.88,57,1009,Drizzle,normal
3450410,São José do Rio Preto,1764703748,25.52,89,1011,Thunderstorm,storm_event
3450410,São José do Rio Preto,1764790148,26.88,73,1017,Clear,normal
3450410,São José do Rio Preto,1764876548,30.2,75,1017,Clouds,normal
3450410,São José do Rio Preto,1764962948,29.43,66,1015,Rain,normal
3450410,São José do Rio Preto,1765049348,20.95,89,1017,Clear,normal
3450410,São José do Rio Preto,1765135748,28.24,96,1008,Clouds,pressure_drop
3450410,São José do Rio Preto,1765222148,25.16,74,1022,Clear,normal
3450410,São José do Rio Preto,1765308548,20.95,92,1016,Rain,normal
3450410,São José do Rio Preto,1765394948,27.68,73,1010,Rain,normal
3450410,São José do Rio Preto,1765481348,27.41,78,1009,Clouds,normal
3450410,São José do Rio Preto,1765567748,27.8,76,1013,Rain,normal
3450410,São José do Rio Preto,1765654148,25.32,70,1017,Rain,normal
3450410,São José do Rio Preto,1765740548,27.18,49,1009,Clouds,normal
3450410,São José do Rio Preto,1765826948,27.59,90,1013,Clear,normal
3450410,São José do Rio Preto,1765913348,26.83,65,1011,Rain,normal
3450410,São José do Rio Preto,1765999748,24.16,63,1017,Clear,normal
3450410,São José do Rio Preto,1766086148,26.0,46,1013,Clear,normal
3450410,São José do Rio Preto,1766172548,26.17,92,1013,Rain,normal
3450410,São José do Rio Preto,1766258948,19.14,43,1018,Rain,cold_snap
3450410,São José do Rio Preto,1766345348,24.73,68,1010,Clear,normal
3450410,São José do Rio Preto,1766431748,23.1,89,1011,Thunderstorm,storm_event
3450410,São José do Rio Preto,1766518148,24.42,98,1014,Drizzle,extreme_humidity
3450410,São José do Rio Preto,1766604548,23.98,92,1011,Rain,normal
3450410,São José do Rio Preto,1766690948,26.28,95,1012,Thunderstorm,storm_event
3450410,São José do Rio Preto,1766777348,26.1,62,1020,Clear,normal
3450410,São José do Rio Preto,1766863748,22.55,63,1009,Drizzle,normal
3450410,São José do Rio Preto,1766950148,29.21,65,1015,Clear,normal
3450410,São José do Rio Preto,1767036548,23.34,80,1020,Clear,normal
3450410,São José do Rio Preto,1767122948,31.07,56,1013,Clear,normal
3450410,São José do Rio Preto,1767209348,28.01,65,1014,Clear,normal
3450410,São José do Rio Preto,1767295748,24.66,74,1020,Rain,normal
3450410,São José do Rio Preto,1767382148,28.79,78,1018,Clear,normal
3450410,São José do Rio Preto,1767468548,25.33,80,1008,Drizzle,pressure_drop
3450410,São José do Rio Preto,1767554948,28.25,70,1016,Clear,normal
3450410,São José do Rio Preto,1767641348,27.97,57,1019,Clear,normal
3450410,São José do Rio Preto,1767727748,23.64,78,1008,Clear,pressure_drop
3450410,São José do Rio Preto,1767814148,28.7,44,1014,Clear,normal
3450410,São José do Rio Preto,1767900548,25.52,48,1015,Clear,normal
3450410,São José do Rio Preto,1767986948,28.09,92,1015,Rain,normal
3450410,São José do Rio Preto,1768073348,23.91,92,1015,Clear,normal
3450410,São José do Rio Preto,1768159748,26.0,79,1008,Clouds,pressure_drop
3450410,São José do Rio Preto,1768246148,23.46,92,1016,Clear,normal
3450410,São José do Rio Preto,1768332548,26.84,90,1008,Thunderstorm,storm_event
3450410,São José do Rio Preto,1768418948,27.25,64,1012,Clear,normal
3450410,São José do Rio Preto,1768505348,25.78,67,1013,Clouds,normal
3450410,São José do Rio Preto,1768591748,27.6,48,1015,Clear,normal
3450410,São José do Rio Preto,1768678148,26.01,86,1019,Clouds,normal
3450410,São José do Rio Preto,1768764548,24.88,69,1016,Clear,normal
3450410,São José do Rio Preto,1768850948,24.96,61,1022,Clear,normal
3450410,São José do Rio Preto,1768937348,28.9,57,1020,Clear,normal
3450410,São José do Rio Preto,1769023748,26.35,42,1018,Clear,normal
3450410,São José do Rio Preto,1769110148,23.25,88,1010,Clouds,normal
3450410,São José do Rio Preto,1769196548,25.5,90,1016,Clouds,normal
3450410,São José do Rio Preto,1769282948,22.29,92,1012,Thunderstorm,storm_event
3450410,São José do Rio Preto,1769369348,25.47,92,1016,Rain,normal
3450410,São José do Rio Preto,1769455748,27.2,83,1016,Clear,normal
3450410,São José do Rio Preto,1769542148,21.53,87,1009,Clouds,normal
3450410,São José do Rio Preto,1769628548,26.47,89,1015,Rain,normal
3450410,São José do Rio Preto,1769714948,32.1,81,1008,Clear,pressure_drop
3450410,São José do Rio Preto,1769801348,22.92,61,1017,Clear,normal
3450410,São José do Rio Preto,1769887748,23.86,98,1019,Clouds,extreme_humidity
3450410,São José do Rio Preto,1769974148,27.36,50,1020,Clouds,normal
3450410,São José do Rio Preto,1770060548,23.9,64,1021,Clouds,normal
3450410,São José do Rio Preto,1770146948,30.91,36,1020,Clouds,drought
3450410,São José do Rio Preto,1770233348,29.1,82,1008,Clouds,pressure_drop
3450410,São José do Rio Preto,1770319748,29.86,56,1015,Clear,normal
3450410,São José do Rio Preto,1770406148,30.4,76,1018,Clear,normal
3450410,São José do Rio Preto,1770492548,30.35,92,1016,Clear,normal
3450410,São José do Rio Preto,1770578948,25.35,70,1016,Clear,normal
3450410,São José do Rio Preto,1770665348,27.41,45,1016,Clear,normal
3450410,São José do Rio Preto,1770751748,26.45,81,1018,Clouds,normal
3450410,São José do Rio Preto,1770838148,24.57,73,1017,Clear,normal
3450410,São José do Rio Preto,1770924548,22.36,62,1015,Rain,normal
3450410,São José do Rio Preto,1771010948,24.19,64,1020,Clear,normal
3450410,São José do Rio Preto,1771097348,28.69,60,1015,Clear,normal
3450410,São José do Rio Preto,1771183748,25.3,55,1015,Clear,normal
3450410,São José do Rio Preto,1771270148,27.24,40,1019,Clear,normal
3450410,São José do Rio Preto,1771356548,30.86,92,1019,Clouds,normal
3450410,São José do Rio Preto,1771442948,31.67,65,1009,Rain,normal
3450410,São José do Rio Preto,1771529348,20.54,55,1018,Rain,normal
3450410,São José do Rio Preto,1771615748,31.67,92,1017,Clear,normal
3450410,São José do Rio Preto,1771702148,29.39,39,1010,Clear,drought
3450410,São José do Rio Preto,1771788548,25.89,92,1015,Rain,normal
3450410,São José do Rio Preto,1771874948,26.66,73,1016,Clouds,normal
3450410,São José do Rio Preto,1771961348,21.44,92,1015,Rain,normal
3450410,São José do Rio Preto,1772047748,22.13,67,1018,Clear,normal
3450410,São José do Rio Preto,1772134148,29.19,63,1011,Clouds,normal
3450410,São José do Rio Preto,1772220548,26.7,81,1019,Clear,normal
3450410,São José do Rio Preto,1772306948,24.56,84,1022,Clouds,normal
3450410,São José do Rio Preto,1772393348,24.18,89,1013,Clouds,normal
3450410,São José do Rio Preto,1772479748,26.62,64,1008,Rain,pressure_drop
3450410,São José do Rio Preto,1772566148,24.82,56,1017,Clear,normal
3450410,São José do Rio Preto,1772652548,27.99,54,1014,Clear,normal
3450410,São José do Rio Preto,1772738948,27.94,45,1016,Clear,normal
3450410,São José do Rio Preto,1772825348,22.82,95,1008,Thunderstorm,storm_event
3450410,São José do Rio Preto,1772911748,26.43,65,1018,Clouds,normal
3450410,São José do Rio Preto,1772998148,23.76,98,1011,Rain,extreme_humidity
3450410,São José do Rio Preto,1773084548,23.89,57,1016,Clouds,normal
3450410,São José do Rio Preto,1773170948,24.12,51,1013,Clear,normal
3450410,São José do Rio Preto,1773257348,26.04,98,1018,Drizzle,extreme_humidity
3450410,São José do Rio Preto,1773343748,28.59,75,1016,Clear,normal
3450410,São José do Rio Preto,1773430148,25.34,71,1016,Clear,normal
3450410,São José do Rio Preto,1773516548,26.93,75,1015,Drizzle,normal
3450410,São José do Rio Preto,1773602948,24.06,60,1019,Clear,normal
3450410,São José do Rio Preto,1773689348,27.41,69,1014,Clouds,normal
3450410,São José do Rio Preto,1773775748,30.19,36,1015,Clear,drought
3450410,São José do Rio Preto,1773862148,21.91,68,1015,Drizzle,normal
3450410,São José do Rio Preto,1773948548,30.62,38,1017,Clear,drought
3450410,São José do Rio Preto,1774034948,23.73,70,1009,Clear,normal
3450410,São José do Rio Preto,1774121348,27.04,45,1017,Clouds,normal
3450410,São José do Rio Preto,1774207748,24.25,54,1013,Clouds,normal
3450410,São José do Rio Preto,1774294148,30.41,36,1014,Clear,drought
3450410,São José do Rio Preto,1774380548,29.79,69,1014,Clear,normal
3450410,São José do Rio Preto,1774466948,26.57,72,1014,Clear,normal
3450410,São José do Rio Preto,1774553348,26.66,72,1011,Rain,normal
3450410,São José do Rio Preto,1774639748,23.87,65,1013,Clouds,normal
3450410,São José do Rio Preto,1774726148,28.41,60,1021,Clouds,normal
3450410,São José do Rio Preto,1774812548,23.7,81,1013,Clouds,normal
3450410,São José do Rio Preto,1774898948,26.34,73,1015,Clear,normal
3450410,São José do Rio Preto,1774985348,25.19,59,1013,Rain,normal
3450410,São José do Rio Preto,1775071748,25.31,73,1014,Clear,normal
3450410,São José do Rio Preto,1775158148,26.18,78,1019,Clear,normal
3450410,São José do Rio Preto,1775244548,22.67,69,1015,Clear,normal
3450410,São José do Rio Preto,1775330948,17.9,81,1021,Clouds,normal
3450410,São José do Rio Preto,1775417348,17.65,92,1021,Rain,normal
3450410,São José do Rio Preto,1775503748,13.17,48,1016,Clouds,cold_snap
3450410,São José do Rio Preto,1775590148,21.19,57,1013,Clear,normal
3450410,São José do Rio Preto,1775676548,23.48,56,1013,Clouds,normal
3450410,São José do Rio Preto,1775762948,23.65,63,1016,Clear,normal
3450410,São José do Rio Preto,1775849348,26.21,74,1017,Clouds,normal
3450410,São José do Rio Preto,1775935748,22.17,65,1018,Clouds,normal
3450410,São José do Rio Preto,1776022148,23.21,72,1008,Rain,pressure_drop
3450410,São José do Rio Preto,1776108548,17.81,92,1020,Rain,normal
3450410,São José do Rio Preto,1776194948,23.86,93,1009,Rain,storm_event
3450410,São José do Rio Preto,1776281348,22.62,68,1017,Clouds,normal
3450410,São José do Rio Preto,1776367748,16.14,46,1017,Clouds,normal
3450410,São José do Rio Preto,1776454148,20.89,46,1013,Clouds,normal
3450410,São José do Rio Preto,1776540548,23.66,92,1011,Rain,normal
3450410,São José do Rio Preto,1776626948,21.33,92,1012,Rain,normal
3450410,São José do Rio Preto,1776713348,21.83,61,1013,Clouds,normal
3450410,São José do Rio Preto,1776799748,17.7,79,1021,Clouds,normal
3450410,São José do Rio Preto,1776886148,21.36,41,1012,Clouds,normal
3450410,São José do Rio Preto,1776972548,19.78,40,1021,Clear,normal
3450410,São José do Rio Preto,1777058948,18.21,66,1015,Clear,normal
3450410,São José do Rio Preto,1777145348,20.27,69,1019,Clouds,normal
3450410,São José do Rio Preto,1777231748,19.32,77,1013,Clear,normal
3450410,São José do Rio Preto,1777318148,19.91,58,1014,Clear,normal
3450410,São José do Rio Preto,1777404548,22.41,90,1014,Rain,normal
3450410,São José do Rio Preto,1777490948,22.28,71,1015,Clouds,normal
3450410,São José do Rio Preto,1777577348,17.72,60,1019,Clear,normal
3450410,São José do Rio Preto,1777663748,22.46,85,1011,Drizzle,normal
3450410,São José do Rio Preto,1777750148,21.96,75,1013,Clear,normal
3450410,São José do Rio Preto,1777836548,18.22,57,1009,Clear,normal
3450410,São José do Rio Preto,1777922948,20.5,63,1013,Clouds,normal
3450410,São José do Rio Preto,1778009348,18.96,56,1017,Clear,normal
3450410,São José do Rio Preto,1778095748,25.04,59,1016,Clouds,normal
3450410,São José do Rio Preto,1778182148,19.55,92,1015,Rain,normal
3450410,São José do Rio Preto,1778268548,20.04,57,1009,Clouds,normal
3450410,São José do Rio Preto,1778354948,15.72,66,1017,Clouds,normal
3450410,São José do Rio Preto,1778441348,20.02,85,1016,Clouds,normal
3450410,São José do Rio Preto,1778527748,22.31,96,1011,Thunderstorm,storm_event
3450410,São José do Rio Preto,1778614148,23.76,68,1016,Clear,normal
3450410,São José do Rio Preto,1778700548,18.35,73,1016,Clouds,normal
3455113,Mogi das Cruzes,1715714948,20.74,78,1020,Clear,normal
3455113,Mogi das Cruzes,1715801348,17.01,59,1013,Rain,normal
3455113,Mogi das Cruzes,1715887748,23.71,56,1017,Clear,normal
3455113,Mogi das Cruzes,1715974148,20.45,59,1019,Drizzle,normal
3455113,Mogi das Cruzes,1716060548,16.73,64,1014,Clear,normal
3455113,Mogi das Cruzes,1716146948,20.34,82,1014,Clear,normal
3455113,Mogi das Cruzes,1716233348,18.48,44,1012,Clear,normal
3455113,Mogi das Cruzes,1716319748,17.73,71,1014,Clear,normal
3455113,Mogi das Cruzes,1716406148,16.71,89,1013,Thunderstorm,storm_event
3455113,Mogi das Cruzes,1716492548,14.8,62,1008,Clouds,pressure_drop
3455113,Mogi das Cruzes,1716578948,16.56,57,1011,Rain,normal
3455113,Mogi das Cruzes,1716665348,23.07,77,1017,Rain,normal
3455113,Mogi das Cruzes,1716751748,19.22,87,1019,Clear,normal
3455113,Mogi das Cruzes,1716838148,23.44,72,1016,Clouds,normal
3455113,Mogi das Cruzes,1716924548,25.38,58,1016,Clouds,normal
3455113,Mogi das Cruzes,1717010948,18.97,95,1013,Thunderstorm,storm_event
3455113,Mogi das Cruzes,1717097348,21.16,55,1013,Rain,normal
3455113,Mogi das Cruzes,1717183748,22.43,80,1008,Clouds,pressure_drop
3455113,Mogi das Cruzes,1717270148,24.11,37,1022,Clear,drought
3455113,Mogi das Cruzes,1717356548,18.36,81,1014,Rain,normal
3455113,Mogi das Cruzes,1717442948,14.33,92,1018,Clear,normal
3455113,Mogi das Cruzes,1717529348,22.92,56,1016,Rain,normal
3455113,Mogi das Cruzes,1717615748,19.07,40,1010,Clear,normal
3455113,Mogi das Cruzes,1717702148,17.23,92,1021,Clouds,normal
3455113,Mogi das Cruzes,1717788548,17.08,92,1020,Rain,normal
3455113,Mogi das Cruzes,1717874948,14.82,92,1013,Thunderstorm,storm_event
3455113,Mogi das Cruzes,1717961348,15.06,44,1022,Clear,normal
3455113,Mogi das Cruzes,1718047748,14.81,82,1014,Clouds,normal
3455113,Mogi das Cruzes,1718134148,23.01,44,1017,Clouds,normal
3455113,Mogi das Cruzes,1718220548,15.88,42,1016,Clouds,normal
3455113,Mogi das Cruzes,1718306948,19.53,65,1015,Clear,normal
3455113,Mogi das Cruzes,1718393348,18.42,97,1012,Clouds,extreme_humidity
3455113,Mogi das Cruzes,1718479748,12.83,92,1019,Rain,normal
3455113,Mogi das Cruzes,1718566148,20.11,82,1015,Clouds,normal
3455113,Mogi das Cruzes,1718652548,23.84,37,1018,Clouds,drought
3455113,Mogi das Cruzes,1718738948,13.15,93,1009,Rain,storm_event
3455113,Mogi das Cruzes,1718825348,14.92,48,1015,Clear,normal
3455113,Mogi das Cruzes,1718911748,15.02,80,1021,Clear,normal
3455113,Mogi das Cruzes,1718998148,14.81,89,1008,Clouds,pressure_drop
3455113,Mogi das Cruzes,1719084548,19.32,75,1009,Rain,normal
3455113,Mogi das Cruzes,1719170948,16.09,92,1015,Clear,normal
3455113,Mogi das Cruzes,1719257348,16.34,76,1017,Rain,normal
3455113,Mogi das Cruzes,1719343748,18.47,75,1010,Clear,normal
3455113,Mogi das Cruzes,1719430148,15.21,81,1022,Clouds,normal
3455113,Mogi das Cruzes,1719516548,14.61,90,1014,Clouds,normal
3455113,Mogi das Cruzes,1719602948,13.43,90,1009,Thunderstorm,storm_event
3455113,Mogi das Cruzes,1719689348,21.24,36,1013,Clear,drought
3455113,Mogi das Cruzes,1719775748,20.94,90,1016,Clear,normal
3455113,Mogi das Cruzes,1719862148,19.85,35,1019,Clear,drought
3455113,Mogi das Cruzes,1719948548,14.81,82,1020,Clouds,normal
3455113,Mogi das Cruzes,1720034948,6.84,75,1018,Clouds,cold_snap
3455113,Mogi das Cruzes,1720121348,16.91,71,1012,Clouds,normal
3455113,Mogi das Cruzes,1720207748,13.48,95,1009,Rain,storm_event
3455113,Mogi das Cruzes,1720294148,13.51,78,1012,Clear,normal
3455113,Mogi das Cruzes,1720380548,15.27,54,1020,Clear,normal
3455113,Mogi das Cruzes,1720466948,14.4,53,1016,Clouds,normal
3455113,Mogi das Cruzes,1720553348,20.11,63,1015,Clouds,normal
3455113,Mogi das Cruzes,1720639748,16.86,53,1020,Clouds,normal
3455113,Mogi das Cruzes,1720726148,17.94,72,1017,Clear,normal
3455113,Mogi das Cruzes,1720812548,16.35,92,1020,Clouds,normal
3455113,Mogi das Cruzes,1720898948,14.67,93,1011,Thunderstorm,storm_event
3455113,Mogi das Cruzes,1720985348,15.43,61,1017,Clouds,normal
3455113,Mogi das Cruzes,1721071748,17.17,63,1013,Clouds,normal
3455113,Mogi das Cruzes,1721158148,18.57,53,1017,Clear,normal
3455113,Mogi das Cruzes,1721244548,14.41,86,1016,Clouds,normal
3455113,Mogi das Cruzes,1721330948,19.28,75,1014,Clear,normal
3455113,Mogi das Cruzes,1721417348,11.39,66,1012,Rain,normal
3455113,Mogi das Cruzes,1721503748,11.11,55,1015,Rain,normal
3455113,Mogi das Cruzes,1721590148,13.19,67,1019,Clouds,normal
3455113,Mogi das Cruzes,1721676548,20.25,59,1017,Clouds,normal
3455113,Mogi das Cruzes,1721762948,16.46,68,1008,Rain,pressure_drop
3455113,Mogi das Cruzes,1721849348,14.28,95,1013,Thunderstorm,storm_event
3455113,Mogi das Cruzes,1721935748,11.95,74,1012,Drizzle,normal
3455113,Mogi das Cruzes,1722022148,21.0,54,1010,Clouds,normal
3455113,Mogi das Cruzes,1722108548,22.84,36,1012,Clear,drought
3455113,Mogi das Cruzes,1722194948,17.59,78,1010,Clouds,normal
3455113,Mogi das Cruzes,1722281348,14.05,75,1016,Clouds,normal
3455113,Mogi das Cruzes,1722367748,18.55,67,1015,Clouds,normal
3455113,Mogi das Cruzes,1722454148,14.1,92,1014,Clear,normal
3455113,Mogi das Cruzes,1722540548,17.65,88,1013,Thunderstorm,storm_event
3455113,Mogi das Cruzes,1722626948,22.51,62,1008,Rain,pressure_drop
3455113,Mogi das Cruzes,1722713348,15.98,64,1018,Clear,normal
3455113,Mogi das Cruzes,1722799748,12.54,67,1016,Clear,normal
3455113,Mogi das Cruzes,1722886148,21.64,63,1008,Drizzle,pressure_drop
3455113,Mogi das Cruzes,1722972548,23.42,58,1016,Clear,normal
3455113,Mogi das Cruzes,1723058948,20.28,85,1016,Clear,normal
3455113,Mogi das Cruzes,1723145348,15.13,68,1020,Clear,normal
3455113,Mogi das Cruzes,1723231748,12.76,94,1009,Rain,storm_event
3455113,Mogi das Cruzes,1723318148,21.05,63,1015,Clouds,normal
3455113,Mogi das Cruzes,1723404548,14.0,49,1022,Clear,normal
3455113,Mogi das Cruzes,1723490948,19.59,67,1015,Rain,normal
3455113,Mogi das Cruzes,1723577348,20.08,81,1019,Drizzle,normal
3455113,Mogi das Cruzes,1723663748,16.95,69,1018,Rain,normal
3455113,Mogi das Cruzes,1723750148,18.85,97,1009,Clouds,extreme_humidity
3455113,Mogi das Cruzes,1723836548,18.42,64,1008,Rain,pressure_drop
3455113,Mogi das Cruzes,1723922948,17.41,48,1017,Clear,normal
3455113,Mogi das Cruzes,1724009348,12.7,62,1017,Clear,normal
3455113,Mogi das Cruzes,1724095748,13.92,77,1012,Clouds,normal
3455113,Mogi das Cruzes,1724182148,13.53,75,1016,Clear,normal
3455113,Mogi das Cruzes,1724268548,18.88,81,1015,Rain,normal
3455113,Mogi das Cruzes,1724354948,22.83,86,1022,Clouds,normal
3455113,Mogi das Cruzes,1724441348,15.23,60,1020,Clear,normal
3455113,Mogi das Cruzes,1724527748,15.67,71,1013,Clear,normal
3455113,Mogi das Cruzes,1724614148,17.83,59,1016,Clear,normal
3455113,Mogi das Cruzes,1724700548,14.55,66,1010,Clear,normal
3455113,Mogi das Cruzes,1724786948,17.54,76,1013,Clouds,normal
3455113,Mogi das Cruzes,1724873348,16.65,45,1020,Clear,normal
3455113,Mogi das Cruzes,1724959748,16.86,71,1010,Clear,normal
3455113,Mogi das Cruzes,1725046148,21.29,36,1017,Clear,drought
3455113,Mogi das Cruzes,1725132548,20.18,55,1016,Clouds,normal
3455113,Mogi das Cruzes,1725218948,21.2,79,1021,Clouds,normal
3455113,Mogi das Cruzes,1725305348,22.67,52,1018,Clear,normal
3455113,Mogi das Cruzes,1725391748,26.73,40,1021,Clear,normal
3455113,Mogi das Cruzes,1725478148,18.06,92,1011,Clouds,normal
3455113,Mogi das Cruzes,1725564548,17.56,75,1013,Rain,normal
3455113,Mogi das Cruzes,1725650948,19.82,55,1013,Rain,normal
3455113,Mogi das Cruzes,1725737348,21.21,53,1011,Clear,normal
3455113,Mogi das Cruzes,1725823748,20.51,84,1014,Clouds,normal
3455113,Mogi das Cruzes,1725910148,17.31,40,1017,Clear,normal
3455113,Mogi das Cruzes,1725996548,20.55,59,1011,Rain,normal
3455113,Mogi das Cruzes,1726082948,18.24,75,1018,Clouds,normal
3455113,Mogi das Cruzes,1726169348,24.21,49,1016,Clouds,normal
3455113,Mogi das Cruzes,1726255748,19.02,92,1015,Clouds,normal
3455113,Mogi das Cruzes,1726342148,21.36,58,1009,Drizzle,normal
3455113,Mogi das Cruzes,1726428548,18.98,92,1012,Rain,normal
3455113,Mogi das Cruzes,1726514948,17.6,78,1015,Clouds,normal
3455113,Mogi das Cruzes,1726601348,13.84,54,1020,Clear,cold_snap
3455113,Mogi das Cruzes,1726687748,18.14,69,1015,Clear,normal
3455113,Mogi das Cruzes,1726774148,24.25,65,1015,Clear,normal
3455113,Mogi das Cruzes,1726860548,22.08,70,1010,Clear,normal
3455113,Mogi das Cruzes,1726946948,18.44,97,1008,Thunderstorm,storm_event
3455113,Mogi das Cruzes,1727033348,20.93,98,1010,Thunderstorm,storm_event
3455113,Mogi das Cruzes,1727119748,17.55,60,1008,Clouds,pressure_drop
3455113,Mogi das Cruzes,1727206148,22.06,58,1008,Rain,pressure_drop
3455113,Mogi das Cruzes,1727292548,26.73,55,1012,Rain,normal
3455113,Mogi das Cruzes,1727378948,26.73,61,1009,Clear,normal
3455113,Mogi das Cruzes,1727465348,20.97,60,1012,Clouds,normal
3455113,Mogi das Cruzes,1727551748,26.73,68,1014,Clear,normal
3455113,Mogi das Cruzes,1727638148,18.79,72,1010,Clear,normal
3455113,Mogi das Cruzes,1727724548,20.04,89,1013,Thunderstorm,storm_event
3455113,Mogi das Cruzes,1727810948,15.37,67,1016,Clear,normal
3455113,Mogi das Cruzes,1727897348,24.99,92,1013,Rain,normal
3455113,Mogi das Cruzes,1727983748,22.13,49,1011,Clouds,normal
3455113,Mogi das Cruzes,1728070148,27.67,35,1012,Clouds,drought
3455113,Mogi das Cruzes,1728156548,18.54,42,1018,Clear,normal
3455113,Mogi das Cruzes,1728242948,20.04,58,1017,Clouds,normal
3455113,Mogi das Cruzes,1728329348,22.32,60,1015,Clouds,normal
3455113,Mogi das Cruzes,1728415748,25.2,71,1011,Clear,normal
3455113,Mogi das Cruzes,1728502148,19.09,97,1008,Thunderstorm,storm_event
3455113,Mogi das Cruzes,1728588548,20.81,63,1018,Clear,normal
3455113,Mogi das Cruzes,1728674948,12.46,52,1017,Clear,cold_snap
3455113,Mogi das Cruzes,1728761348,18.46,40,1009,Clear,normal
3455113,Mogi das Cruzes,1728847748,17.51,41,1017,Clear,normal
3455113,Mogi das Cruzes,1728934148,13.44,93,1009,Rain,storm_event
3455113,Mogi das Cruzes,1729020548,23.31,83,1021,Clear,normal
3455113,Mogi das Cruzes,1729106948,17.49,85,1016,Clear,normal
3455113,Mogi das Cruzes,1729193348,21.73,63,1008,Clouds,pressure_drop
3455113,Mogi das Cruzes,1729279748,20.64,93,1013,Thunderstorm,storm_event
3455113,Mogi das Cruzes,1729366148,18.07,96,1012,Thunderstorm,storm_event
3455113,Mogi das Cruzes,1729452548,20.7,95,1009,Rain,storm_event
3455113,Mogi das Cruzes,1729538948,20.49,97,1009,Rain,storm_event
3455113,Mogi das Cruzes,1729625348,20.85,67,1015,Clear,normal
3455113,Mogi das Cruzes,1729711748,16.4,74,1020,Clouds,normal
3455113,Mogi das Cruzes,1729798148,21.49,63,1015,Drizzle,normal
3455113,Mogi das Cruzes,1729884548,23.73,88,1011,Clear,normal
3455113,Mogi das Cruzes,1729970948,21.18,55,1011,Clear,normal
3455113,Mogi das Cruzes,1730057348,17.58,98,1014,Drizzle,extreme_humidity
3455113,Mogi das Cruzes,1730143748,20.94,92,1019,Rain,normal
3455113,Mogi das Cruzes,1730230148,12.46,67,1017,Clear,cold_snap
3455113,Mogi das Cruzes,1730316548,23.3,50,1011,Clouds,normal
3455113,Mogi das Cruzes,1730402948,17.25,51,1013,Clear,normal
3455113,Mogi das Cruzes,1730489348,23.66,75,1016,Clear,normal
3455113,Mogi das Cruzes,1730575748,19.66,74,1014,Clear,normal
3455113,Mogi das Cruzes,1730662148,24.22,66,1018,Clear,normal
3455113,Mogi das Cruzes,1730748548,24.38,68,1016,Rain,normal
3455113,Mogi das Cruzes,1730834948,23.78,92,1018,Clear,normal
3455113,Mogi das Cruzes,1730921348,18.53,79,1014,Clouds,normal
3455113,Mogi das Cruzes,1731007748,24.0,72,1008,Clear,pressure_drop
3455113,Mogi das Cruzes,1731094148,21.13,91,1011,Thunderstorm,storm_event
3455113,Mogi das Cruzes,1731180548,25.48,85,1016,Clear,normal
3455113,Mogi das Cruzes,1731266948,20.77,97,1018,Rain,extreme_humidity
3455113,Mogi das Cruzes,1731353348,20.82,68,1022,Rain,normal
3455113,Mogi das Cruzes,1731439748,21.52,68,1019,Clouds,normal
3455113,Mogi das Cruzes,1731526148,17.88,59,1013,Clear,normal
3455113,Mogi das Cruzes,1731612548,19.35,98,1015,Clouds,extreme_humidity
3455113,Mogi das Cruzes,1731698948,19.13,52,1016,Clouds,normal
3455113,Mogi das Cruzes,1731785348,18.49,77,1019,Clouds,normal
3455113,Mogi das Cruzes,1731871748,20.23,78,1015,Clouds,normal
3455113,Mogi das Cruzes,1731958148,19.92,64,1015,Clear,normal
3455113,Mogi das Cruzes,1732044548,25.22,67,1010,Clouds,normal
3455113,Mogi das Cruzes,1732130948,25.7,68,1014,Clouds,normal
3455113,Mogi das Cruzes,1732217348,22.63,66,1011,Clouds,normal
3455113,Mogi das Cruzes,1732303748,20.92,78,1014,Clouds,normal
3455113,Mogi das Cruzes,1732390148,21.21,59,1015,Clear,normal
3455113,Mogi das Cruzes,1732476548,17.96,87,1009,Rain,normal
3455113,Mogi das Cruzes,1732562948,24.69,46,1014,Clouds,normal
3455113,Mogi das Cruzes,1732649348,24.17,92,1014,Clear,normal
3455113,Mogi das Cruzes,1732735748,20.84,69,1016,Clear,normal
3455113,Mogi das Cruzes,1732822148,20.64,92,1011,Thunderstorm,storm_event
3455113,Mogi das Cruzes,1732908548,16.53,72,1020,Clear,normal
3455113,Mogi das Cruzes,1732994948,18.51,50,1017,Clouds,normal
3455113,Mogi das Cruzes,1733081348,24.13,43,1015,Clear,normal
3455113,Mogi das Cruzes,1733167748,23.61,92,1009,Rain,normal
3455113,Mogi das Cruzes,1733254148,24.76,97,1012,Thunderstorm,storm_event
3455113,Mogi das Cruzes,1733340548,22.54,59,1015,Clear,normal
3455113,Mogi das Cruzes,1733426948,23.21,98,1015,Drizzle,extreme_humidity
3455113,Mogi das Cruzes,1733513348,25.71,72,1012,Rain,normal
3455113,Mogi das Cruzes,1733599748,24.64,72,1011,Clear,normal
3455113,Mogi das Cruzes,1733686148,24.97,89,1017,Clouds,normal
3455113,Mogi das Cruzes,1733772548,28.43,60,1019,Clear,normal
3455113,Mogi das Cruzes,1733858948,25.43,52,1013,Clear,normal
3455113,Mogi das Cruzes,1733945348,24.8,73,1012,Rain,normal
3455113,Mogi das Cruzes,1734031748,27.41,88,1020,Clear,normal
3455113,Mogi das Cruzes,1734118148,28.75,70,1013,Clear,normal
3455113,Mogi das Cruzes,1734204548,27.55,92,1019,Clear,normal
3455113,Mogi das Cruzes,1734290948,27.07,73,1014,Clear,normal
3455113,Mogi das Cruzes,1734377348,25.09,54,1016,Clear,normal
3455113,Mogi das Cruzes,1734463748,25.12,71,1018,Clouds,normal
3455113,Mogi das Cruzes,1734550148,24.18,58,1014,Clouds,normal
3455113,Mogi das Cruzes,1734636548,24.95,81,1013,Drizzle,normal
3455113,Mogi das Cruzes,1734722948,25.88,60,1019,Clear,normal
3455113,Mogi das Cruzes,1734809348,25.43,65,1016,Clouds,normal
3455113,Mogi das Cruzes,1734895748,22.34,70,1009,Clouds,normal
3455113,Mogi das Cruzes,1734982148,25.23,48,1010,Clear,normal
3455113,Mogi das Cruzes,1735068548,20.4,70,1013,Clear,normal
3455113,Mogi das Cruzes,1735154948,23.48,55,1013,Clear,normal
3455113,Mogi das Cruzes,1735241348,24.66,80,1012,Drizzle,normal
3455113,Mogi das Cruzes,1735327748,23.31,97,1011,Clouds,extreme_humidity
3455113,Mogi das Cruzes,1735414148,23.04,73,1015,Clouds,normal
3455113,Mogi das Cruzes,1735500548,26.9,84,1017,Clear,normal
3455113,Mogi das Cruzes,1735586948,19.07,92,1008,Drizzle,pressure_drop
3455113,Mogi das Cruzes,1735673348,24.13,84,1018,Clear,normal
3455113,Mogi das Cruzes,1735759748,24.31,58,1015,Rain,normal
3455113,Mogi das Cruzes,1735846148,26.22,58,1015,Clouds,normal
3455113,Mogi das Cruzes,1735932548,30.56,61,1018,Rain,normal
3455113,Mogi das Cruzes,1736018948,25.06,97,1011,Thunderstorm,storm_event
3455113,Mogi das Cruzes,1736105348,28.54,64,1009,Clouds,normal
3455113,Mogi das Cruzes,1736191748,25.76,64,1013,Clear,normal
3455113,Mogi das Cruzes,1736278148,20.42,66,1015,Clouds,normal
3455113,Mogi das Cruzes,1736364548,25.45,71,1016,Clear,normal
3455113,Mogi das Cruzes,1736450948,30.26,49,1013,Clear,normal
3455113,Mogi das Cruzes,1736537348,26.19,60,1015,Clear,normal
3455113,Mogi das Cruzes,1736623748,26.8,54,1016,Clear,normal
3455113,Mogi das Cruzes,1736710148,26.76,60,1011,Clear,normal
3455113,Mogi das Cruzes,1736796548,26.98,84,1011,Clear,normal
3455113,Mogi das Cruzes,1736882948,24.87,68,1009,Rain,normal
3455113,Mogi das Cruzes,1736969348,24.14,60,1018,Rain,normal
3455113,Mogi das Cruzes,1737055748,21.43,70,1009,Clouds,normal
3455113,Mogi das Cruzes,1737142148,26.61,45,1014,Clouds,normal
3455113,Mogi das Cruzes,1737228548,25.64,85,1010,Rain,normal
3455113,Mogi das Cruzes,1737314948,23.48,53,1018,Clear,normal
3455113,Mogi das Cruzes,1737401348,24.6,70,1018,Clouds,normal
3455113,Mogi das Cruzes,1737487748,25.3,56,1018,Clear,normal
3455113,Mogi das Cruzes,1737574148,23.19,83,1016,Clear,normal
3455113,Mogi das Cruzes,1737660548,17.77,58,1015,Clear,cold_snap
3455113,Mogi das Cruzes,1737746948,25.44,63,1010,Rain,normal
3455113,Mogi das Cruzes,1737833348,25.1,61,1015,Clear,normal
3455113,Mogi das Cruzes,1737919748,27.17,54,1018,Clouds,normal
3455113,Mogi das Cruzes,1738006148,30.23,56,1010,Clouds,normal
3455113,Mogi das Cruzes,1738092548,26.64,90,1016,Rain,normal
3455113,Mogi das Cruzes,1738178948,25.6,97,1013,Thunderstorm,storm_event
3455113,Mogi das Cruzes,1738265348,23.83,89,1008,Thunderstorm,storm_event
3455113,Mogi das Cruzes,1738351748,23.94,59,1014,Clear,normal
3455113,Mogi das Cruzes,1738438148,25.68,73,1009,Rain,normal
3455113,Mogi das Cruzes,1738524548,24.74,92,1010,Rain,normal
3455113,Mogi das Cruzes,1738610948,20.61,41,1014,Clear,normal
3455113,Mogi das Cruzes,1738697348,22.05,97,1016,Drizzle,extreme_humidity
3455113,Mogi das Cruzes,1738783748,24.91,72,1016,Clouds,normal
3455113,Mogi das Cruzes,1738870148,23.26,64,1019,Clear,normal
3455113,Mogi das Cruzes,1738956548,29.09,86,1008,Drizzle,pressure_drop
3455113,Mogi das Cruzes,1739042948,24.75,57,1009,Drizzle,normal
3455113,Mogi das Cruzes,1739129348,25.85,57,1016,Drizzle,normal
3455113,Mogi das Cruzes,1739215748,23.25,82,1014,Clouds,normal
3455113,Mogi das Cruzes,1739302148,25.76,65,1016,Clear,normal
3455113,Mogi das Cruzes,1739388548,22.6,73,1018,Clear,normal
3455113,Mogi das Cruzes,1739474948,24.12,69,1014,Clear,normal
3455113,Mogi das Cruzes,1739561348,24.6,65,1011,Clear,normal
3455113,Mogi das Cruzes,1739647748,30.36,56,1018,Clear,normal
3455113,Mogi das Cruzes,1739734148,22.42,40,1020,Clear,normal
3455113,Mogi das Cruzes,1739820548,18.8,62,1018,Clouds,cold_snap
3455113,Mogi das Cruzes,1739906948,26.76,89,1013,Thunderstorm,storm_event
3455113,Mogi das Cruzes,1739993348,28.18,73,1014,Drizzle,normal
3455113,Mogi das Cruzes,1740079748,25.2,78,1021,Clouds,normal
3455113,Mogi das Cruzes,1740166148,23.63,92,1013,Thunderstorm,storm_event
3455113,Mogi das Cruzes,1740252548,28.3,78,1017,Clear,normal
3455113,Mogi das Cruzes,1740338948,28.17,84,1018,Rain,normal
3455113,Mogi das Cruzes,1740425348,28.75,65,1016,Rain,normal
3455113,Mogi das Cruzes,1740511748,25.81,57,1016,Clouds,normal
3455113,Mogi das Cruzes,1740598148,24.05,72,1016,Clear,normal
3455113,Mogi das Cruzes,1740684548,22.59,95,1012,Thunderstorm,storm_event
3455113,Mogi das Cruzes,1740770948,21.95,66,1014,Clear,normal
3455113,Mogi das Cruzes,1740857348,21.96,63,1011,Rain,normal
3455113,Mogi das Cruzes,1740943748,27.71,48,1014,Clear,normal
3455113,Mogi das Cruzes,1741030148,26.23,88,1009,Thunderstorm,storm_event
3455113,Mogi das Cruzes,1741116548,29.65,62,1016,Clear,normal
3455113,Mogi das Cruzes,1741202948,21.64,40,1015,Clear,normal
3455113,Mogi das Cruzes,1741289348,27.82,62,1019,Clear,normal
3455113,Mogi das Cruzes,1741375748,25.6,50,1009,Clear,normal
3455113,Mogi das Cruzes,1741462148,24.02,42,1016,Clear,normal
3455113,Mogi das Cruzes,1741548548,26.75,60,1018,Clear,normal
3455113,Mogi das Cruzes,1741634948,22.61,93,1009,Rain,storm_event
3455113,Mogi das Cruzes,1741721348,25.07,92,1014,Clear,normal
3455113,Mogi das Cruzes,1741807748,30.3,69,1012,Clear,normal
3455113,Mogi das Cruzes,1741894148,23.82,91,1013,Thunderstorm,storm_event
3455113,Mogi das Cruzes,1741980548,26.9,90,1013,Clouds,normal
3455113,Mogi das Cruzes,1742066948,31.21,36,1012,Clouds,drought
3455113,Mogi das Cruzes,1742153348,30.27,89,1018,Clear,normal
3455113,Mogi das Cruzes,1742239748,26.43,71,1008,Clear,pressure_drop
3455113,Mogi das Cruzes,1742326148,28.2,53,1010,Clear,normal
3455113,Mogi das Cruzes,1742412548,30.79,57,1013,Clear,normal
3455113,Mogi das Cruzes,1742498948,29.91,44,1011,Clear,normal
3455113,Mogi das Cruzes,1742585348,26.37,75,1013,Clouds,normal
3455113,Mogi das Cruzes,1742671748,24.72,64,1011,Rain,normal
3455113,Mogi das Cruzes,1742758148,28.34,50,1015,Clear,normal
3455113,Mogi das Cruzes,1742844548,23.43,82,1021,Clear,normal
3455113,Mogi das Cruzes,1742930948,22.67,55,1020,Rain,normal
3455113,Mogi das Cruzes,1743017348,29.18,66,1017,Clouds,normal
3455113,Mogi das Cruzes,1743103748,29.45,65,1008,Clouds,pressure_drop
3455113,Mogi das Cruzes,1743190148,29.57,58,1014,Rain,normal
3455113,Mogi das Cruzes,1743276548,27.12,74,1015,Clear,normal
3455113,Mogi das Cruzes,1743362948,24.19,80,1012,Rain,normal
3455113,Mogi das Cruzes,1743449348,24.1,43,1013,Clear,normal
3455113,Mogi das Cruzes,1743535748,19.33,52,1017,Clouds,normal
3455113,Mogi das Cruzes,1743622148,20.25,55,1009,Drizzle,normal
3455113,Mogi das Cruzes,1743708548,16.87,46,1016,Clouds,normal
3455113,Mogi das Cruzes,1743794948,16.8,82,1014,Clouds,normal
3455113,Mogi das Cruzes,1743881348,24.72,76,1016,Clouds,normal
3455113,Mogi das Cruzes,1743967748,21.06,73,1008,Clouds,pressure_drop
3455113,Mogi das Cruzes,1744054148,24.18,63,1016,Clouds,normal
3455113,Mogi das Cruzes,1744140548,22.57,92,1018,Clear,normal
3455113,Mogi das Cruzes,1744226948,22.27,89,1022,Clouds,normal
3455113,Mogi das Cruzes,1744313348,21.5,40,1018,Clear,normal
3455113,Mogi das Cruzes,1744399748,18.6,40,1015,Clear,normal
3455113,Mogi das Cruzes,1744486148,19.82,61,1013,Clear,normal
3455113,Mogi das Cruzes,1744572548,17.96,89,1015,Rain,normal
3455113,Mogi das Cruzes,1744658948,13.77,75,1020,Clear,cold_snap
3455113,Mogi das Cruzes,1744745348,23.58,50,1015,Clouds,normal
3455113,Mogi das Cruzes,1744831748,23.66,92,1019,Clear,normal
3455113,Mogi das Cruzes,1744918148,21.45,73,1013,Clouds,normal
3455113,Mogi das Cruzes,1745004548,24.52,80,1021,Clouds,normal
3455113,Mogi das Cruzes,1745090948,19.02,76,1017,Clear,normal
3455113,Mogi das Cruzes,1745177348,22.0,82,1011,Clouds,normal
3455113,Mogi das Cruzes,1745263748,21.01,98,1015,Rain,extreme_humidity
3455113,Mogi das Cruzes,1745350148,19.28,76,1013,Clear,normal
3455113,Mogi das Cruzes,1745436548,21.82,72,1015,Clear,normal
3455113,Mogi das Cruzes,1745522948,13.77,49,1017,Clouds,cold_snap
3455113,Mogi das Cruzes,1745609348,23.56,80,1020,Clouds,normal
3455113,Mogi das Cruzes,1745695748,19.08,92,1013,Clear,normal
3455113,Mogi das Cruzes,1745782148,19.3,92,1010,Rain,normal
3455113,Mogi das Cruzes,1745868548,15.25,70,1014,Clouds,normal
3455113,Mogi das Cruzes,1745954948,24.37,65,1014,Clear,normal
3455113,Mogi das Cruzes,1746041348,18.19,51,1019,Clouds,normal
3455113,Mogi das Cruzes,1746127748,21.69,92,1010,Clear,normal
3455113,Mogi das Cruzes,1746214148,17.74,70,1013,Clear,normal
3455113,Mogi das Cruzes,1746300548,22.86,65,1011,Clear,normal
3455113,Mogi das Cruzes,1746386948,21.5,55,1014,Rain,normal
3455113,Mogi das Cruzes,1746473348,19.33,69,1011,Clear,normal
3455113,Mogi das Cruzes,1746559748,20.11,59,1015,Rain,normal
3455113,Mogi das Cruzes,1746646148,18.18,69,1017,Drizzle,normal
3455113,Mogi das Cruzes,1746732548,21.11,65,1020,Clear,normal
3455113,Mogi das Cruzes,1746818948,22.96,58,1017,Clear,normal
3455113,Mogi das Cruzes,1746905348,22.86,88,1010,Clear,normal
3455113,Mogi das Cruzes,1746991748,20.79,64,1019,Rain,normal
3455113,Mogi das Cruzes,1747078148,23.45,64,1014,Clear,normal
3455113,Mogi das Cruzes,1747164548,21.75,56,1016,Clear,normal
3455113,Mogi das Cruzes,1747250948,21.24,92,1015,Clouds,normal
3455113,Mogi das Cruzes,1747337348,23.5,92,1019,Rain,normal
3455113,Mogi das Cruzes,1747423748,20.17,98,1013,Clouds,extreme_humidity
3455113,Mogi das Cruzes,1747510148,18.1,67,1018,Clouds,normal
3455113,Mogi das Cruzes,1747596548,20.1,55,1012,Clear,normal
3455113,Mogi das Cruzes,1747682948,19.39,93,1009,Rain,storm_event
3455113,Mogi das Cruzes,1747769348,24.02,48,1019,Clear,normal
3455113,Mogi das Cruzes,1747855748,22.81,62,1017,Clear,normal
3455113,Mogi das Cruzes,1747942148,20.64,84,1015,Rain,normal
3455113,Mogi das Cruzes,1748028548,20.41,45,1017,Clear,normal
3455113,Mogi das Cruzes,1748114948,23.07,92,1015,Rain,normal
3455113,Mogi das Cruzes,1748201348,23.14,71,1015,Clear,normal
3455113,Mogi das Cruzes,1748287748,19.58,73,1009,Clouds,normal
3455113,Mogi das Cruzes,1748374148,22.76,57,1017,Clear,normal
3455113,Mogi das Cruzes,1748460548,17.9,94,1011,Thunderstorm,storm_event
3455113,Mogi das Cruzes,1748546948,20.89,82,1014,Rain,normal
3455113,Mogi das Cruzes,1748633348,22.7,63,1017,Clear,normal
3455113,Mogi das Cruzes,1748719748,23.72,65,1011,Clear,normal
3455113,Mogi das Cruzes,1748806148,20.74,53,1017,Clouds,normal
3455113,Mogi das Cruzes,1748892548,14.98,71,1008,Clouds,pressure_drop
3455113,Mogi das Cruzes,1748978948,14.46,42,1014,Clear,normal
3455113,Mogi das Cruzes,1749065348,17.79,45,1016,Clear,normal
3455113,Mogi das Cruzes,1749151748,21.17,45,1013,Clear,normal
3455113,Mogi das Cruzes,1749238148,19.83,55,1014,Clouds,normal
3455113,Mogi das Cruzes,1749324548,21.06,39,1019,Clear,drought
3455113,Mogi das Cruzes,1749410948,14.06,88,1017,Clouds,normal
3455113,Mogi das Cruzes,1749497348,14.33,55,1014,Rain,normal
3455113,Mogi das Cruzes,1749583748,17.64,40,1013,Clouds,normal
3455113,Mogi das Cruzes,1749670148,19.25,40,1021,Clouds,normal
3455113,Mogi das Cruzes,1749756548,21.44,89,1019,Rain,normal
3455113,Mogi das Cruzes,1749842948,18.29,49,1015,Clouds,normal
3455113,Mogi das Cruzes,1749929348,16.14,98,1011,Clouds,extreme_humidity
3455113,Mogi das Cruzes,1750015748,15.6,62,1015,Rain,normal
3455113,Mogi das Cruzes,1750102148,20.19,65,1020,Rain,normal
3455113,Mogi das Cruzes,1750188548,14.93,40,1010,Clear,normal
3455113,Mogi das Cruzes,1750274948,15.45,40,1014,Clouds,normal
3455113,Mogi das Cruzes,1750361348,9.33,60,1019,Clear,cold_snap
3455113,Mogi das Cruzes,1750447748,21.71,37,1015,Clouds,drought
3455113,Mogi das Cruzes,1750534148,20.07,68,1014,Rain,normal
3455113,Mogi das Cruzes,1750620548,20.9,54,1019,Clouds,normal
3455113,Mogi das Cruzes,1750706948,21.7,74,1019,Clouds,normal
3455113,Mogi das Cruzes,1750793348,18.42,50,1008,Clear,pressure_drop
3455113,Mogi das Cruzes,1750879748,16.65,46,1013,Clouds,normal
3455113,Mogi das Cruzes,1750966148,19.36,63,1017,Clouds,normal
3455113,Mogi das Cruzes,1751052548,23.01,70,1013,Clear,normal
3455113,Mogi das Cruzes,1751138948,21.29,53,1010,Clear,normal
3455113,Mogi das Cruzes,1751225348,21.29,54,1015,Clouds,normal
3455113,Mogi das Cruzes,1751311748,16.78,69,1016,Rain,normal
3455113,Mogi das Cruzes,1751398148,21.65,82,1016,Clear,normal
3455113,Mogi das Cruzes,1751484548,14.38,57,1015,Drizzle,normal
3455113,Mogi das Cruzes,1751570948,17.16,89,1017,Rain,normal
3455113,Mogi das Cruzes,1751657348,16.34,54,1015,Clouds,normal
3455113,Mogi das Cruzes,1751743748,15.1,98,1014,Rain,extreme_humidity
3455113,Mogi das Cruzes,1751830148,17.96,78,1008,Clear,pressure_drop
3455113,Mogi das Cruzes,1751916548,12.56,84,1021,Clear,normal
3455113,Mogi das Cruzes,1752002948,15.3,81,1017,Clouds,normal
3455113,Mogi das Cruzes,1752089348,19.22,53,1013,Clear,normal
3455113,Mogi das Cruzes,1752175748,16.7,75,1019,Clouds,normal
3455113,Mogi das Cruzes,1752262148,13.02,94,1011,Thunderstorm,storm_event
3455113,Mogi das Cruzes,1752348548,10.84,81,1015,Rain,normal
3455113,Mogi das Cruzes,1752434948,16.34,77,1014,Rain,normal
3455113,Mogi das Cruzes,1752521348,13.97,40,1017,Clear,normal
3455113,Mogi das Cruzes,1752607748,14.4,79,1008,Clear,pressure_drop
3455113,Mogi das Cruzes,1752694148,19.38,92,1016,Drizzle,normal
3455113,Mogi das Cruzes,1752780548,16.05,43,1013,Clear,normal
3455113,Mogi das Cruzes,1752866948,13.35,40,1018,Clear,normal
3455113,Mogi das Cruzes,1752953348,18.63,47,1014,Clouds,normal
3455113,Mogi das Cruzes,1753039748,12.47,63,1016,Clear,normal
3455113,Mogi das Cruzes,1753126148,17.08,73,1017,Rain,normal
3455113,Mogi das Cruzes,1753212548,16.04,72,1015,Clouds,normal
3455113,Mogi das Cruzes,1753298948,16.23,82,1011,Clear,normal
3455113,Mogi das Cruzes,1753385348,14.65,71,1022,Clear,normal
3455113,Mogi das Cruzes,1753471748,14.75,96,1012,Thunderstorm,storm_event
3455113,Mogi das Cruzes,1753558148,15.0,92,1017,Rain,normal
3455113,Mogi das Cruzes,1753644548,17.12,76,1014,Rain,normal
3455113,Mogi das Cruzes,1753730948,11.44,71,1015,Clouds,normal
3455113,Mogi das Cruzes,1753817348,6.84,71,1018,Rain,cold_snap
3455113,Mogi das Cruzes,1753903748,16.47,92,1018,Clouds,normal
3455113,Mogi das Cruzes,1753990148,18.73,61,1010,Clouds,normal
3455113,Mogi das Cruzes,1754076548,23.42,40,1018,Clouds,normal
3455113,Mogi das Cruzes,1754162948,17.67,76,1017,Clear,normal
3455113,Mogi das Cruzes,1754249348,21.15,63,1020,Clouds,normal
3455113,Mogi das Cruzes,1754335748,15.86,50,1021,Clouds,normal
3455113,Mogi das Cruzes,1754422148,15.07,92,1012,Thunderstorm,storm_event
3455113,Mogi das Cruzes,1754508548,16.66,72,1019,Rain,normal
3455113,Mogi das Cruzes,1754594948,18.18,92,1014,Rain,normal
3455113,Mogi das Cruzes,1754681348,17.82,79,1014,Clear,normal
3455113,Mogi das Cruzes,1754767748,14.27,54,1009,Clear,normal
3455113,Mogi das Cruzes,1754854148,19.76,92,1009,Rain,normal
3455113,Mogi das Cruzes,1754940548,19.78,57,1015,Clouds,normal
3455113,Mogi das Cruzes,1755026948,9.03,61,1019,Rain,cold_snap
3455113,Mogi das Cruzes,1755113348,15.77,68,1021,Clouds,normal
3455113,Mogi das Cruzes,1755199748,18.98,58,1014,Clouds,normal
3455113,Mogi das Cruzes,1755286148,14.06,60,1020,Clear,normal
3455113,Mogi das Cruzes,1755372548,14.49,69,1016,Clear,normal
3455113,Mogi das Cruzes,1755458948,18.23,65,1012,Drizzle,normal
3455113,Mogi das Cruzes,1755545348,19.32,83,1019,Clear,normal
3455113,Mogi das Cruzes,1755631748,17.04,81,1018,Clear,normal
3455113,Mogi das Cruzes,1755718148,12.16,58,1016,Clear,normal
3455113,Mogi das Cruzes,1755804548,7.31,60,1015,Clouds,cold_snap
3455113,Mogi das Cruzes,1755890948,16.49,64,1021,Clear,normal
3455113,Mogi das Cruzes,1755977348,13.03,46,1015,Clear,normal
3455113,Mogi das Cruzes,1756063748,20.59,92,1021,Drizzle,normal
3455113,Mogi das Cruzes,1756150148,18.78,64,1009,Rain,normal
3455113,Mogi das Cruzes,1756236548,14.68,57,1017,Clear,normal
3455113,Mogi das Cruzes,1756322948,17.45,73,1009,Rain,normal
3455113,Mogi das Cruzes,1756409348,15.65,89,1009,Rain,normal
3455113,Mogi das Cruzes,1756495748,7.31,68,1020,Clouds,cold_snap
3455113,Mogi das Cruzes,1756582148,19.02,65,1015,Clear,normal
3455113,Mogi das Cruzes,1756668548,16.8,79,1017,Rain,normal
3455113,Mogi das Cruzes,1756754948,18.75,68,1012,Clouds,normal
3455113,Mogi das Cruzes,1756841348,22.9,53,1008,Clouds,pressure_drop
3455113,Mogi das Cruzes,1756927748,24.5,84,1008,Rain,pressure_drop
3455113,Mogi das Cruzes,1757014148,25.81,61,1017,Clouds,normal
3455113,Mogi das Cruzes,1757100548,22.48,50,1014,Clear,normal
3455113,Mogi das Cruzes,1757186948,13.84,50,1022,Clouds,cold_snap
3455113,Mogi das Cruzes,1757273348,21.98,68,1016,Clear,normal
3455113,Mogi das Cruzes,1757359748,22.01,55,1020,Clear,normal
3455113,Mogi das Cruzes,1757446148,20.88,54,1012,Clear,normal
3455113,Mogi das Cruzes,1757532548,23.25,54,1012,Clouds,normal
3455113,Mogi das Cruzes,1757618948,21.39,73,1008,Clouds,pressure_drop
3455113,Mogi das Cruzes,1757705348,19.99,93,1009,Rain,storm_event
3455113,Mogi das Cruzes,1757791748,25.74,35,1020,Clear,drought
3455113,Mogi das Cruzes,1757878148,21.83,68,1021,Clear,normal
3455113,Mogi das Cruzes,1757964548,18.75,73,1008,Clouds,pressure_drop
3455113,Mogi das Cruzes,1758050948,16.09,58,1016,Clear,normal
3455113,Mogi das Cruzes,1758137348,21.65,98,1012,Rain,extreme_humidity
3455113,Mogi das Cruzes,1758223748,23.69,55,1015,Rain,normal
3455113,Mogi das Cruzes,1758310148,15.88,57,1009,Drizzle,normal
3455113,Mogi das Cruzes,1758396548,24.0,81,1013,Drizzle,normal
3455113,Mogi das Cruzes,1758482948,21.52,92,1016,Clear,normal
3455113,Mogi das Cruzes,1758569348,19.09,64,1009,Rain,normal
3455113,Mogi das Cruzes,1758655748,23.95,80,1009,Rain,normal
3455113,Mogi das Cruzes,1758742148,17.49,69,1011,Clouds,normal
3455113,Mogi das Cruzes,1758828548,19.84,51,1010,Clear,normal
3455113,Mogi das Cruzes,1758914948,22.25,67,1013,Clear,normal
3455113,Mogi das Cruzes,1759001348,25.17,53,1012,Clouds,normal
3455113,Mogi das Cruzes,1759087748,23.87,55,1009,Clear,normal
3455113,Mogi das Cruzes,1759174148,19.47,65,1015,Clouds,normal
3455113,Mogi das Cruzes,1759260548,22.28,63,1018,Rain,normal
3455113,Mogi das Cruzes,1759346948,18.87,80,1020,Rain,normal
3455113,Mogi das Cruzes,1759433348,19.04,97,1012,Rain,extreme_humidity
3455113,Mogi das Cruzes,1759519748,20.61,92,1011,Rain,normal
3455113,Mogi das Cruzes,1759606148,22.62,85,1016,Clouds,normal
3455113,Mogi das Cruzes,1759692548,17.91,83,1012,Rain,normal
3455113,Mogi das Cruzes,1759778948,22.85,74,1009,Rain,normal
3455113,Mogi das Cruzes,1759865348,19.92,74,1013,Clouds,normal
3455113,Mogi das Cruzes,1759951748,18.87,58,1011,Clouds,normal
3455113,Mogi das Cruzes,1760038148,21.49,92,1010,Thunderstorm,storm_event
3455113,Mogi das Cruzes,1760124548,21.65,63,1010,Clouds,normal
3455113,Mogi das Cruzes,1760210948,26.12,75,1017,Rain,normal
3455113,Mogi das Cruzes,1760297348,15.37,57,1015,Clouds,normal
3455113,Mogi das Cruzes,1760383748,20.32,67,1013,Clear,normal
3455113,Mogi das Cruzes,1760470148,25.07,58,1009,Clear,normal
3455113,Mogi das Cruzes,1760556548,22.49,69,1012,Clouds,normal
3455113,Mogi das Cruzes,1760642948,12.46,71,1017,Clouds,cold_snap
3455113,Mogi das Cruzes,1760729348,19.32,67,1008,Clear,pressure_drop
3455113,Mogi das Cruzes,1760815748,24.11,88,1012,Rain,normal
3455113,Mogi das Cruzes,1760902148,20.7,56,1019,Clear,normal
3455113,Mogi das Cruzes,1760988548,26.48,39,1013,Clear,drought
3455113,Mogi das Cruzes,1761074948,21.56,71,1014,Clouds,normal
3455113,Mogi das Cruzes,1761161348,22.61,40,1014,Clear,normal
3455113,Mogi das Cruzes,1761247748,17.83,45,1014,Clear,normal
3455113,Mogi das Cruzes,1761334148,14.42,93,1009,Rain,storm_event
3455113,Mogi das Cruzes,1761420548,19.65,55,1014,Rain,normal
3455113,Mogi das Cruzes,1761506948,24.06,50,1009,Clear,normal
3455113,Mogi das Cruzes,1761593348,24.41,81,1014,Clouds,normal
3455113,Mogi das Cruzes,1761679748,27.94,83,1008,Rain,pressure_drop
3455113,Mogi das Cruzes,1761766148,17.3,83,1011,Clear,normal
3455113,Mogi das Cruzes,1761852548,15.37,63,1010,Clear,normal
3455113,Mogi das Cruzes,1761938948,17.95,77,1014,Clear,normal
3455113,Mogi das Cruzes,1762025348,22.47,70,1013,Clouds,normal
3455113,Mogi das Cruzes,1762111748,22.43,43,1021,Clear,normal
3455113,Mogi das Cruzes,1762198148,20.2,74,1014,Clouds,normal
3455113,Mogi das Cruzes,1762284548,20.02,97,1012,Thunderstorm,storm_event
3455113,Mogi das Cruzes,1762370948,25.0,59,1015,Clear,normal
3455113,Mogi das Cruzes,1762457348,21.03,83,1008,Clear,pressure_drop
3455113,Mogi das Cruzes,1762543748,20.67,62,1022,Clear,normal
3455113,Mogi das Cruzes,1762630148,21.87,54,1018,Clear,normal
3455113,Mogi das Cruzes,1762716548,18.02,97,1012,Thunderstorm,storm_event
3455113,Mogi das Cruzes,1762802948,16.95,96,1009,Rain,storm_event
3455113,Mogi das Cruzes,1762889348,24.92,85,1010,Clear,normal
3455113,Mogi das Cruzes,1762975748,18.93,76,1013,Clouds,normal
3455113,Mogi das Cruzes,1763062148,23.63,88,1019,Rain,normal
3455113,Mogi das Cruzes,1763148548,23.52,84,1018,Clear,normal
3455113,Mogi das Cruzes,1763234948,18.26,78,1013,Clouds,normal
3455113,Mogi das Cruzes,1763321348,26.04,92,1018,Clouds,normal
3455113,Mogi das Cruzes,1763407748,19.18,81,1020,Clear,normal
3455113,Mogi das Cruzes,1763494148,19.88,72,1011,Clear,normal
3455113,Mogi das Cruzes,1763580548,17.98,78,1016,Clear,normal
3455113,Mogi das Cruzes,1763666948,16.5,48,1017,Clear,normal
3455113,Mogi das Cruzes,1763753348,24.43,64,1008,Rain,pressure_drop
3455113,Mogi das Cruzes,1763839748,19.94,67,1015,Clear,normal
3455113,Mogi das Cruzes,1763926148,17.9,68,1019,Clouds,normal
3455113,Mogi das Cruzes,1764012548,17.51,75,1015,Clear,normal
3455113,Mogi das Cruzes,1764098948,19.29,59,1018,Clear,normal
3455113,Mogi das Cruzes,1764185348,26.04,51,1010,Clouds,normal
3455113,Mogi das Cruzes,1764271748,19.12,70,1014,Clouds,normal
3455113,Mogi das Cruzes,1764358148,17.41,76,1015,Clear,normal
3455113,Mogi das Cruzes,1764444548,23.35,84,1016,Clear,normal
3455113,Mogi das Cruzes,1764530948,22.61,63,1013,Clouds,normal
3455113,Mogi das Cruzes,1764617348,27.4,63,1013,Rain,normal
3455113,Mogi das Cruzes,1764703748,22.18,66,1017,Clouds,normal
3455113,Mogi das Cruzes,1764790148,19.75,92,1018,Clouds,normal
3455113,Mogi das Cruzes,1764876548,30.62,68,1014,Clear,normal
3455113,Mogi das Cruzes,1764962948,26.47,89,1013,Thunderstorm,storm_event
3455113,Mogi das Cruzes,1765049348,21.72,64,1021,Clouds,normal
3455113,Mogi das Cruzes,1765135748,21.03,60,1020,Clear,normal
3455113,Mogi das Cruzes,1765222148,26.13,83,1013,Drizzle,normal
3455113,Mogi das Cruzes,1765308548,28.71,77,1014,Rain,normal
3455113,Mogi das Cruzes,1765394948,26.98,77,1015,Clear,normal
3455113,Mogi das Cruzes,1765481348,24.87,74,1017,Clear,normal
3455113,Mogi das Cruzes,1765567748,24.14,77,1013,Rain,normal
3455113,Mogi das Cruzes,1765654148,26.8,66,1014,Clouds,normal
3455113,Mogi das Cruzes,1765740548,24.57,94,1009,Rain,storm_event
3455113,Mogi das Cruzes,1765826948,28.49,68,1013,Clear,normal
3455113,Mogi das Cruzes,1765913348,26.33,62,1018,Clear,normal
3455113,Mogi das Cruzes,1765999748,26.35,57,1018,Clouds,normal
3455113,Mogi das Cruzes,1766086148,14.76,66,1017,Clear,cold_snap
3455113,Mogi das Cruzes,1766172548,26.97,55,1016,Rain,normal
3455113,Mogi das Cruzes,1766258948,22.63,66,1013,Clouds,normal
3455113,Mogi das Cruzes,1766345348,23.64,53,1016,Clouds,normal
3455113,Mogi das Cruzes,1766431748,22.53,60,1017,Clear,normal
3455113,Mogi das Cruzes,1766518148,26.51,54,1012,Clear,normal
3455113,Mogi das Cruzes,1766604548,21.39,89,1015,Drizzle,normal
3455113,Mogi das Cruzes,1766690948,28.43,57,1015,Clouds,normal
3455113,Mogi das Cruzes,1766777348,20.65,64,1010,Clouds,normal
3455113,Mogi das Cruzes,1766863748,26.91,76,1014,Clear,normal
3455113,Mogi das Cruzes,1766950148,23.56,69,1009,Rain,normal
3455113,Mogi das Cruzes,1767036548,14.76,46,1015,Clear,cold_snap
3455113,Mogi das Cruzes,1767122948,25.64,43,1013,Clear,normal
3455113,Mogi das Cruzes,1767209348,23.65,62,1015,Clear,normal
3455113,Mogi das Cruzes,1767295748,22.81,70,1014,Rain,normal
3455113,Mogi das Cruzes,1767382148,25.86,68,1014,Clear,normal
3455113,Mogi das Cruzes,1767468548,25.44,98,1019,Drizzle,extreme_humidity
3455113,Mogi das Cruzes,1767554948,27.54,74,1013,Clear,normal
3455113,Mogi das Cruzes,1767641348,16.51,68,1021,Clear,cold_snap
3455113,Mogi das Cruzes,1767727748,25.04,88,1014,Clouds,normal
3455113,Mogi das Cruzes,1767814148,26.18,82,1012,Clouds,normal
3455113,Mogi das Cruzes,1767900548,25.59,83,1009,Rain,normal
3455113,Mogi das Cruzes,1767986948,25.46,96,1009,Thunderstorm,storm_event
3455113,Mogi das Cruzes,1768073348,28.78,64,1022,Clear,normal
3455113,Mogi das Cruzes,1768159748,22.69,60,1014,Clouds,normal
3455113,Mogi das Cruzes,1768246148,23.48,82,1016,Rain,normal
3455113,Mogi das Cruzes,1768332548,26.4,73,1015,Clouds,normal
3455113,Mogi das Cruzes,1768418948,20.42,73,1015,Rain,normal
3455113,Mogi das Cruzes,1768505348,20.95,71,1015,Clouds,normal
3455113,Mogi das Cruzes,1768591748,21.58,64,1011,Rain,normal
3455113,Mogi das Cruzes,1768678148,30.56,78,1017,Rain,normal
3455113,Mogi das Cruzes,1768764548,27.16,92,1016,Clear,normal
3455113,Mogi das Cruzes,1768850948,26.03,62,1016,Clear,normal
3455113,Mogi das Cruzes,1768937348,28.58,92,1022,Rain,normal
3455113,Mogi das Cruzes,1769023748,26.16,67,1019,Clear,normal
3455113,Mogi das Cruzes,1769110148,26.74,92,1017,Rain,normal
3455113,Mogi das Cruzes,1769196548,23.88,54,1013,Clouds,normal
3455113,Mogi das Cruzes,1769282948,25.9,94,1009,Rain,storm_event
3455113,Mogi das Cruzes,1769369348,26.29,72,1009,Clear,normal
3455113,Mogi das Cruzes,1769455748,24.34,64,1016,Clouds,normal
3455113,Mogi das Cruzes,1769542148,22.59,54,1010,Clear,normal
3455113,Mogi das Cruzes,1769628548,22.74,44,1017,Clear,normal
3455113,Mogi das Cruzes,1769714948,20.46,59,1011,Clear,normal
3455113,Mogi das Cruzes,1769801348,20.52,71,1008,Rain,pressure_drop
3455113,Mogi das Cruzes,1769887748,25.72,61,1020,Clear,normal
3455113,Mogi das Cruzes,1769974148,21.77,97,1009,Rain,storm_event
3455113,Mogi das Cruzes,1770060548,23.19,60,1009,Clear,normal
3455113,Mogi das Cruzes,1770146948,25.43,44,1017,Clouds,normal
3455113,Mogi das Cruzes,1770233348,24.6,91,1013,Thunderstorm,storm_event
3455113,Mogi das Cruzes,1770319748,24.73,79,1016,Clouds,normal
3455113,Mogi das Cruzes,1770406148,26.6,71,1008,Clouds,pressure_drop
3455113,Mogi das Cruzes,1770492548,19.85,83,1014,Clear,normal
3455113,Mogi das Cruzes,1770578948,29.77,72,1014,Rain,normal
3455113,Mogi das Cruzes,1770665348,30.36,66,1021,Clouds,normal
3455113,Mogi das Cruzes,1770751748,25.2,81,1012,Clear,normal
3455113,Mogi das Cruzes,1770838148,27.65,63,1014,Clouds,normal
3455113,Mogi das Cruzes,1770924548,29.03,90,1013,Clear,normal
3455113,Mogi das Cruzes,1771010948,23.79,84,1010,Drizzle,normal
3455113,Mogi das Cruzes,1771097348,25.61,98,1009,Rain,storm_event
3455113,Mogi das Cruzes,1771183748,23.76,64,1009,Clouds,normal
3455113,Mogi das Cruzes,1771270148,28.59,73,1010,Rain,normal
3455113,Mogi das Cruzes,1771356548,30.36,65,1019,Clouds,normal
3455113,Mogi das Cruzes,1771442948,20.31,55,1018,Clear,normal
3455113,Mogi das Cruzes,1771529348,24.59,48,1015,Clear,normal
3455113,Mogi das Cruzes,1771615748,22.52,52,1016,Clear,normal
3455113,Mogi das Cruzes,1771702148,25.09,40,1017,Clear,normal
3455113,Mogi das Cruzes,1771788548,24.46,69,1018,Clear,normal
3455113,Mogi das Cruzes,1771874948,25.29,47,1016,Clear,normal
3455113,Mogi das Cruzes,1771961348,21.06,98,1014,Rain,extreme_humidity
3455113,Mogi das Cruzes,1772047748,27.4,83,1014,Clear,normal
3455113,Mogi das Cruzes,1772134148,26.53,61,1016,Clear,normal
3455113,Mogi das Cruzes,1772220548,29.02,88,1011,Rain,normal
3455113,Mogi das Cruzes,1772306948,28.86,71,1017,Clouds,normal
3455113,Mogi das Cruzes,1772393348,26.64,72,1014,Clouds,normal
3455113,Mogi das Cruzes,1772479748,25.31,75,1022,Rain,normal
3455113,Mogi das Cruzes,1772566148,24.74,65,1011,Clear,normal
3455113,Mogi das Cruzes,1772652548,26.49,69,1018,Clouds,normal
3455113,Mogi das Cruzes,1772738948,26.1,62,1015,Clouds,normal
3455113,Mogi das Cruzes,1772825348,21.49,57,1008,Rain,pressure_drop
3455113,Mogi das Cruzes,1772911748,23.89,71,1012,Clear,normal
3455113,Mogi das Cruzes,1772998148,26.28,65,1014,Clear,normal
3455113,Mogi das Cruzes,1773084548,27.68,98,1009,Clouds,extreme_humidity
3455113,Mogi das Cruzes,1773170948,29.12,78,1020,Clouds,normal
3455113,Mogi das Cruzes,1773257348,23.06,48,1014,Clear,normal
3455113,Mogi das Cruzes,1773343748,25.77,74,1016,Rain,normal
3455113,Mogi das Cruzes,1773430148,23.87,80,1019,Clear,normal
3455113,Mogi das Cruzes,1773516548,25.4,75,1011,Clear,normal
3455113,Mogi das Cruzes,1773602948,25.59,46,1022,Clouds,normal
3455113,Mogi das Cruzes,1773689348,27.76,48,1021,Clear,normal
3455113,Mogi das Cruzes,1773775748,25.9,50,1008,Rain,pressure_drop
3455113,Mogi das Cruzes,1773862148,25.23,71,1009,Clear,normal
3455113,Mogi das Cruzes,1773948548,27.2,56,1014,Clear,normal
3455113,Mogi das Cruzes,1774034948,28.09,45,1021,Clear,normal
3455113,Mogi das Cruzes,1774121348,28.47,76,1012,Clear,normal
3455113,Mogi das Cruzes,1774207748,25.26,59,1010,Clouds,normal
3455113,Mogi das Cruzes,1774294148,24.67,63,1019,Clear,normal
3455113,Mogi das Cruzes,1774380548,24.23,97,1017,Rain,extreme_humidity
3455113,Mogi das Cruzes,1774466948,24.78,59,1008,Drizzle,pressure_drop
3455113,Mogi das Cruzes,1774553348,28.41,42,1011,Clear,normal
3455113,Mogi das Cruzes,1774639748,23.43,77,1022,Clouds,normal
3455113,Mogi das Cruzes,1774726148,31.47,36,1018,Clouds,drought
3455113,Mogi das Cruzes,1774812548,23.89,97,1012,Rain,extreme_humidity
3455113,Mogi das Cruzes,1774898948,24.61,40,1014,Clear,normal
3455113,Mogi das Cruzes,1774985348,29.12,90,1015,Clouds,normal
3455113,Mogi das Cruzes,1775071748,20.29,75,1015,Clouds,normal
3455113,Mogi das Cruzes,1775158148,18.14,92,1009,Clouds,normal
3455113,Mogi das Cruzes,1775244548,20.79,76,1012,Clear,normal
3455113,Mogi das Cruzes,1775330948,21.51,90,1016,Clouds,normal
3455113,Mogi das Cruzes,1775417348,18.83,75,1019,Clouds,normal
3455113,Mogi das Cruzes,1775503748,22.98,46,1013,Clear,normal
3455113,Mogi das Cruzes,1775590148,24.72,70,1012,Clear,normal
3455113,Mogi das Cruzes,1775676548,19.66,80,1014,Clear,normal
3455113,Mogi das Cruzes,1775762948,18.56,92,1019,Clear,normal
3455113,Mogi das Cruzes,1775849348,17.99,44,1014,Clear,normal
3455113,Mogi das Cruzes,1775935748,19.17,85,1012,Clouds,normal
3455113,Mogi das Cruzes,1776022148,19.78,92,1017,Rain,normal
3455113,Mogi das Cruzes,1776108548,17.08,60,1017,Clouds,normal
3455113,Mogi das Cruzes,1776194948,21.54,97,1015,Clouds,extreme_humidity
3455113,Mogi das Cruzes,1776281348,23.38,47,1021,Clouds,normal
3455113,Mogi das Cruzes,1776367748,18.04,98,1011,Drizzle,extreme_humidity
3455113,Mogi das Cruzes,1776454148,20.58,76,1013,Rain,normal
3455113,Mogi das Cruzes,1776540548,23.15,74,1010,Clouds,normal
3455113,Mogi das Cruzes,1776626948,21.68,92,1011,Drizzle,normal
3455113,Mogi das Cruzes,1776713348,17.5,80,1013,Clear,normal
3455113,Mogi das Cruzes,1776799748,17.59,79,1011,Rain,normal
3455113,Mogi das Cruzes,1776886148,23.05,61,1016,Clear,normal
3455113,Mogi das Cruzes,1776972548,19.7,71,1012,Clear,normal
3455113,Mogi das Cruzes,1777058948,19.59,72,1019,Clear,normal
3455113,Mogi das Cruzes,1777145348,22.13,92,1017,Drizzle,normal
3455113,Mogi das Cruzes,1777231748,18.19,47,1017,Clear,normal
3455113,Mogi das Cruzes,1777318148,21.53,97,1011,Thunderstorm,storm_event
3455113,Mogi das Cruzes,1777404548,21.52,82,1022,Clouds,normal
3455113,Mogi das Cruzes,1777490948,15.25,54,1016,Clouds,normal
3455113,Mogi das Cruzes,1777577348,18.66,97,1014,Rain,extreme_humidity
3455113,Mogi das Cruzes,1777663748,21.93,85,1021,Clouds,normal
3455113,Mogi das Cruzes,1777750148,18.47,65,1014,Clouds,normal
3455113,Mogi das Cruzes,1777836548,20.74,62,1020,Clear,normal
3455113,Mogi das Cruzes,1777922948,21.28,71,1017,Clear,normal
3455113,Mogi das Cruzes,1778009348,24.99,47,1016,Clear,normal
3455113,Mogi das Cruzes,1778095748,20.17,89,1017,Rain,normal
3455113,Mogi das Cruzes,1778182148,17.23,74,1012,Clouds,normal
3455113,Mogi das Cruzes,1778268548,21.11,64,1009,Rain,normal
3455113,Mogi das Cruzes,1778354948,20.54,72,1012,Rain,normal
3455113,Mogi das Cruzes,1778441348,23.05,80,1017,Clear,normal
3455113,Mogi das Cruzes,1778527748,23.28,81,1008,Drizzle,pressure_drop
3455113,Mogi das Cruzes,1778614148,21.53,61,1014,Clouds,normal
3455113,Mogi das Cruzes,1778700548,25.05,40,1014,Clear,normal
3448332,Santos,1715714948,24.49,44,1009,Clear,normal
3448332,Santos,1715801348,23.89,55,1014,Rain,normal
3448332,Santos,1715887748,22.51,44,1013,Clear,normal
3448332,Santos,1715974148,20.46,54,1016,Clear,normal
3448332,Santos,1716060548,25.18,92,1016,Clear,normal
3448332,Santos,1716146948,19.82,51,1017,Clear,normal
3448332,Santos,1716233348,22.54,52,1014,Clouds,normal
3448332,Santos,1716319748,26.78,37,1015,Clouds,drought
3448332,Santos,1716406148,24.55,81,1009,Clear,normal
3448332,Santos,1716492548,22.15,43,1018,Clear,normal
3448332,Santos,1716578948,24.44,56,1010,Clear,normal
3448332,Santos,1716665348,16.26,54,1013,Clear,normal
3448332,Santos,1716751748,13.08,62,1020,Clouds,cold_snap
3448332,Santos,1716838148,15.88,75,1016,Clouds,normal
3448332,Santos,1716924548,26.66,81,1016,Rain,normal
3448332,Santos,1717010948,22.89,71,1013,Clear,normal
3448332,Santos,1717097348,21.04,75,1015,Clear,normal
3448332,Santos,1717183748,21.05,62,1020,Clear,normal
3448332,Santos,1717270148,14.98,40,1014,Clear,normal
3448332,Santos,1717356548,14.63,75,1015,Clouds,normal
3448332,Santos,1717442948,16.61,97,1009,Rain,extreme_humidity
3448332,Santos,1717529348,15.01,74,1013,Rain,normal
3448332,Santos,1717615748,16.55,89,1016,Clouds,normal
3448332,Santos,1717702148,13.74,63,1014,Rain,normal
3448332,Santos,1717788548,12.21,50,1009,Clear,normal
3448332,Santos,1717874948,15.15,72,1011,Clouds,normal
3448332,Santos,1717961348,17.94,65,1015,Clear,normal
3448332,Santos,1718047748,7.65,44,1019,Clouds,cold_snap
3448332,Santos,1718134148,20.49,38,1013,Clear,drought
3448332,Santos,1718220548,15.43,71,1017,Drizzle,normal
3448332,Santos,1718306948,17.49,87,1013,Rain,normal
3448332,Santos,1718393348,19.46,58,1008,Drizzle,pressure_drop
3448332,Santos,1718479748,17.01,76,1015,Clouds,normal
3448332,Santos,1718566148,20.01,59,1008,Rain,pressure_drop
3448332,Santos,1718652548,16.19,66,1016,Clear,normal
3448332,Santos,1718738948,16.13,82,1014,Clear,normal
3448332,Santos,1718825348,15.82,92,1014,Clear,normal
3448332,Santos,1718911748,16.65,58,1016,Clear,normal
3448332,Santos,1718998148,16.74,65,1014,Clear,normal
3448332,Santos,1719084548,7.65,57,1020,Rain,cold_snap
3448332,Santos,1719170948,20.36,60,1015,Clear,normal
3448332,Santos,1719257348,17.89,48,1016,Clear,normal
3448332,Santos,1719343748,15.43,40,1022,Clouds,normal
3448332,Santos,1719430148,17.08,52,1019,Clouds,normal
3448332,Santos,1719516548,14.24,81,1010,Drizzle,normal
3448332,Santos,1719602948,20.5,48,1013,Clouds,normal
3448332,Santos,1719689348,11.13,81,1011,Clouds,normal
3448332,Santos,1719775748,17.05,74,1009,Rain,normal
3448332,Santos,1719862148,15.16,98,1011,Drizzle,extreme_humidity
3448332,Santos,1719948548,12.98,85,1014,Clear,normal
3448332,Santos,1720034948,12.39,61,1012,Clear,normal
3448332,Santos,1720121348,15.54,98,1017,Clouds,extreme_humidity
3448332,Santos,1720207748,16.31,77,1016,Clear,normal
3448332,Santos,1720294148,20.55,60,1015,Clear,normal
3448332,Santos,1720380548,20.7,38,1014,Clear,drought
3448332,Santos,1720466948,15.29,79,1012,Clear,normal
3448332,Santos,1720553348,15.66,81,1009,Clouds,normal
3448332,Santos,1720639748,21.42,56,1018,Clear,normal
3448332,Santos,1720726148,21.91,77,1022,Clear,normal
3448332,Santos,1720812548,17.96,41,1013,Clear,normal
3448332,Santos,1720898948,18.71,78,1017,Clear,normal
3448332,Santos,1720985348,16.04,63,1010,Rain,normal
3448332,Santos,1721071748,18.1,56,1014,Clouds,normal
3448332,Santos,1721158148,19.83,48,1012,Clear,normal
3448332,Santos,1721244548,19.04,92,1016,Rain,normal
3448332,Santos,1721330948,21.7,52,1022,Clouds,normal
3448332,Santos,1721417348,18.91,78,1010,Clear,normal
3448332,Santos,1721503748,17.76,69,1022,Clouds,normal
3448332,Santos,1721590148,21.6,61,1014,Clear,normal
3448332,Santos,1721676548,12.39,60,1016,Clear,normal
3448332,Santos,1721762948,13.65,70,1013,Drizzle,normal
3448332,Santos,1721849348,11.69,98,1009,Rain,storm_event
3448332,Santos,1721935748,20.71,78,1008,Rain,pressure_drop
3448332,Santos,1722022148,17.25,82,1018,Drizzle,normal
3448332,Santos,1722108548,18.3,67,1019,Clear,normal
3448332,Santos,1722194948,18.07,65,1009,Clear,normal
3448332,Santos,1722281348,15.95,88,1011,Thunderstorm,storm_event
3448332,Santos,1722367748,19.36,65,1012,Clear,normal
3448332,Santos,1722454148,17.42,60,1013,Rain,normal
3448332,Santos,1722540548,22.23,92,1015,Clouds,normal
3448332,Santos,1722626948,19.78,81,1014,Rain,normal
3448332,Santos,1722713348,20.49,90,1016,Clear,normal
3448332,Santos,1722799748,16.62,92,1013,Clear,normal
3448332,Santos,1722886148,22.23,83,1013,Rain,normal
3448332,Santos,1722972548,14.68,70,1014,Clouds,normal
3448332,Santos,1723058948,13.56,88,1013,Thunderstorm,storm_event
3448332,Santos,1723145348,17.29,81,1018,Clear,normal
3448332,Santos,1723231748,18.3,77,1014,Clouds,normal
3448332,Santos,1723318148,15.04,62,1015,Clouds,normal
3448332,Santos,1723404548,13.91,85,1008,Clouds,pressure_drop
3448332,Santos,1723490948,16.61,77,1011,Clear,normal
3448332,Santos,1723577348,19.82,55,1015,Clear,normal
3448332,Santos,1723663748,13.9,43,1018,Clouds,normal
3448332,Santos,1723750148,18.16,77,1012,Clouds,normal
3448332,Santos,1723836548,15.76,92,1017,Rain,normal
3448332,Santos,1723922948,18.45,72,1018,Clouds,normal
3448332,Santos,1724009348,16.15,88,1015,Clear,normal
3448332,Santos,1724095748,19.85,87,1008,Clear,pressure_drop
3448332,Santos,1724182148,18.94,70,1017,Clear,normal
3448332,Santos,1724268548,18.18,42,1011,Clear,normal
3448332,Santos,1724354948,22.23,73,1012,Clouds,normal
3448332,Santos,1724441348,14.27,85,1015,Clear,normal
3448332,Santos,1724527748,20.95,71,1008,Rain,pressure_drop
3448332,Santos,1724614148,16.91,75,1014,Clear,normal
3448332,Santos,1724700548,17.82,82,1017,Clear,normal
3448332,Santos,1724786948,19.37,49,1012,Clear,normal
3448332,Santos,1724873348,18.42,83,1016,Rain,normal
3448332,Santos,1724959748,17.23,41,1013,Clouds,normal
3448332,Santos,1725046148,17.78,64,1014,Clear,normal
3448332,Santos,1725132548,19.33,63,1008,Clouds,pressure_drop
3448332,Santos,1725218948,22.15,65,1009,Drizzle,normal
3448332,Santos,1725305348,19.96,58,1014,Clear,normal
3448332,Santos,1725391748,19.76,71,1022,Clouds,normal
3448332,Santos,1725478148,21.83,43,1015,Clouds,normal
3448332,Santos,1725564548,24.17,92,1016,Rain,normal
3448332,Santos,1725650948,23.44,67,1019,Clouds,normal
3448332,Santos,1725737348,19.14,80,1008,Clouds,pressure_drop
3448332,Santos,1725823748,22.67,77,1016,Clear,normal
3448332,Santos,1725910148,21.49,62,1014,Clear,normal
3448332,Santos,1725996548,20.09,83,1013,Rain,normal
3448332,Santos,1726082948,20.92,40,1022,Clouds,normal
3448332,Santos,1726169348,23.66,63,1017,Clouds,normal
3448332,Santos,1726255748,20.56,90,1010,Thunderstorm,storm_event
3448332,Santos,1726342148,17.15,82,1013,Clear,normal
3448332,Santos,1726428548,20.88,52,1011,Clear,normal
3448332,Santos,1726514948,22.29,54,1017,Clear,normal
3448332,Santos,1726601348,20.29,48,1015,Clear,normal
3448332,Santos,1726687748,20.97,57,1017,Clear,normal
3448332,Santos,1726774148,19.47,61,1022,Clear,normal
3448332,Santos,1726860548,18.43,59,1012,Clouds,normal
3448332,Santos,1726946948,21.74,57,1022,Clear,normal
3448332,Santos,1727033348,20.13,49,1012,Clear,normal
3448332,Santos,1727119748,20.69,60,1016,Rain,normal
3448332,Santos,1727206148,22.12,86,1015,Rain,normal
3448332,Santos,1727292548,22.14,82,1008,Rain,pressure_drop
3448332,Santos,1727378948,17.74,96,1009,Thunderstorm,storm_event
3448332,Santos,1727465348,19.89,74,1013,Drizzle,normal
3448332,Santos,1727551748,19.71,43,1014,Clear,normal
3448332,Santos,1727638148,22.02,68,1021,Clouds,normal
3448332,Santos,1727724548,22.64,78,1017,Drizzle,normal
3448332,Santos,1727810948,20.86,92,1015,Clouds,normal
3448332,Santos,1727897348,21.42,98,1014,Rain,extreme_humidity
3448332,Santos,1727983748,24.18,69,1014,Clouds,normal
3448332,Santos,1728070148,15.35,67,1013,Clear,normal
3448332,Santos,1728156548,21.26,53,1018,Clear,normal
3448332,Santos,1728242948,22.0,48,1013,Clear,normal
3448332,Santos,1728329348,23.12,92,1009,Clear,normal
3448332,Santos,1728415748,25.82,72,1012,Drizzle,normal
3448332,Santos,1728502148,22.42,61,1012,Clouds,normal
3448332,Santos,1728588548,18.42,40,1010,Clear,normal
3448332,Santos,1728674948,24.75,49,1020,Clear,normal
3448332,Santos,1728761348,21.21,55,1009,Drizzle,normal
3448332,Santos,1728847748,18.99,55,1015,Clouds,normal
3448332,Santos,1728934148,20.51,66,1022,Rain,normal
3448332,Santos,1729020548,18.02,92,1011,Rain,normal
3448332,Santos,1729106948,21.98,68,1015,Clear,normal
3448332,Santos,1729193348,21.75,63,1013,Clear,normal
3448332,Santos,1729279748,20.09,63,1015,Clear,normal
3448332,Santos,1729366148,17.71,78,1009,Clear,normal
3448332,Santos,1729452548,19.02,90,1019,Clear,normal
3448332,Santos,1729538948,10.41,75,1020,Clouds,cold_snap
3448332,Santos,1729625348,17.2,89,1012,Thunderstorm,storm_event
3448332,Santos,1729711748,21.16,55,1008,Clouds,pressure_drop
3448332,Santos,1729798148,20.12,59,1011,Clouds,normal
3448332,Santos,1729884548,21.02,55,1013,Drizzle,normal
3448332,Santos,1729970948,19.13,59,1012,Clear,normal
3448332,Santos,1730057348,18.74,55,1012,Drizzle,normal
3448332,Santos,1730143748,21.19,89,1021,Clear,normal
3448332,Santos,1730230148,23.04,63,1013,Clear,normal
3448332,Santos,1730316548,11.97,74,1015,Clouds,cold_snap
3448332,Santos,1730402948,19.65,78,1016,Drizzle,normal
3448332,Santos,1730489348,17.9,55,1016,Clear,normal
3448332,Santos,1730575748,15.85,71,1015,Clouds,normal
3448332,Santos,1730662148,23.08,67,1017,Clear,normal
3448332,Santos,1730748548,23.67,85,1016,Clear,normal
3448332,Santos,1730834948,20.41,77,1015,Clouds,normal
3448332,Santos,1730921348,24.2,54,1017,Clear,normal
3448332,Santos,1731007748,21.28,66,1009,Clear,normal
3448332,Santos,1731094148,17.1,68,1014,Clouds,normal
3448332,Santos,1731180548,17.29,54,1019,Clouds,normal
3448332,Santos,1731266948,27.39,69,1012,Rain,normal
3448332,Santos,1731353348,21.14,64,1008,Rain,pressure_drop
3448332,Santos,1731439748,14.43,72,1011,Rain,normal
3448332,Santos,1731526148,12.73,57,1019,Clouds,cold_snap
3448332,Santos,1731612548,17.93,83,1010,Rain,normal
3448332,Santos,1731698948,17.78,57,1013,Drizzle,normal
3448332,Santos,1731785348,16.04,64,1018,Clouds,normal
3448332,Santos,1731871748,22.44,62,1018,Clear,normal
3448332,Santos,1731958148,21.88,68,1020,Clouds,normal
3448332,Santos,1732044548,21.79,47,1014,Clear,normal
3448332,Santos,1732130948,18.06,67,1016,Clouds,normal
3448332,Santos,1732217348,25.27,73,1011,Clear,normal
3448332,Santos,1732303748,22.93,92,1015,Rain,normal
3448332,Santos,1732390148,21.52,55,1009,Drizzle,normal
3448332,Santos,1732476548,20.33,78,1009,Clear,normal
3448332,Santos,1732562948,17.19,98,1013,Thunderstorm,storm_event
3448332,Santos,1732649348,22.91,71,1014,Clear,normal
3448332,Santos,1732735748,12.73,41,1019,Rain,cold_snap
3448332,Santos,1732822148,17.02,95,1011,Thunderstorm,storm_event
3448332,Santos,1732908548,15.55,69,1018,Clear,normal
3448332,Santos,1732994948,20.06,92,1019,Clouds,normal
3448332,Santos,1733081348,19.07,75,1016,Clear,normal
3448332,Santos,1733167748,21.51,64,1010,Clear,normal
3448332,Santos,1733254148,23.23,76,1013,Clouds,normal
3448332,Santos,1733340548,25.42,50,1008,Rain,pressure_drop
3448332,Santos,1733426948,25.81,72,1009,Rain,normal
3448332,Santos,1733513348,25.79,91,1011,Thunderstorm,storm_event
3448332,Santos,1733599748,17.97,75,1019,Clear,cold_snap
3448332,Santos,1733686148,27.86,57,1014,Clear,normal
3448332,Santos,1733772548,17.97,53,1015,Clear,cold_snap
3448332,Santos,1733858948,24.69,61,1008,Clouds,pressure_drop
3448332,Santos,1733945348,17.97,59,1018,Rain,cold_snap
3448332,Santos,1734031748,25.83,92,1016,Clear,normal
3448332,Santos,1734118148,26.67,70,1008,Clear,pressure_drop
3448332,Santos,1734204548,28.53,52,1019,Clouds,normal
3448332,Santos,1734290948,21.86,64,1019,Clear,normal
3448332,Santos,1734377348,21.2,93,1009,Rain,storm_event
3448332,Santos,1734463748,24.81,50,1014,Clear,normal
3448332,Santos,1734550148,30.28,96,1008,Rain,pressure_drop
3448332,Santos,1734636548,29.51,69,1015,Clear,normal
3448332,Santos,1734722948,26.65,40,1013,Clear,normal
3448332,Santos,1734809348,20.67,82,1020,Clouds,normal
3448332,Santos,1734895748,24.54,77,1008,Rain,pressure_drop
3448332,Santos,1734982148,27.87,40,1017,Clear,normal
3448332,Santos,1735068548,22.48,59,1021,Clouds,normal
3448332,Santos,1735154948,24.09,92,1011,Clouds,normal
3448332,Santos,1735241348,24.71,73,1015,Clouds,normal
3448332,Santos,1735327748,25.9,75,1015,Drizzle,normal
3448332,Santos,1735414148,27.62,63,1018,Clear,normal
3448332,Santos,1735500548,30.04,67,1014,Clear,normal
3448332,Santos,1735586948,21.53,88,1010,Drizzle,normal
3448332,Santos,1735673348,22.87,98,1008,Thunderstorm,storm_event
3448332,Santos,1735759748,22.01,93,1009,Rain,storm_event
3448332,Santos,1735846148,24.49,89,1016,Clear,normal
3448332,Santos,1735932548,24.71,92,1017,Clear,normal
3448332,Santos,1736018948,23.79,57,1015,Clear,normal
3448332,Santos,1736105348,24.73,55,1017,Clouds,normal
3448332,Santos,1736191748,26.83,69,1020,Clear,normal
3448332,Santos,1736278148,21.83,91,1009,Drizzle,normal
3448332,Santos,1736364548,16.86,68,1016,Clouds,cold_snap
3448332,Santos,1736450948,22.12,82,1013,Rain,normal
3448332,Santos,1736537348,16.86,70,1022,Clear,cold_snap
3448332,Santos,1736623748,23.51,58,1020,Clouds,normal
3448332,Santos,1736710148,23.91,64,1013,Clouds,normal
3448332,Santos,1736796548,16.86,68,1021,Clear,cold_snap
3448332,Santos,1736882948,19.77,92,1017,Clear,normal
3448332,Santos,1736969348,22.92,54,1016,Clear,normal
3448332,Santos,1737055748,24.43,91,1015,Drizzle,normal
3448332,Santos,1737142148,26.3,47,1015,Clouds,normal
3448332,Santos,1737228548,24.31,92,1019,Clear,normal
3448332,Santos,1737314948,22.08,76,1020,Clear,normal
3448332,Santos,1737401348,25.56,46,1015,Clouds,normal
3448332,Santos,1737487748,26.84,63,1019,Clear,normal
3448332,Santos,1737574148,23.38,51,1017,Clouds,normal
3448332,Santos,1737660548,27.93,81,1017,Clear,normal
3448332,Santos,1737746948,27.23,84,1011,Clear,normal
3448332,Santos,1737833348,20.5,76,1021,Clouds,normal
3448332,Santos,1737919748,23.45,79,1017,Clear,normal
3448332,Santos,1738006148,21.43,89,1012,Clouds,normal
3448332,Santos,1738092548,27.99,67,1016,Clear,normal
3448332,Santos,1738178948,25.4,74,1017,Clouds,normal
3448332,Santos,1738265348,22.61,52,1019,Clouds,normal
3448332,Santos,1738351748,26.19,76,1013,Clear,normal
3448332,Santos,1738438148,20.81,97,1015,Clouds,extreme_humidity
3448332,Santos,1738524548,24.19,57,1011,Clouds,normal
3448332,Santos,1738610948,27.03,65,1011,Clear,normal
3448332,Santos,1738697348,31.55,82,1015,Clear,normal
3448332,Santos,1738783748,24.49,57,1018,Clouds,normal
3448332,Santos,1738870148,27.36,53,1008,Rain,pressure_drop
3448332,Santos,1738956548,26.38,91,1013,Thunderstorm,storm_event
3448332,Santos,1739042948,23.79,97,1013,Thunderstorm,storm_event
3448332,Santos,1739129348,22.71,55,1017,Rain,normal
3448332,Santos,1739215748,23.56,67,1015,Clear,normal
3448332,Santos,1739302148,28.53,54,1017,Clear,normal
3448332,Santos,1739388548,20.47,90,1014,Clear,normal
3448332,Santos,1739474948,24.06,53,1013,Clouds,normal
3448332,Santos,1739561348,26.53,72,1013,Clear,normal
3448332,Santos,1739647748,23.52,92,1010,Drizzle,normal
3448332,Santos,1739734148,26.64,89,1010,Thunderstorm,storm_event
3448332,Santos,1739820548,27.53,69,1017,Clear,normal
3448332,Santos,1739906948,23.35,96,1013,Thunderstorm,storm_event
3448332,Santos,1739993348,22.36,58,1013,Clouds,normal
3448332,Santos,1740079748,28.31,84,1009,Drizzle,normal
3448332,Santos,1740166148,25.5,92,1012,Rain,normal
3448332,Santos,1740252548,30.65,61,1014,Clouds,normal
3448332,Santos,1740338948,29.83,67,1016,Clear,normal
3448332,Santos,1740425348,23.41,82,1011,Rain,normal
3448332,Santos,1740511748,18.17,69,1018,Clouds,cold_snap
3448332,Santos,1740598148,26.29,43,1017,Clouds,normal
3448332,Santos,1740684548,20.72,65,1014,Clear,normal
3448332,Santos,1740770948,28.72,74,1022,Clear,normal
3448332,Santos,1740857348,23.2,73,1021,Clouds,normal
3448332,Santos,1740943748,27.19,40,1021,Clear,normal
3448332,Santos,1741030148,20.9,71,1009,Clear,normal
3448332,Santos,1741116548,26.79,63,1020,Clear,normal
3448332,Santos,1741202948,28.39,70,1008,Clear,pressure_drop
3448332,Santos,1741289348,25.17,67,1016,Clouds,normal
3448332,Santos,1741375748,23.69,53,1012,Clear,normal
3448332,Santos,1741462148,28.65,52,1015,Clear,normal
3448332,Santos,1741548548,26.71,68,1008,Drizzle,pressure_drop
3448332,Santos,1741634948,28.45,63,1012,Clouds,normal
3448332,Santos,1741721348,29.13,69,1011,Rain,normal
3448332,Santos,1741807748,26.51,73,1008,Rain,pressure_drop
3448332,Santos,1741894148,23.66,77,1015,Drizzle,normal
3448332,Santos,1741980548,26.57,98,1013,Drizzle,extreme_humidity
3448332,Santos,1742066948,21.38,80,1020,Rain,normal
3448332,Santos,1742153348,26.12,65,1014,Clouds,normal
3448332,Santos,1742239748,25.94,75,1018,Clear,normal
3448332,Santos,1742326148,22.79,70,1017,Clear,normal
3448332,Santos,1742412548,24.53,71,1016,Clouds,normal
3448332,Santos,1742498948,23.75,55,1018,Clouds,normal
3448332,Santos,1742585348,25.53,47,1015,Clouds,normal
3448332,Santos,1742671748,26.97,84,1021,Clouds,normal
3448332,Santos,1742758148,25.22,92,1015,Rain,normal
3448332,Santos,1742844548,20.9,84,1018,Clouds,normal
3448332,Santos,1742930948,27.54,61,1019,Clear,normal
3448332,Santos,1743017348,28.84,37,1013,Clouds,drought
3448332,Santos,1743103748,27.23,71,1021,Clear,normal
3448332,Santos,1743190148,23.0,75,1013,Clouds,normal
3448332,Santos,1743276548,26.44,69,1013,Rain,normal
3448332,Santos,1743362948,24.37,75,1018,Clouds,normal
3448332,Santos,1743449348,24.68,60,1012,Clouds,normal
3448332,Santos,1743535748,21.92,62,1013,Rain,normal
3448332,Santos,1743622148,17.43,72,1009,Rain,normal
3448332,Santos,1743708548,19.01,65,1009,Rain,normal
3448332,Santos,1743794948,16.94,83,1014,Clear,normal
3448332,Santos,1743881348,11.09,65,1017,Rain,cold_snap
3448332,Santos,1743967748,21.16,67,1015,Clear,normal
3448332,Santos,1744054148,20.52,86,1018,Rain,normal
3448332,Santos,1744140548,22.91,72,1011,Clear,normal
3448332,Santos,1744226948,26.08,61,1014,Clear,normal
3448332,Santos,1744313348,19.52,69,1014,Clear,normal
3448332,Santos,1744399748,20.82,92,1015,Clouds,normal
3448332,Santos,1744486148,23.78,57,1020,Rain,normal
3448332,Santos,1744572548,24.94,59,1014,Clear,normal
3448332,Santos,1744658948,11.23,49,1018,Clear,cold_snap
3448332,Santos,1744745348,17.87,51,1016,Clear,normal
3448332,Santos,1744831748,18.92,68,1013,Clouds,normal
3448332,Santos,1744918148,20.71,92,1009,Rain,normal
3448332,Santos,1745004548,20.62,67,1012,Drizzle,normal
3448332,Santos,1745090948,22.89,72,1014,Clear,normal
3448332,Santos,1745177348,21.16,92,1016,Rain,normal
3448332,Santos,1745263748,17.89,40,1011,Clouds,normal
3448332,Santos,1745350148,24.45,88,1011,Drizzle,normal
3448332,Santos,1745436548,15.91,64,1018,Clear,normal
3448332,Santos,1745522948,17.55,54,1014,Clear,normal
3448332,Santos,1745609348,20.49,77,1015,Clear,normal
3448332,Santos,1745695748,18.44,57,1011,Clear,normal
3448332,Santos,1745782148,20.2,40,1017,Clear,normal
3448332,Santos,1745868548,18.79,74,1015,Clouds,normal
3448332,Santos,1745954948,26.08,72,1014,Rain,normal
3448332,Santos,1746041348,21.43,51,1021,Clear,normal
3448332,Santos,1746127748,22.53,64,1013,Clouds,normal
3448332,Santos,1746214148,22.82,60,1012,Clear,normal
3448332,Santos,1746300548,13.08,58,1021,Clear,cold_snap
3448332,Santos,1746386948,21.08,65,1011,Clouds,normal
3448332,Santos,1746473348,20.79,76,1019,Clear,normal
3448332,Santos,1746559748,18.45,92,1017,Clear,normal
3448332,Santos,1746646148,24.73,62,1016,Clouds,normal
3448332,Santos,1746732548,20.91,62,1013,Clear,normal
3448332,Santos,1746818948,19.02,75,1014,Clouds,normal
3448332,Santos,1746905348,22.85,76,1022,Clear,normal
3448332,Santos,1746991748,18.48,69,1017,Clouds,normal
3448332,Santos,1747078148,13.08,45,1020,Rain,cold_snap
3448332,Santos,1747164548,20.86,79,1015,Clear,normal
3448332,Santos,1747250948,16.4,62,1016,Clouds,normal
3448332,Santos,1747337348,21.11,96,1011,Thunderstorm,storm_event
3448332,Santos,1747423748,21.81,56,1012,Clouds,normal
3448332,Santos,1747510148,18.4,75,1013,Rain,normal
3448332,Santos,1747596548,24.49,63,1012,Clear,normal
3448332,Santos,1747682948,20.72,69,1008,Drizzle,pressure_drop
3448332,Santos,1747769348,17.77,67,1014,Clear,normal
3448332,Santos,1747855748,21.25,65,1015,Clear,normal
3448332,Santos,1747942148,18.23,77,1008,Drizzle,pressure_drop
3448332,Santos,1748028548,18.26,56,1011,Clouds,normal
3448332,Santos,1748114948,22.49,86,1017,Clear,normal
3448332,Santos,1748201348,15.74,69,1010,Clear,normal
3448332,Santos,1748287748,18.53,40,1020,Clear,normal
3448332,Santos,1748374148,19.88,64,1014,Clear,normal
3448332,Santos,1748460548,13.08,66,1019,Clear,cold_snap
3448332,Santos,1748546948,13.08,47,1016,Clouds,cold_snap
3448332,Santos,1748633348,20.59,60,1016,Clear,normal
3448332,Santos,1748719748,16.62,78,1016,Clear,normal
3448332,Santos,1748806148,15.95,73,1014,Clouds,normal
3448332,Santos,1748892548,20.46,64,1014,Clouds,normal
3448332,Santos,1748978948,11.55,93,1009,Rain,storm_event
3448332,Santos,1749065348,18.11,75,1017,Clouds,normal
3448332,Santos,1749151748,17.8,80,1015,Clear,normal
3448332,Santos,1749238148,21.53,66,1011,Clouds,normal
3448332,Santos,1749324548,17.44,53,1011,Clear,normal
3448332,Santos,1749410948,12.02,66,1008,Drizzle,pressure_drop
3448332,Santos,1749497348,15.91,73,1014,Rain,normal
3448332,Santos,1749583748,20.92,60,1008,Clouds,pressure_drop
3448332,Santos,1749670148,21.71,38,1010,Clear,drought
3448332,Santos,1749756548,17.31,73,1008,Rain,pressure_drop
3448332,Santos,1749842948,21.53,84,1016,Clouds,normal
3448332,Santos,1749929348,16.47,74,1010,Clear,normal
3448332,Santos,1750015748,12.81,51,1013,Clear,normal
3448332,Santos,1750102148,15.61,62,1011,Clear,normal
3448332,Santos,1750188548,16.44,54,1015,Clouds,normal
3448332,Santos,1750274948,15.81,93,1009,Rain,storm_event
3448332,Santos,1750361348,19.98,77,1008,Drizzle,pressure_drop
3448332,Santos,1750447748,14.11,84,1011,Rain,normal
3448332,Santos,1750534148,19.5,68,1010,Clouds,normal
3448332,Santos,1750620548,18.64,54,1011,Clouds,normal
3448332,Santos,1750706948,13.5,73,1019,Clear,normal
3448332,Santos,1750793348,14.28,55,1011,Clear,normal
3448332,Santos,1750879748,18.85,72,1008,Drizzle,pressure_drop
3448332,Santos,1750966148,18.66,48,1018,Clouds,normal
3448332,Santos,1751052548,20.67,55,1017,Clear,normal
3448332,Santos,1751138948,12.81,74,1013,Clear,normal
3448332,Santos,1751225348,14.47,85,1011,Clouds,normal
3448332,Santos,1751311748,20.11,58,1008,Clear,pressure_drop
3448332,Santos,1751398148,15.75,66,1013,Clear,normal
3448332,Santos,1751484548,16.78,77,1013,Clear,normal
3448332,Santos,1751570948,12.39,69,1015,Clear,normal
3448332,Santos,1751657348,16.57,98,1014,Drizzle,extreme_humidity
3448332,Santos,1751743748,22.16,55,1018,Rain,normal
3448332,Santos,1751830148,17.58,83,1018,Clear,normal
3448332,Santos,1751916548,18.45,40,1019,Clear,normal
3448332,Santos,1752002948,21.4,55,1010,Drizzle,normal
3448332,Santos,1752089348,21.79,67,1010,Drizzle,normal
3448332,Santos,1752175748,19.27,63,1013,Rain,normal
3448332,Santos,1752262148,16.45,57,1014,Clear,normal
3448332,Santos,1752348548,22.5,56,1011,Clear,normal
3448332,Santos,1752434948,15.15,42,1019,Clear,normal
3448332,Santos,1752521348,17.93,40,1013,Clear,normal
3448332,Santos,1752607748,17.39,66,1015,Clear,normal
3448332,Santos,1752694148,15.15,75,1015,Rain,normal
3448332,Santos,1752780548,15.04,55,1013,Clear,normal
3448332,Santos,1752866948,21.61,63,1008,Clouds,pressure_drop
3448332,Santos,1752953348,10.71,52,1008,Clouds,pressure_drop
3448332,Santos,1753039748,20.52,68,1019,Clear,normal
3448332,Santos,1753126148,17.24,58,1021,Rain,normal
3448332,Santos,1753212548,17.03,97,1009,Rain,storm_event
3448332,Santos,1753298948,15.89,65,1017,Clear,normal
3448332,Santos,1753385348,21.35,64,1020,Clear,normal
3448332,Santos,1753471748,19.21,52,1013,Clouds,normal
3448332,Santos,1753558148,16.83,92,1017,Clear,normal
3448332,Santos,1753644548,18.85,61,1018,Clear,normal
3448332,Santos,1753730948,18.41,91,1012,Thunderstorm,storm_event
3448332,Santos,1753817348,12.59,66,1012,Clear,normal
3448332,Santos,1753903748,15.19,67,1011,Rain,normal
3448332,Santos,1753990148,22.79,64,1008,Drizzle,pressure_drop
3448332,Santos,1754076548,11.45,63,1015,Clear,normal
3448332,Santos,1754162948,20.31,66,1011,Clear,normal
3448332,Santos,1754249348,19.03,92,1011,Rain,normal
3448332,Santos,1754335748,17.74,76,1013,Clear,normal
3448332,Santos,1754422148,16.9,81,1019,Clouds,normal
3448332,Santos,1754508548,20.59,92,1018,Clouds,normal
3448332,Santos,1754594948,21.25,48,1022,Clear,normal
3448332,Santos,1754681348,19.39,88,1016,Clear,normal
3448332,Santos,1754767748,14.11,73,1017,Clear,normal
3448332,Santos,1754854148,17.05,59,1021,Drizzle,normal
3448332,Santos,1754940548,20.57,37,1015,Clear,drought
3448332,Santos,1755026948,20.17,69,1008,Rain,pressure_drop
3448332,Santos,1755113348,17.0,62,1022,Clouds,normal
3448332,Santos,1755199748,15.58,95,1010,Thunderstorm,storm_event
3448332,Santos,1755286148,9.38,38,1016,Clear,cold_snap
3448332,Santos,1755372548,15.37,74,1014,Rain,normal
3448332,Santos,1755458948,20.33,92,1014,Drizzle,normal
3448332,Santos,1755545348,18.27,68,1008,Clouds,pressure_drop
3448332,Santos,1755631748,19.84,55,1008,Clear,pressure_drop
3448332,Santos,1755718148,15.34,82,1016,Clear,normal
3448332,Santos,1755804548,12.61,59,1013,Rain,normal
3448332,Santos,1755890948,15.48,61,1015,Clouds,normal
3448332,Santos,1755977348,13.24,69,1010,Clear,normal
3448332,Santos,1756063748,17.35,76,1016,Clear,normal
3448332,Santos,1756150148,11.46,68,1009,Clouds,normal
3448332,Santos,1756236548,13.73,92,1011,Clear,normal
3448332,Santos,1756322948,14.72,65,1015,Clear,normal
3448332,Santos,1756409348,19.77,78,1018,Clear,normal
3448332,Santos,1756495748,15.63,89,1013,Thunderstorm,storm_event
3448332,Santos,1756582148,18.62,72,1017,Clear,normal
3448332,Santos,1756668548,12.32,81,1019,Clear,normal
3448332,Santos,1756754948,22.8,44,1013,Clear,normal
3448332,Santos,1756841348,17.44,45,1016,Clouds,normal
3448332,Santos,1756927748,20.36,60,1010,Clouds,normal
3448332,Santos,1757014148,21.06,58,1013,Clear,normal
3448332,Santos,1757100548,22.81,64,1009,Clouds,normal
3448332,Santos,1757186948,23.05,56,1015,Clear,normal
3448332,Santos,1757273348,22.42,40,1020,Clear,normal
3448332,Santos,1757359748,21.87,75,1016,Rain,normal
3448332,Santos,1757446148,21.77,59,1022,Rain,normal
3448332,Santos,1757532548,21.98,61,1008,Rain,pressure_drop
3448332,Santos,1757618948,19.66,71,1015,Clear,normal
3448332,Santos,1757705348,19.51,92,1019,Clear,normal
3448332,Santos,1757791748,23.46,69,1014,Clouds,normal
3448332,Santos,1757878148,23.51,98,1018,Rain,extreme_humidity
3448332,Santos,1757964548,17.6,97,1016,Clouds,extreme_humidity
3448332,Santos,1758050948,22.56,57,1011,Rain,normal
3448332,Santos,1758137348,19.7,52,1019,Clear,normal
3448332,Santos,1758223748,18.59,69,1022,Clear,normal
3448332,Santos,1758310148,16.34,94,1011,Thunderstorm,storm_event
3448332,Santos,1758396548,22.78,68,1016,Clouds,normal
3448332,Santos,1758482948,24.27,66,1010,Drizzle,normal
3448332,Santos,1758569348,16.73,97,1012,Thunderstorm,storm_event
3448332,Santos,1758655748,18.6,78,1020,Clouds,normal
3448332,Santos,1758742148,19.13,42,1018,Clear,normal
3448332,Santos,1758828548,20.08,93,1009,Rain,storm_event
3448332,Santos,1758914948,20.09,65,1014,Clear,normal
3448332,Santos,1759001348,19.19,78,1011,Rain,normal
3448332,Santos,1759087748,23.2,68,1008,Rain,pressure_drop
3448332,Santos,1759174148,20.35,82,1019,Clear,normal
3448332,Santos,1759260548,25.03,66,1011,Clouds,normal
3448332,Santos,1759346948,22.18,92,1010,Drizzle,normal
3448332,Santos,1759433348,20.17,63,1016,Clouds,normal
3448332,Santos,1759519748,21.91,74,1012,Drizzle,normal
3448332,Santos,1759606148,20.05,53,1015,Clear,normal
3448332,Santos,1759692548,19.99,64,1011,Clear,normal
3448332,Santos,1759778948,23.71,83,1013,Clouds,normal
3448332,Santos,1759865348,16.4,62,1016,Clear,normal
3448332,Santos,1759951748,23.91,69,1012,Clouds,normal
3448332,Santos,1760038148,19.63,72,1014,Clear,normal
3448332,Santos,1760124548,18.88,91,1014,Rain,normal
3448332,Santos,1760210948,15.35,78,1009,Rain,normal
3448332,Santos,1760297348,19.27,58,1015,Clear,normal
3448332,Santos,1760383748,21.51,54,1017,Clear,normal
3448332,Santos,1760470148,19.0,55,1014,Clear,normal
3448332,Santos,1760556548,22.95,59,1013,Clear,normal
3448332,Santos,1760642948,17.33,66,1013,Clear,normal
3448332,Santos,1760729348,22.84,56,1018,Clouds,normal
3448332,Santos,1760815748,16.37,89,1013,Thunderstorm,storm_event
3448332,Santos,1760902148,24.83,62,1022,Rain,normal
3448332,Santos,1760988548,16.23,63,1011,Clear,normal
3448332,Santos,1761074948,16.3,88,1008,Rain,pressure_drop
3448332,Santos,1761161348,22.19,94,1013,Thunderstorm,storm_event
3448332,Santos,1761247748,18.39,85,1012,Clear,normal
3448332,Santos,1761334148,18.63,56,1015,Clear,normal
3448332,Santos,1761420548,21.23,40,1016,Clear,normal
3448332,Santos,1761506948,18.71,57,1018,Clouds,normal
3448332,Santos,1761593348,20.12,56,1017,Clear,normal
3448332,Santos,1761679748,20.5,43,1013,Clouds,normal
3448332,Santos,1761766148,19.35,63,1010,Drizzle,normal
3448332,Santos,1761852548,20.49,67,1013,Clouds,normal
3448332,Santos,1761938948,23.43,59,1013,Rain,normal
3448332,Santos,1762025348,25.16,52,1013,Clear,normal
3448332,Santos,1762111748,27.39,74,1018,Clear,normal
3448332,Santos,1762198148,21.18,81,1009,Clear,normal
3448332,Santos,1762284548,22.39,80,1011,Clear,normal
3448332,Santos,1762370948,17.38,74,1017,Clear,normal
3448332,Santos,1762457348,27.39,82,1014,Rain,normal
3448332,Santos,1762543748,22.25,92,1011,Clouds,normal
3448332,Santos,1762630148,18.35,74,1014,Clear,normal
3448332,Santos,1762716548,19.55,81,1013,Clear,normal
3448332,Santos,1762802948,12.73,55,1019,Clear,cold_snap
3448332,Santos,1762889348,22.69,84,1019,Clear,normal
3448332,Santos,1762975748,23.2,50,1015,Clear,normal
3448332,Santos,1763062148,20.84,82,1015,Clouds,normal
3448332,Santos,1763148548,23.42,58,1008,Clear,pressure_drop
3448332,Santos,1763234948,23.62,51,1017,Clear,normal
3448332,Santos,1763321348,23.64,58,1018,Clouds,normal
3448332,Santos,1763407748,14.43,68,1009,Clear,normal
3448332,Santos,1763494148,18.22,66,1017,Clouds,normal
3448332,Santos,1763580548,21.82,81,1010,Rain,normal
3448332,Santos,1763666948,26.18,85,1018,Clouds,normal
3448332,Santos,1763753348,14.67,77,1016,Clear,normal
3448332,Santos,1763839748,16.88,72,1017,Clouds,normal
3448332,Santos,1763926148,20.67,49,1014,Clear,normal
3448332,Santos,1764012548,24.3,77,1019,Clear,normal
3448332,Santos,1764098948,18.68,71,1019,Clear,normal
3448332,Santos,1764185348,18.85,49,1011,Clouds,normal
3448332,Santos,1764271748,14.73,53,1014,Clear,normal
3448332,Santos,1764358148,19.39,55,1013,Drizzle,normal
3448332,Santos,1764444548,18.87,81,1010,Clouds,normal
3448332,Santos,1764530948,22.52,59,1021,Clear,normal
3448332,Santos,1764617348,24.29,79,1009,Clouds,normal
3448332,Santos,1764703748,23.51,83,1013,Clouds,normal
3448332,Santos,1764790148,23.53,73,1014,Clear,normal
3448332,Santos,1764876548,29.74,70,1014,Drizzle,normal
3448332,Santos,1764962948,22.11,98,1010,Clouds,extreme_humidity
3448332,Santos,1765049348,24.31,83,1017,Clear,normal
3448332,Santos,1765135748,20.99,83,1019,Rain,normal
3448332,Santos,1765222148,25.63,69,1020,Clear,normal
3448332,Santos,1765308548,25.78,80,1018,Clouds,normal
3448332,Santos,1765394948,23.54,82,1013,Clear,normal
3448332,Santos,1765481348,21.18,78,1019,Clear,normal
3448332,Santos,1765567748,24.13,60,1019,Clear,normal
3448332,Santos,1765654148,23.17,40,1019,Clear,normal
3448332,Santos,1765740548,24.73,82,1014,Clouds,normal
3448332,Santos,1765826948,23.54,75,1018,Clouds,normal
3448332,Santos,1765913348,25.77,72,1015,Drizzle,normal
3448332,Santos,1765999748,25.2,64,1012,Clear,normal
3448332,Santos,1766086148,23.76,80,1009,Rain,normal
3448332,Santos,1766172548,25.81,72,1009,Drizzle,normal
3448332,Santos,1766258948,21.52,82,1009,Clear,normal
3448332,Santos,1766345348,23.09,56,1012,Clear,normal
3448332,Santos,1766431748,25.85,41,1019,Clear,normal
3448332,Santos,1766518148,25.73,49,1013,Clouds,normal
3448332,Santos,1766604548,23.03,64,1011,Clouds,normal
3448332,Santos,1766690948,26.11,98,1013,Thunderstorm,storm_event
3448332,Santos,1766777348,19.38,40,1014,Clear,normal
3448332,Santos,1766863748,30.1,65,1010,Drizzle,normal
3448332,Santos,1766950148,24.08,77,1022,Clouds,normal
3448332,Santos,1767036548,19.16,84,1012,Clear,normal
3448332,Santos,1767122948,21.84,97,1011,Thunderstorm,storm_event
3448332,Santos,1767209348,23.4,79,1016,Clear,normal
3448332,Santos,1767295748,29.88,74,1016,Rain,normal
3448332,Santos,1767382148,27.94,78,1014,Clear,normal
3448332,Santos,1767468548,23.45,98,1013,Clouds,extreme_humidity
3448332,Santos,1767554948,27.93,71,1012,Clouds,normal
3448332,Santos,1767641348,16.86,68,1021,Clear,cold_snap
3448332,Santos,1767727748,22.24,92,1009,Clouds,normal
3448332,Santos,1767814148,30.94,67,1008,Clear,pressure_drop
3448332,Santos,1767900548,17.49,67,1017,Rain,cold_snap
3448332,Santos,1767986948,28.42,61,1015,Clear,normal
3448332,Santos,1768073348,28.26,64,1014,Clouds,normal
3448332,Santos,1768159748,19.77,82,1019,Clouds,normal
3448332,Santos,1768246148,25.75,63,1020,Clear,normal
3448332,Santos,1768332548,23.85,74,1016,Clouds,normal
3448332,Santos,1768418948,23.34,96,1010,Thunderstorm,storm_event
3448332,Santos,1768505348,26.46,68,1016,Clouds,normal
3448332,Santos,1768591748,20.1,50,1016,Clear,normal
3448332,Santos,1768678148,23.62,79,1013,Clouds,normal
3448332,Santos,1768764548,30.01,92,1017,Rain,normal
3448332,Santos,1768850948,21.53,71,1015,Clear,normal
3448332,Santos,1768937348,26.67,69,1021,Clouds,normal
3448332,Santos,1769023748,19.77,49,1022,Clear,normal
3448332,Santos,1769110148,25.9,72,1020,Clear,normal
3448332,Santos,1769196548,29.06,88,1016,Clear,normal
3448332,Santos,1769282948,24.13,50,1018,Clear,normal
3448332,Santos,1769369348,25.98,78,1014,Clouds,normal
3448332,Santos,1769455748,26.78,69,1019,Clear,normal
3448332,Santos,1769542148,24.96,88,1011,Clear,normal
3448332,Santos,1769628548,23.43,87,1014,Rain,normal
3448332,Santos,1769714948,25.14,76,1015,Clouds,normal
3448332,Santos,1769801348,26.98,72,1009,Clear,normal
3448332,Santos,1769887748,27.03,68,1017,Clouds,normal
3448332,Santos,1769974148,21.16,98,1013,Thunderstorm,storm_event
3448332,Santos,1770060548,21.11,71,1019,Clouds,normal
3448332,Santos,1770146948,24.55,97,1019,Clouds,extreme_humidity
3448332,Santos,1770233348,31.55,53,1013,Clouds,normal
3448332,Santos,1770319748,22.23,41,1014,Clear,normal
3448332,Santos,1770406148,23.89,58,1020,Clouds,normal
3448332,Santos,1770492548,25.25,71,1009,Clouds,normal
3448332,Santos,1770578948,25.83,60,1015,Clear,normal
3448332,Santos,1770665348,22.13,89,1018,Clouds,normal
3448332,Santos,1770751748,20.81,40,1022,Clear,normal
3448332,Santos,1770838148,28.26,51,1014,Clouds,normal
3448332,Santos,1770924548,24.3,98,1009,Rain,storm_event
3448332,Santos,1771010948,20.83,53,1014,Clear,normal
3448332,Santos,1771097348,30.45,58,1015,Clear,normal
3448332,Santos,1771183748,27.0,52,1014,Clear,normal
3448332,Santos,1771270148,27.54,55,1015,Rain,normal
3448332,Santos,1771356548,30.33,88,1010,Clear,normal
3448332,Santos,1771442948,21.35,84,1020,Clouds,normal
3448332,Santos,1771529348,24.55,93,1011,Thunderstorm,storm_event
3448332,Santos,1771615748,25.74,40,1012,Clear,normal
3448332,Santos,1771702148,30.16,37,1015,Clouds,drought
3448332,Santos,1771788548,26.12,59,1009,Clear,normal
3448332,Santos,1771874948,30.77,48,1014,Clouds,normal
3448332,Santos,1771961348,23.73,71,1022,Clouds,normal
3448332,Santos,1772047748,26.21,78,1018,Clear,normal
3448332,Santos,1772134148,17.39,68,1020,Clear,cold_snap
3448332,Santos,1772220548,30.87,86,1018,Clouds,normal
3448332,Santos,1772306948,20.47,63,1009,Clear,normal
3448332,Santos,1772393348,26.72,83,1009,Clouds,normal
3448332,Santos,1772479748,25.18,61,1011,Clear,normal
3448332,Santos,1772566148,22.11,55,1011,Drizzle,normal
3448332,Santos,1772652548,23.45,73,1017,Clouds,normal
3448332,Santos,1772738948,23.25,93,1009,Rain,storm_event
3448332,Santos,1772825348,29.55,55,1015,Clear,normal
3448332,Santos,1772911748,25.34,61,1016,Clouds,normal
3448332,Santos,1772998148,27.09,64,1013,Clear,normal
3448332,Santos,1773084548,27.42,41,1022,Clear,normal
3448332,Santos,1773170948,21.84,98,1016,Drizzle,extreme_humidity
3448332,Santos,1773257348,24.26,42,1015,Clear,normal
3448332,Santos,1773343748,23.84,53,1014,Clear,normal
3448332,Santos,1773430148,25.3,79,1017,Clouds,normal
3448332,Santos,1773516548,24.07,70,1017,Clouds,normal
3448332,Santos,1773602948,23.54,77,1013,Clouds,normal
3448332,Santos,1773689348,24.4,82,1010,Rain,normal
3448332,Santos,1773775748,23.0,93,1009,Rain,storm_event
3448332,Santos,1773862148,26.74,71,1021,Rain,normal
3448332,Santos,1773948548,24.73,66,1013,Clear,normal
3448332,Santos,1774034948,24.51,55,1017,Clouds,normal
3448332,Santos,1774121348,27.46,77,1016,Clear,normal
3448332,Santos,1774207748,24.07,43,1015,Clear,normal
3448332,Santos,1774294148,21.6,89,1011,Thunderstorm,storm_event
3448332,Santos,1774380548,28.3,73,1019,Clouds,normal
3448332,Santos,1774466948,27.72,66,1021,Clear,normal
3448332,Santos,1774553348,25.07,50,1020,Clear,normal
3448332,Santos,1774639748,27.96,55,1012,Rain,normal
3448332,Santos,1774726148,26.97,66,1009,Clouds,normal
3448332,Santos,1774812548,25.42,72,1009,Clear,normal
3448332,Santos,1774898948,22.88,48,1014,Clear,normal
3448332,Santos,1774985348,23.59,40,1016,Clouds,normal
3448332,Santos,1775071748,18.45,62,1014,Clear,normal
3448332,Santos,1775158148,20.32,82,1015,Rain,normal
3448332,Santos,1775244548,20.95,58,1010,Clouds,normal
3448332,Santos,1775330948,18.54,92,1020,Rain,normal
3448332,Santos,1775417348,22.76,92,1011,Clouds,normal
3448332,Santos,1775503748,15.98,59,1015,Drizzle,normal
3448332,Santos,1775590148,22.21,84,1020,Clear,normal
3448332,Santos,1775676548,18.65,83,1017,Clouds,normal
3448332,Santos,1775762948,19.2,77,1011,Clear,normal
3448332,Santos,1775849348,21.29,69,1018,Clear,normal
3448332,Santos,1775935748,20.03,98,1012,Rain,extreme_humidity
3448332,Santos,1776022148,26.08,66,1014,Clear,normal
3448332,Santos,1776108548,23.94,92,1018,Rain,normal
3448332,Santos,1776194948,18.76,70,1015,Clear,normal
3448332,Santos,1776281348,27.33,50,1008,Clouds,pressure_drop
3448332,Santos,1776367748,17.87,89,1009,Rain,normal
3448332,Santos,1776454148,20.2,60,1019,Clouds,normal
3448332,Santos,1776540548,22.24,93,1009,Rain,storm_event
3448332,Santos,1776626948,22.31,73,1008,Drizzle,pressure_drop
3448332,Santos,1776713348,17.79,84,1018,Clear,normal
3448332,Santos,1776799748,15.91,74,1019,Clear,normal
3448332,Santos,1776886148,19.63,46,1010,Clear,normal
3448332,Santos,1776972548,20.35,63,1021,Clear,normal
3448332,Santos,1777058948,20.05,92,1011,Rain,normal
3448332,Santos,1777145348,22.9,40,1015,Clear,normal
3448332,Santos,1777231748,18.28,72,1018,Clear,normal
3448332,Santos,1777318148,25.82,60,1017,Clear,normal
3448332,Santos,1777404548,20.35,84,1016,Clear,normal
3448332,Santos,1777490948,23.03,66,1011,Rain,normal
3448332,Santos,1777577348,23.92,65,1015,Clear,normal
3448332,Santos,1777663748,18.8,52,1016,Clear,normal
3448332,Santos,1777750148,18.2,69,1015,Clouds,normal
3448332,Santos,1777836548,24.33,82,1014,Clear,normal
3448332,Santos,1777922948,19.97,41,1022,Clouds,normal
3448332,Santos,1778009348,23.82,62,1019,Clear,normal
3448332,Santos,1778095748,20.22,88,1012,Rain,normal
3448332,Santos,1778182148,21.6,55,1017,Clouds,normal
3448332,Santos,1778268548,21.5,75,1018,Clear,normal
3448332,Santos,1778354948,19.66,97,1014,Rain,extreme_humidity
3448332,Santos,1778441348,23.36,52,1018,Clear,normal
3448332,Santos,1778527748,19.0,93,1009,Rain,storm_event
3448332,Santos,1778614148,20.8,91,1012,Clouds,normal
3448332,Santos,1778700548,22.6,73,1015,Clear,normal
3466617,Diadema,1715714948,23.66,67,1017,Clouds,normal
3466617,Diadema,1715801348,23.1,87,1011,Drizzle,normal
3466617,Diadema,1715887748,17.25,66,1011,Drizzle,normal
3466617,Diadema,1715974148,22.42,98,1017,Drizzle,extreme_humidity
3466617,Diadema,1716060548,24.35,61,1009,Clouds,normal
3466617,Diadema,1716146948,20.69,76,1013,Clouds,normal
3466617,Diadema,1716233348,26.47,50,1021,Clear,normal
3466617,Diadema,1716319748,26.52,63,1013,Clear,normal
3466617,Diadema,1716406148,26.6,56,1008,Clouds,pressure_drop
3466617,Diadema,1716492548,19.63,56,1010,Rain,normal
3466617,Diadema,1716578948,20.74,55,1019,Rain,normal
3466617,Diadema,1716665348,23.71,92,1014,Rain,normal
3466617,Diadema,1716751748,22.21,80,1014,Clear,normal
3466617,Diadema,1716838148,21.86,55,1013,Rain,normal
3466617,Diadema,1716924548,13.7,74,1016,Clear,cold_snap
3466617,Diadema,1717010948,21.37,40,1013,Clear,normal
3466617,Diadema,1717097348,21.63,84,1011,Drizzle,normal
3466617,Diadema,1717183748,26.6,40,1014,Clear,normal
3466617,Diadema,1717270148,6.86,59,1018,Rain,cold_snap
3466617,Diadema,1717356548,16.07,40,1020,Clouds,normal
3466617,Diadema,1717442948,15.89,97,1018,Clouds,extreme_humidity
3466617,Diadema,1717529348,20.78,71,1018,Clear,normal
3466617,Diadema,1717615748,15.77,72,1009,Clear,normal
3466617,Diadema,1717702148,18.25,76,1014,Clear,normal
3466617,Diadema,1717788548,16.48,93,1008,Rain,storm_event
3466617,Diadema,1717874948,16.87,74,1014,Rain,normal
3466617,Diadema,1717961348,21.27,56,1018,Clear,normal
3466617,Diadema,1718047748,16.73,59,1014,Clear,normal
3466617,Diadema,1718134148,23.88,93,1008,Rain,pressure_drop
3466617,Diadema,1718220548,15.56,45,1011,Clear,normal
3466617,Diadema,1718306948,12.45,59,1016,Clear,normal
3466617,Diadema,1718393348,13.1,45,1013,Clouds,normal
3466617,Diadema,1718479748,6.31,52,1018,Clouds,cold_snap
3466617,Diadema,1718566148,14.41,84,1016,Rain,normal
3466617,Diadema,1718652548,17.15,70,1020,Clear,normal
3466617,Diadema,1718738948,16.52,51,1008,Clouds,pressure_drop
3466617,Diadema,1718825348,16.16,79,1017,Clear,normal
3466617,Diadema,1718911748,15.2,67,1008,Clouds,pressure_drop
3466617,Diadema,1718998148,17.45,42,1021,Clear,normal
3466617,Diadema,1719084548,18.42,73,1009,Rain,normal
3466617,Diadema,1719170948,12.15,77,1014,Rain,normal
3466617,Diadema,1719257348,14.32,45,1012,Clear,normal
3466617,Diadema,1719343748,16.42,52,1019,Clear,normal
3466617,Diadema,1719430148,19.12,55,1011,Rain,normal
3466617,Diadema,1719516548,14.87,58,1014,Clear,normal
3466617,Diadema,1719602948,22.3,84,1015,Rain,normal
3466617,Diadema,1719689348,16.15,83,1015,Clouds,normal
3466617,Diadema,1719775748,14.59,40,1017,Clear,normal
3466617,Diadema,1719862148,17.85,69,1011,Clear,normal
3466617,Diadema,1719948548,12.82,81,1014,Rain,normal
3466617,Diadema,1720034948,12.71,62,1017,Clear,normal
3466617,Diadema,1720121348,19.09,64,1011,Clouds,normal
3466617,Diadema,1720207748,14.41,51,1009,Clear,normal
3466617,Diadema,1720294148,15.14,65,1008,Clear,pressure_drop
3466617,Diadema,1720380548,16.72,47,1018,Clouds,normal
3466617,Diadema,1720466948,18.01,56,1010,Clear,normal
3466617,Diadema,1720553348,15.78,98,1019,Clouds,extreme_humidity
3466617,Diadema,1720639748,14.68,80,1013,Clear,normal
3466617,Diadema,1720726148,16.13,82,1017,Clouds,normal
3466617,Diadema,1720812548,16.04,66,1017,Clear,normal
3466617,Diadema,1720898948,18.08,57,1016,Rain,normal
3466617,Diadema,1720985348,17.88,89,1014,Clouds,normal
3466617,Diadema,1721071748,13.38,83,1017,Clouds,normal
3466617,Diadema,1721158148,20.56,59,1020,Clouds,normal
3466617,Diadema,1721244548,14.7,50,1021,Clouds,normal
3466617,Diadema,1721330948,15.17,74,1016,Clouds,normal
3466617,Diadema,1721417348,19.35,68,1009,Rain,normal
3466617,Diadema,1721503748,14.84,55,1009,Clear,normal
3466617,Diadema,1721590148,14.02,80,1017,Clear,normal
3466617,Diadema,1721676548,18.07,66,1014,Clouds,normal
3466617,Diadema,1721762948,21.68,75,1014,Clouds,normal
3466617,Diadema,1721849348,19.04,70,1014,Clear,normal
3466617,Diadema,1721935748,13.44,69,1013,Clear,normal
3466617,Diadema,1722022148,18.36,89,1016,Clear,normal
3466617,Diadema,1722108548,16.5,82,1017,Clear,normal
3466617,Diadema,1722194948,12.84,96,1009,Rain,storm_event
3466617,Diadema,1722281348,17.7,57,1017,Clouds,normal
3466617,Diadema,1722367748,13.24,73,1020,Rain,normal
3466617,Diadema,1722454148,13.63,90,1018,Rain,normal
3466617,Diadema,1722540548,18.03,63,1013,Clouds,normal
3466617,Diadema,1722626948,15.78,64,1009,Clouds,normal
3466617,Diadema,1722713348,15.22,98,1017,Clouds,extreme_humidity
3466617,Diadema,1722799748,15.34,71,1012,Drizzle,normal
3466617,Diadema,1722886148,15.61,48,1015,Clouds,normal
3466617,Diadema,1722972548,15.47,98,1014,Drizzle,extreme_humidity
3466617,Diadema,1723058948,20.47,90,1008,Rain,pressure_drop
3466617,Diadema,1723145348,17.19,85,1014,Drizzle,normal
3466617,Diadema,1723231748,21.02,44,1011,Clouds,normal
3466617,Diadema,1723318148,15.88,46,1015,Clouds,normal
3466617,Diadema,1723404548,14.83,69,1009,Rain,normal
3466617,Diadema,1723490948,14.77,45,1012,Clouds,normal
3466617,Diadema,1723577348,19.68,69,1017,Clear,normal
3466617,Diadema,1723663748,15.29,52,1016,Clouds,normal
3466617,Diadema,1723750148,14.27,48,1011,Clear,normal
3466617,Diadema,1723836548,17.12,71,1013,Clouds,normal
3466617,Diadema,1723922948,16.34,41,1018,Clear,normal
3466617,Diadema,1724009348,16.27,81,1009,Drizzle,normal
3466617,Diadema,1724095748,16.76,80,1017,Clear,normal
3466617,Diadema,1724182148,16.93,40,1012,Clear,normal
3466617,Diadema,1724268548,13.1,98,1015,Clouds,extreme_humidity
3466617,Diadema,1724354948,14.96,86,1017,Drizzle,normal
3466617,Diadema,1724441348,22.97,56,1012,Drizzle,normal
3466617,Diadema,1724527748,21.54,58,1015,Rain,normal
3466617,Diadema,1724614148,16.99,57,1015,Clear,normal
3466617,Diadema,1724700548,14.39,92,1018,Rain,normal
3466617,Diadema,1724786948,15.41,97,1012,Rain,extreme_humidity
3466617,Diadema,1724873348,12.81,76,1014,Drizzle,normal
3466617,Diadema,1724959748,17.47,73,1013,Clouds,normal
3466617,Diadema,1725046148,21.24,71,1014,Clear,normal
3466617,Diadema,1725132548,18.02,92,1015,Rain,normal
3466617,Diadema,1725218948,17.6,91,1011,Thunderstorm,storm_event
3466617,Diadema,1725305348,23.91,80,1014,Clouds,normal
3466617,Diadema,1725391748,19.16,63,1010,Drizzle,normal
3466617,Diadema,1725478148,21.11,60,1009,Clear,normal
3466617,Diadema,1725564548,16.4,71,1015,Clear,normal
3466617,Diadema,1725650948,22.09,56,1017,Clear,normal
3466617,Diadema,1725737348,23.11,56,1013,Clear,normal
3466617,Diadema,1725823748,21.61,73,1014,Clear,normal
3466617,Diadema,1725910148,25.3,70,1017,Clouds,normal
3466617,Diadema,1725996548,17.8,81,1020,Clear,normal
3466617,Diadema,1726082948,28.87,96,1008,Rain,pressure_drop
3466617,Diadema,1726169348,21.32,73,1012,Clear,normal
3466617,Diadema,1726255748,24.52,74,1010,Rain,normal
3466617,Diadema,1726342148,14.49,81,1008,Clouds,pressure_drop
3466617,Diadema,1726428548,20.82,55,1012,Drizzle,normal
3466617,Diadema,1726514948,26.32,78,1016,Rain,normal
3466617,Diadema,1726601348,18.12,69,1012,Clear,normal
3466617,Diadema,1726687748,22.34,75,1015,Clear,normal
3466617,Diadema,1726774148,17.35,75,1009,Drizzle,normal
3466617,Diadema,1726860548,25.69,71,1012,Rain,normal
3466617,Diadema,1726946948,23.34,79,1008,Drizzle,pressure_drop
3466617,Diadema,1727033348,20.74,80,1010,Clear,normal
3466617,Diadema,1727119748,25.46,63,1013,Clouds,normal
3466617,Diadema,1727206148,26.44,79,1009,Drizzle,normal
3466617,Diadema,1727292548,25.3,37,1010,Clear,drought
3466617,Diadema,1727378948,20.63,68,1021,Clear,normal
3466617,Diadema,1727465348,21.94,79,1008,Rain,pressure_drop
3466617,Diadema,1727551748,19.91,73,1014,Clear,normal
3466617,Diadema,1727638148,24.6,55,1010,Rain,normal
3466617,Diadema,1727724548,19.55,77,1008,Rain,pressure_drop
3466617,Diadema,1727810948,21.23,89,1017,Clear,normal
3466617,Diadema,1727897348,24.76,35,1010,Clear,drought
3466617,Diadema,1727983748,22.13,58,1016,Clear,normal
3466617,Diadema,1728070148,19.17,86,1017,Clear,normal
3466617,Diadema,1728156548,18.75,79,1017,Clear,normal
3466617,Diadema,1728242948,24.39,36,1014,Clouds,drought
3466617,Diadema,1728329348,18.58,66,1020,Clear,normal
3466617,Diadema,1728415748,16.86,68,1008,Clear,pressure_drop
3466617,Diadema,1728502148,18.95,42,1010,Clear,normal
3466617,Diadema,1728588548,17.1,55,1013,Rain,normal
3466617,Diadema,1728674948,19.88,91,1018,Clear,normal
3466617,Diadema,1728761348,25.1,36,1015,Clear,drought
3466617,Diadema,1728847748,16.45,60,1009,Rain,normal
3466617,Diadema,1728934148,21.53,72,1016,Clear,normal
3466617,Diadema,1729020548,21.73,51,1016,Clouds,normal
3466617,Diadema,1729106948,22.18,73,1016,Rain,normal
3466617,Diadema,1729193348,24.2,77,1008,Clear,pressure_drop
3466617,Diadema,1729279748,20.62,72,1012,Clear,normal
3466617,Diadema,1729366148,17.19,93,1009,Rain,storm_event
3466617,Diadema,1729452548,20.52,59,1013,Clouds,normal
3466617,Diadema,1729538948,20.53,52,1014,Clear,normal
3466617,Diadema,1729625348,18.53,40,1017,Clear,normal
3466617,Diadema,1729711748,18.81,75,1010,Clear,normal
3466617,Diadema,1729798148,19.42,61,1016,Clouds,normal
3466617,Diadema,1729884548,19.84,76,1014,Clouds,normal
3466617,Diadema,1729970948,21.12,80,1018,Clear,normal
3466617,Diadema,1730057348,17.77,80,1013,Clear,normal
3466617,Diadema,1730143748,18.98,59,1013,Clear,normal
3466617,Diadema,1730230148,18.54,79,1015,Clouds,normal
3466617,Diadema,1730316548,21.95,65,1008,Clouds,pressure_drop
3466617,Diadema,1730402948,21.42,56,1016,Clouds,normal
3466617,Diadema,1730489348,25.37,45,1022,Clouds,normal
3466617,Diadema,1730575748,23.96,89,1010,Drizzle,normal
3466617,Diadema,1730662148,21.43,77,1008,Clouds,pressure_drop
3466617,Diadema,1730748548,20.0,73,1012,Clouds,normal
3466617,Diadema,1730834948,23.22,74,1010,Clear,normal
3466617,Diadema,1730921348,16.64,82,1017,Clear,normal
3466617,Diadema,1731007748,22.51,92,1010,Clear,normal
3466617,Diadema,1731094148,17.37,92,1014,Drizzle,normal
3466617,Diadema,1731180548,19.84,63,1008,Rain,pressure_drop
3466617,Diadema,1731266948,19.58,59,1014,Clear,normal
3466617,Diadema,1731353348,22.4,77,1010,Clear,normal
3466617,Diadema,1731439748,21.14,62,1012,Clouds,normal
3466617,Diadema,1731526148,25.37,92,1015,Clear,normal
3466617,Diadema,1731612548,24.47,74,1014,Drizzle,normal
3466617,Diadema,1731698948,24.34,65,1020,Clear,normal
3466617,Diadema,1731785348,19.73,70,1014,Drizzle,normal
3466617,Diadema,1731871748,17.65,67,1014,Rain,normal
3466617,Diadema,1731958148,22.0,42,1012,Clear,normal
3466617,Diadema,1732044548,17.02,95,1011,Thunderstorm,storm_event
3466617,Diadema,1732130948,24.37,55,1011,Clear,normal
3466617,Diadema,1732217348,20.89,73,1014,Drizzle,normal
3466617,Diadema,1732303748,20.92,40,1018,Clear,normal
3466617,Diadema,1732390148,18.82,84,1017,Clear,normal
3466617,Diadema,1732476548,17.03,57,1014,Clear,normal
3466617,Diadema,1732562948,23.66,92,1017,Clouds,normal
3466617,Diadema,1732649348,23.83,71,1009,Rain,normal
3466617,Diadema,1732735748,20.11,77,1009,Drizzle,normal
3466617,Diadema,1732822148,18.52,70,1008,Clouds,pressure_drop
3466617,Diadema,1732908548,21.4,92,1013,Clear,normal
3466617,Diadema,1732994948,21.01,58,1022,Clear,normal
3466617,Diadema,1733081348,24.8,43,1009,Clouds,normal
3466617,Diadema,1733167748,28.1,49,1014,Clouds,normal
3466617,Diadema,1733254148,27.66,90,1016,Rain,normal
3466617,Diadema,1733340548,27.72,80,1014,Rain,normal
3466617,Diadema,1733426948,25.16,92,1011,Clear,normal
3466617,Diadema,1733513348,26.34,50,1015,Clear,normal
3466617,Diadema,1733599748,26.08,76,1014,Rain,normal
3466617,Diadema,1733686148,32.09,35,1017,Clear,drought
3466617,Diadema,1733772548,27.89,69,1015,Clouds,normal
3466617,Diadema,1733858948,24.04,70,1016,Clouds,normal
3466617,Diadema,1733945348,28.38,88,1011,Rain,normal
3466617,Diadema,1734031748,23.98,57,1014,Clouds,normal
3466617,Diadema,1734118148,21.07,58,1013,Clouds,normal
3466617,Diadema,1734204548,23.47,73,1014,Clouds,normal
3466617,Diadema,1734290948,22.47,67,1010,Clear,normal
3466617,Diadema,1734377348,29.05,97,1013,Rain,extreme_humidity
3466617,Diadema,1734463748,28.77,80,1021,Clouds,normal
3466617,Diadema,1734550148,21.07,90,1014,Clear,normal
3466617,Diadema,1734636548,28.55,83,1018,Clouds,normal
3466617,Diadema,1734722948,30.54,60,1008,Rain,pressure_drop
3466617,Diadema,1734809348,31.61,58,1014,Clouds,normal
3466617,Diadema,1734895748,22.01,45,1018,Clear,normal
3466617,Diadema,1734982148,31.65,69,1012,Clouds,normal
3466617,Diadema,1735068548,21.07,65,1014,Clouds,normal
3466617,Diadema,1735154948,24.58,92,1016,Clear,normal
3466617,Diadema,1735241348,24.14,49,1014,Clouds,normal
3466617,Diadema,1735327748,23.26,50,1009,Clouds,normal
3466617,Diadema,1735414148,25.99,60,1017,Clouds,normal
3466617,Diadema,1735500548,27.72,98,1019,Clouds,extreme_humidity
3466617,Diadema,1735586948,27.69,61,1013,Clouds,normal
3466617,Diadema,1735673348,27.86,96,1008,Drizzle,pressure_drop
3466617,Diadema,1735759748,24.67,92,1011,Thunderstorm,storm_event
3466617,Diadema,1735846148,25.28,93,1011,Thunderstorm,storm_event
3466617,Diadema,1735932548,25.37,78,1018,Rain,normal
3466617,Diadema,1736018948,27.44,61,1015,Clear,normal
3466617,Diadema,1736105348,24.66,75,1013,Clear,normal
3466617,Diadema,1736191748,17.97,65,1018,Clouds,cold_snap
3466617,Diadema,1736278148,21.9,58,1019,Clear,normal
3466617,Diadema,1736364548,24.0,73,1012,Rain,normal
3466617,Diadema,1736450948,29.76,82,1008,Rain,pressure_drop
3466617,Diadema,1736537348,25.99,97,1010,Drizzle,extreme_humidity
3466617,Diadema,1736623748,32.86,75,1008,Clear,pressure_drop
3466617,Diadema,1736710148,22.62,70,1008,Clouds,pressure_drop
3466617,Diadema,1736796548,24.88,88,1017,Clouds,normal
3466617,Diadema,1736882948,28.31,54,1013,Clouds,normal
3466617,Diadema,1736969348,23.37,46,1012,Clouds,normal
3466617,Diadema,1737055748,24.63,72,1012,Clear,normal
3466617,Diadema,1737142148,24.96,75,1014,Clear,normal
3466617,Diadema,1737228548,24.16,67,1015,Clear,normal
3466617,Diadema,1737314948,26.66,69,1013,Rain,normal
3466617,Diadema,1737401348,25.56,56,1016,Clouds,normal
3466617,Diadema,1737487748,21.65,49,1013,Clear,normal
3466617,Diadema,1737574148,19.97,77,1015,Clouds,normal
3466617,Diadema,1737660548,22.34,64,1010,Clear,normal
3466617,Diadema,1737746948,26.37,79,1012,Clear,normal
3466617,Diadema,1737833348,23.74,80,1014,Drizzle,normal
3466617,Diadema,1737919748,26.22,62,1019,Clear,normal
3466617,Diadema,1738006148,26.06,88,1015,Clouds,normal
3466617,Diadema,1738092548,25.81,67,1015,Clear,normal
3466617,Diadema,1738178948,22.71,70,1020,Clouds,normal
3466617,Diadema,1738265348,27.0,92,1014,Rain,normal
3466617,Diadema,1738351748,25.6,61,1018,Clouds,normal
3466617,Diadema,1738438148,21.62,70,1009,Clear,normal
3466617,Diadema,1738524548,25.84,92,1021,Clouds,normal
3466617,Diadema,1738610948,22.54,94,1009,Rain,storm_event
3466617,Diadema,1738697348,25.11,61,1011,Clear,normal
3466617,Diadema,1738783748,26.51,44,1011,Clear,normal
3466617,Diadema,1738870148,24.97,98,1013,Rain,extreme_humidity
3466617,Diadema,1738956548,24.18,59,1008,Clear,pressure_drop
3466617,Diadema,1739042948,24.43,76,1012,Clouds,normal
3466617,Diadema,1739129348,19.63,54,1008,Clear,pressure_drop
3466617,Diadema,1739215748,27.28,71,1020,Clear,normal
3466617,Diadema,1739302148,21.25,76,1012,Clear,normal
3466617,Diadema,1739388548,21.25,69,1018,Clear,normal
3466617,Diadema,1739474948,25.46,80,1011,Rain,normal
3466617,Diadema,1739561348,24.17,64,1010,Clouds,normal
3466617,Diadema,1739647748,25.28,56,1019,Clear,normal
3466617,Diadema,1739734148,24.04,83,1014,Clear,normal
3466617,Diadema,1739820548,28.46,61,1022,Clear,normal
3466617,Diadema,1739906948,21.25,92,1014,Rain,normal
3466617,Diadema,1739993348,22.44,44,1022,Clear,normal
3466617,Diadema,1740079748,26.03,97,1015,Rain,extreme_humidity
3466617,Diadema,1740166148,30.97,63,1013,Clouds,normal
3466617,Diadema,1740252548,25.15,63,1012,Clear,normal
3466617,Diadema,1740338948,27.76,92,1022,Clear,normal
3466617,Diadema,1740425348,28.68,59,1012,Clouds,normal
3466617,Diadema,1740511748,24.41,64,1009,Rain,normal
3466617,Diadema,1740598148,25.94,59,1020,Clouds,normal
3466617,Diadema,1740684548,24.49,51,1017,Clouds,normal
3466617,Diadema,1740770948,26.66,74,1018,Clear,normal
3466617,Diadema,1740857348,28.32,93,1009,Rain,storm_event
3466617,Diadema,1740943748,23.09,92,1009,Rain,normal
3466617,Diadema,1741030148,28.42,86,1015,Clear,normal
3466617,Diadema,1741116548,26.0,60,1019,Clear,normal
3466617,Diadema,1741202948,21.17,78,1018,Clouds,normal
3466617,Diadema,1741289348,24.13,50,1012,Clear,normal
3466617,Diadema,1741375748,21.26,85,1013,Drizzle,normal
3466617,Diadema,1741462148,24.3,43,1012,Clouds,normal
3466617,Diadema,1741548548,27.07,85,1010,Rain,normal
3466617,Diadema,1741634948,28.81,58,1009,Rain,normal
3466617,Diadema,1741721348,26.56,55,1014,Rain,normal
3466617,Diadema,1741807748,28.68,82,1016,Clouds,normal
3466617,Diadema,1741894148,23.14,89,1015,Clouds,normal
3466617,Diadema,1741980548,24.01,57,1019,Clear,normal
3466617,Diadema,1742066948,28.43,74,1017,Clouds,normal
3466617,Diadema,1742153348,23.0,47,1019,Clear,normal
3466617,Diadema,1742239748,27.56,69,1016,Clear,normal
3466617,Diadema,1742326148,28.16,56,1019,Clear,normal
3466617,Diadema,1742412548,26.92,50,1014,Clear,normal
3466617,Diadema,1742498948,26.33,76,1015,Clouds,normal
3466617,Diadema,1742585348,28.43,63,1014,Clear,normal
3466617,Diadema,1742671748,28.18,49,1017,Clouds,normal
3466617,Diadema,1742758148,27.73,81,1016,Clouds,normal
3466617,Diadema,1742844548,21.43,74,1009,Clear,normal
3466617,Diadema,1742930948,28.94,82,1014,Clouds,normal
3466617,Diadema,1743017348,26.83,46,1017,Clouds,normal
3466617,Diadema,1743103748,28.14,59,1017,Clear,normal
3466617,Diadema,1743190148,29.44,80,1009,Clear,normal
3466617,Diadema,1743276548,28.02,80,1016,Clear,normal
3466617,Diadema,1743362948,26.91,96,1013,Thunderstorm,storm_event
3466617,Diadema,1743449348,23.25,92,1008,Clear,pressure_drop
3466617,Diadema,1743535748,22.84,63,1011,Clouds,normal
3466617,Diadema,1743622148,21.51,71,1012,Clouds,normal
3466617,Diadema,1743708548,19.76,92,1021,Rain,normal
3466617,Diadema,1743794948,23.24,70,1010,Clouds,normal
3466617,Diadema,1743881348,19.25,69,1011,Clear,normal
3466617,Diadema,1743967748,19.72,80,1014,Clouds,normal
3466617,Diadema,1744054148,21.83,50,1021,Clear,normal
3466617,Diadema,1744140548,19.03,97,1014,Drizzle,extreme_humidity
3466617,Diadema,1744226948,18.52,61,1014,Clear,normal
3466617,Diadema,1744313348,23.31,90,1015,Clear,normal
3466617,Diadema,1744399748,23.99,76,1017,Clouds,normal
3466617,Diadema,1744486148,25.41,62,1017,Clouds,normal
3466617,Diadema,1744572548,17.32,65,1015,Clear,normal
3466617,Diadema,1744658948,20.68,88,1012,Clear,normal
3466617,Diadema,1744745348,19.3,77,1018,Clear,normal
3466617,Diadema,1744831748,23.09,79,1011,Rain,normal
3466617,Diadema,1744918148,20.21,78,1015,Clear,normal
3466617,Diadema,1745004548,18.12,92,1012,Clouds,normal
3466617,Diadema,1745090948,23.32,67,1012,Clear,normal
3466617,Diadema,1745177348,17.4,92,1016,Clouds,normal
3466617,Diadema,1745263748,17.2,49,1014,Clear,normal
3466617,Diadema,1745350148,21.88,75,1008,Clouds,pressure_drop
3466617,Diadema,1745436548,19.39,96,1008,Clear,pressure_drop
3466617,Diadema,1745522948,19.78,56,1014,Clouds,normal
3466617,Diadema,1745609348,22.2,40,1015,Clear,normal
3466617,Diadema,1745695748,18.95,47,1013,Clouds,normal
3466617,Diadema,1745782148,19.71,55,1015,Rain,normal
3466617,Diadema,1745868548,19.4,55,1015,Clear,normal
3466617,Diadema,1745954948,17.12,63,1009,Rain,normal
3466617,Diadema,1746041348,24.37,57,1019,Clouds,normal
3466617,Diadema,1746127748,18.9,54,1013,Clouds,normal
3466617,Diadema,1746214148,22.28,73,1011,Rain,normal
3466617,Diadema,1746300548,20.76,60,1013,Clouds,normal
3466617,Diadema,1746386948,18.38,92,1009,Clear,normal
3466617,Diadema,1746473348,22.22,79,1015,Clouds,normal
3466617,Diadema,1746559748,21.93,85,1017,Clouds,normal
3466617,Diadema,1746646148,21.32,70,1012,Clear,normal
3466617,Diadema,1746732548,21.86,40,1013,Clear,normal
3466617,Diadema,1746818948,17.39,62,1015,Drizzle,normal
3466617,Diadema,1746905348,21.74,77,1018,Drizzle,normal
3466617,Diadema,1746991748,20.08,96,1010,Thunderstorm,storm_event
3466617,Diadema,1747078148,25.6,55,1010,Rain,normal
3466617,Diadema,1747164548,21.85,74,1012,Rain,normal
3466617,Diadema,1747250948,25.48,43,1011,Clear,normal
3466617,Diadema,1747337348,20.29,92,1010,Clouds,normal
3466617,Diadema,1747423748,23.45,54,1016,Clear,normal
3466617,Diadema,1747510148,22.56,40,1015,Clear,normal
3466617,Diadema,1747596548,20.52,45,1014,Clouds,normal
3466617,Diadema,1747682948,19.73,56,1016,Clear,normal
3466617,Diadema,1747769348,22.06,83,1008,Clouds,pressure_drop
3466617,Diadema,1747855748,21.17,43,1013,Clouds,normal
3466617,Diadema,1747942148,21.36,54,1011,Clear,normal
3466617,Diadema,1748028548,17.72,50,1019,Clear,normal
3466617,Diadema,1748114948,18.96,68,1012,Clear,normal
3466617,Diadema,1748201348,23.71,55,1016,Rain,normal
3466617,Diadema,1748287748,26.6,42,1016,Clear,normal
3466617,Diadema,1748374148,18.86,58,1008,Drizzle,pressure_drop
3466617,Diadema,1748460548,19.28,65,1017,Clouds,normal
3466617,Diadema,1748546948,23.9,92,1012,Rain,normal
3466617,Diadema,1748633348,15.89,86,1013,Rain,normal
3466617,Diadema,1748719748,13.67,66,1020,Clear,cold_snap
3466617,Diadema,1748806148,20.73,92,1009,Rain,normal
3466617,Diadema,1748892548,13.52,61,1022,Clear,normal
3466617,Diadema,1748978948,11.6,43,1017,Clouds,normal
3466617,Diadema,1749065348,17.29,98,1013,Thunderstorm,storm_event
3466617,Diadema,1749151748,15.47,87,1016,Rain,normal
3466617,Diadema,1749238148,18.37,56,1011,Clear,normal
3466617,Diadema,1749324548,20.05,79,1016,Rain,normal
3466617,Diadema,1749410948,15.02,52,1010,Clear,normal
3466617,Diadema,1749497348,15.81,40,1020,Clouds,normal
3466617,Diadema,1749583748,19.63,73,1011,Rain,normal
3466617,Diadema,1749670148,15.95,86,1019,Clouds,normal
3466617,Diadema,1749756548,13.51,59,1018,Rain,normal
3466617,Diadema,1749842948,17.21,69,1014,Rain,normal
3466617,Diadema,1749929348,13.15,97,1012,Thunderstorm,storm_event
3466617,Diadema,1750015748,16.51,92,1013,Clouds,normal
3466617,Diadema,1750102148,11.61,52,1014,Clear,normal
3466617,Diadema,1750188548,16.94,86,1014,Clouds,normal
3466617,Diadema,1750274948,15.81,92,1012,Rain,normal
3466617,Diadema,1750361348,15.49,98,1013,Thunderstorm,storm_event
3466617,Diadema,1750447748,15.59,97,1009,Rain,storm_event
3466617,Diadema,1750534148,15.97,97,1016,Drizzle,extreme_humidity
3466617,Diadema,1750620548,13.86,85,1015,Rain,normal
3466617,Diadema,1750706948,21.29,71,1014,Rain,normal
3466617,Diadema,1750793348,13.35,72,1016,Clear,normal
3466617,Diadema,1750879748,14.53,89,1013,Clear,normal
3466617,Diadema,1750966148,16.06,73,1014,Rain,normal
3466617,Diadema,1751052548,22.3,40,1016,Clouds,normal
3466617,Diadema,1751138948,17.3,55,1015,Drizzle,normal
3466617,Diadema,1751225348,14.65,81,1013,Drizzle,normal
3466617,Diadema,1751311748,16.84,89,1013,Thunderstorm,storm_event
3466617,Diadema,1751398148,13.06,85,1012,Clouds,normal
3466617,Diadema,1751484548,17.05,75,1008,Clouds,pressure_drop
3466617,Diadema,1751570948,11.13,60,1018,Clouds,normal
3466617,Diadema,1751657348,16.48,55,1014,Rain,normal
3466617,Diadema,1751743748,16.69,50,1019,Clouds,normal
3466617,Diadema,1751830148,14.53,76,1013,Clear,normal
3466617,Diadema,1751916548,15.02,72,1018,Rain,normal
3466617,Diadema,1752002948,17.06,62,1015,Clear,normal
3466617,Diadema,1752089348,11.83,55,1009,Clear,normal
3466617,Diadema,1752175748,11.86,89,1009,Rain,normal
3466617,Diadema,1752262148,19.01,63,1014,Clear,normal
3466617,Diadema,1752348548,21.98,72,1018,Clear,normal
3466617,Diadema,1752434948,17.36,92,1016,Rain,normal
3466617,Diadema,1752521348,13.29,60,1018,Clear,normal
3466617,Diadema,1752607748,20.41,67,1017,Clouds,normal
3466617,Diadema,1752694148,16.24,63,1009,Clear,normal
3466617,Diadema,1752780548,16.25,82,1020,Clear,normal
3466617,Diadema,1752866948,21.98,77,1017,Rain,normal
3466617,Diadema,1752953348,15.32,86,1014,Clear,normal
3466617,Diadema,1753039748,16.54,62,1020,Clear,normal
3466617,Diadema,1753126148,16.57,74,1019,Clear,normal
3466617,Diadema,1753212548,14.01,62,1017,Clear,normal
3466617,Diadema,1753298948,14.97,50,1008,Clouds,pressure_drop
3466617,Diadema,1753385348,19.11,58,1013,Clear,normal
3466617,Diadema,1753471748,18.84,80,1017,Clouds,normal
3466617,Diadema,1753558148,20.13,43,1017,Clear,normal
3466617,Diadema,1753644548,9.17,58,1020,Clear,cold_snap
3466617,Diadema,1753730948,12.66,83,1022,Rain,normal
3466617,Diadema,1753817348,21.98,92,1019,Clear,normal
3466617,Diadema,1753903748,14.34,84,1016,Clear,normal
3466617,Diadema,1753990148,16.75,74,1013,Clear,normal
3466617,Diadema,1754076548,20.1,60,1009,Rain,normal
3466617,Diadema,1754162948,15.33,55,1014,Drizzle,normal
3466617,Diadema,1754249348,15.18,61,1012,Clouds,normal
3466617,Diadema,1754335748,14.43,56,1012,Clouds,normal
3466617,Diadema,1754422148,16.52,92,1016,Clouds,normal
3466617,Diadema,1754508548,16.22,50,1015,Clouds,normal
3466617,Diadema,1754594948,11.31,78,1015,Clouds,normal
3466617,Diadema,1754681348,8.87,59,1021,Rain,cold_snap
3466617,Diadema,1754767748,16.75,74,1015,Clouds,normal
3466617,Diadema,1754854148,21.14,55,1012,Drizzle,normal
3466617,Diadema,1754940548,20.92,43,1015,Clear,normal
3466617,Diadema,1755026948,22.64,76,1015,Clouds,normal
3466617,Diadema,1755113348,13.07,92,1009,Rain,normal
3466617,Diadema,1755199748,18.09,92,1017,Drizzle,normal
3466617,Diadema,1755286148,17.64,62,1016,Clouds,normal
3466617,Diadema,1755372548,8.87,50,1018,Clouds,cold_snap
3466617,Diadema,1755458948,14.72,72,1017,Clouds,normal
3466617,Diadema,1755545348,17.89,69,1017,Clouds,normal
3466617,Diadema,1755631748,14.14,69,1021,Clouds,normal
3466617,Diadema,1755718148,16.85,63,1021,Rain,normal
3466617,Diadema,1755804548,17.33,98,1009,Thunderstorm,storm_event
3466617,Diadema,1755890948,19.5,55,1019,Clouds,normal
3466617,Diadema,1755977348,14.64,63,1013,Clear,normal
3466617,Diadema,1756063748,15.91,95,1009,Rain,storm_event
3466617,Diadema,1756150148,17.52,96,1013,Thunderstorm,storm_event
3466617,Diadema,1756236548,15.7,67,1017,Clouds,normal
3466617,Diadema,1756322948,20.0,81,1017,Drizzle,normal
3466617,Diadema,1756409348,17.35,63,1008,Drizzle,pressure_drop
3466617,Diadema,1756495748,15.32,82,1016,Clouds,normal
3466617,Diadema,1756582148,13.9,91,1012,Drizzle,normal
3466617,Diadema,1756668548,17.8,90,1016,Drizzle,normal
3466617,Diadema,1756754948,23.43,63,1015,Clear,normal
3466617,Diadema,1756841348,20.59,53,1014,Clouds,normal
3466617,Diadema,1756927748,21.36,91,1018,Clear,normal
3466617,Diadema,1757014148,20.82,74,1021,Clouds,normal
3466617,Diadema,1757100548,16.87,78,1018,Clouds,normal
3466617,Diadema,1757186948,21.36,68,1016,Clear,normal
3466617,Diadema,1757273348,19.51,71,1009,Clouds,normal
3466617,Diadema,1757359748,24.6,73,1019,Clear,normal
3466617,Diadema,1757446148,22.14,84,1013,Clear,normal
3466617,Diadema,1757532548,23.83,70,1008,Rain,pressure_drop
3466617,Diadema,1757618948,17.58,74,1014,Rain,normal
3466617,Diadema,1757705348,23.65,43,1016,Clouds,normal
3466617,Diadema,1757791748,20.26,66,1014,Clear,normal
3466617,Diadema,1757878148,18.98,92,1016,Clouds,normal
3466617,Diadema,1757964548,19.72,74,1009,Drizzle,normal
3466617,Diadema,1758050948,23.3,72,1018,Clouds,normal
3466617,Diadema,1758137348,24.38,92,1010,Rain,normal
3466617,Diadema,1758223748,22.03,54,1014,Clear,normal
3466617,Diadema,1758310148,22.4,91,1013,Clouds,normal
3466617,Diadema,1758396548,18.68,92,1010,Clouds,normal
3466617,Diadema,1758482948,21.7,40,1019,Clouds,normal
3466617,Diadema,1758569348,20.73,86,1014,Rain,normal
3466617,Diadema,1758655748,22.88,81,1012,Rain,normal
3466617,Diadema,1758742148,13.17,58,1017,Clear,cold_snap
3466617,Diadema,1758828548,17.68,81,1012,Clouds,normal
3466617,Diadema,1758914948,18.43,61,1016,Clear,normal
3466617,Diadema,1759001348,18.42,55,1010,Clear,normal
3466617,Diadema,1759087748,21.84,74,1009,Clear,normal
3466617,Diadema,1759174148,27.83,75,1013,Clear,normal
3466617,Diadema,1759260548,25.49,92,1009,Rain,normal
3466617,Diadema,1759346948,21.92,76,1008,Clear,pressure_drop
3466617,Diadema,1759433348,18.44,66,1016,Clear,normal
3466617,Diadema,1759519748,18.91,60,1008,Clear,pressure_drop
3466617,Diadema,1759606148,24.35,50,1013,Clouds,normal
3466617,Diadema,1759692548,18.18,78,1009,Drizzle,normal
3466617,Diadema,1759778948,20.95,58,1013,Drizzle,normal
3466617,Diadema,1759865348,22.35,90,1008,Clear,pressure_drop
3466617,Diadema,1759951748,18.75,56,1014,Clear,normal
3466617,Diadema,1760038148,20.21,92,1012,Clouds,normal
3466617,Diadema,1760124548,16.45,75,1015,Drizzle,normal
3466617,Diadema,1760210948,20.64,58,1017,Clear,normal
3466617,Diadema,1760297348,19.17,71,1013,Clouds,normal
3466617,Diadema,1760383748,14.03,50,1015,Clear,cold_snap
3466617,Diadema,1760470148,24.73,62,1017,Clouds,normal
3466617,Diadema,1760556548,18.2,62,1020,Clouds,normal
3466617,Diadema,1760642948,19.2,84,1018,Rain,normal
3466617,Diadema,1760729348,18.61,45,1010,Clear,normal
3466617,Diadema,1760815748,21.09,55,1014,Rain,normal
3466617,Diadema,1760902148,22.54,51,1019,Clouds,normal
3466617,Diadema,1760988548,18.4,83,1010,Clouds,normal
3466617,Diadema,1761074948,21.32,41,1009,Clear,normal
3466617,Diadema,1761161348,22.5,69,1012,Rain,normal
3466617,Diadema,1761247748,22.41,85,1017,Clear,normal
3466617,Diadema,1761334148,18.63,49,1010,Clouds,normal
3466617,Diadema,1761420548,20.41,79,1017,Clear,normal
3466617,Diadema,1761506948,18.53,73,1010,Clouds,normal
3466617,Diadema,1761593348,18.3,70,1012,Rain,normal
3466617,Diadema,1761679748,24.73,53,1013,Clear,normal
3466617,Diadema,1761766148,21.31,78,1016,Clouds,normal
3466617,Diadema,1761852548,22.2,70,1010,Drizzle,normal
3466617,Diadema,1761938948,24.46,80,1009,Clear,normal
3466617,Diadema,1762025348,20.99,64,1015,Clear,normal
3466617,Diadema,1762111748,23.8,70,1010,Clear,normal
3466617,Diadema,1762198148,21.16,74,1011,Clear,normal
3466617,Diadema,1762284548,16.93,55,1012,Rain,normal
3466617,Diadema,1762370948,17.29,42,1018,Clear,normal
3466617,Diadema,1762457348,24.18,79,1018,Clear,normal
3466617,Diadema,1762543748,20.78,98,1019,Drizzle,extreme_humidity
3466617,Diadema,1762630148,20.9,71,1009,Drizzle,normal
3466617,Diadema,1762716548,17.18,42,1009,Clear,normal
3466617,Diadema,1762802948,21.06,93,1009,Rain,storm_event
3466617,Diadema,1762889348,24.93,92,1016,Clouds,normal
3466617,Diadema,1762975748,22.72,65,1008,Clear,pressure_drop
3466617,Diadema,1763062148,20.65,66,1012,Clouds,normal
3466617,Diadema,1763148548,21.42,94,1009,Rain,storm_event
3466617,Diadema,1763234948,19.85,54,1021,Clear,normal
3466617,Diadema,1763321348,21.09,92,1015,Clear,normal
3466617,Diadema,1763407748,23.7,68,1016,Clouds,normal
3466617,Diadema,1763494148,16.64,87,1009,Rain,normal
3466617,Diadema,1763580548,19.43,71,1016,Clouds,normal
3466617,Diadema,1763666948,19.8,97,1014,Clouds,extreme_humidity
3466617,Diadema,1763753348,18.81,88,1015,Clouds,normal
3466617,Diadema,1763839748,20.69,98,1014,Drizzle,extreme_humidity
3466617,Diadema,1763926148,23.08,69,1018,Clear,normal
3466617,Diadema,1764012548,18.32,82,1009,Clear,normal
3466617,Diadema,1764098948,26.47,39,1016,Clear,drought
3466617,Diadema,1764185348,20.95,74,1017,Drizzle,normal
3466617,Diadema,1764271748,21.59,73,1014,Clear,normal
3466617,Diadema,1764358148,18.4,54,1021,Clear,normal
3466617,Diadema,1764444548,21.44,42,1022,Clear,normal
3466617,Diadema,1764530948,18.27,77,1012,Drizzle,normal
3466617,Diadema,1764617348,29.57,86,1015,Clear,normal
3466617,Diadema,1764703748,24.07,72,1011,Clear,normal
3466617,Diadema,1764790148,29.32,73,1016,Clear,normal
3466617,Diadema,1764876548,25.9,70,1017,Clear,normal
3466617,Diadema,1764962948,27.76,92,1015,Clear,normal
3466617,Diadema,1765049348,29.43,67,1013,Clouds,normal
3466617,Diadema,1765135748,27.4,50,1017,Clear,normal
3466617,Diadema,1765222148,25.45,81,1008,Clouds,pressure_drop
3466617,Diadema,1765308548,31.65,68,1009,Drizzle,normal
3466617,Diadema,1765394948,29.84,60,1015,Clear,normal
3466617,Diadema,1765481348,29.11,80,1016,Clear,normal
3466617,Diadema,1765567748,22.51,78,1016,Clear,normal
3466617,Diadema,1765654148,25.65,73,1013,Clouds,normal
3466617,Diadema,1765740548,30.19,89,1013,Clear,normal
3466617,Diadema,1765826948,25.76,73,1010,Clouds,normal
3466617,Diadema,1765913348,29.41,40,1012,Clouds,normal
3466617,Diadema,1765999748,27.41,56,1018,Clouds,normal
3466617,Diadema,1766086148,31.1,37,1015,Clear,drought
3466617,Diadema,1766172548,27.52,93,1009,Rain,storm_event
3466617,Diadema,1766258948,31.84,68,1008,Clear,pressure_drop
3466617,Diadema,1766345348,27.05,83,1012,Rain,normal
3466617,Diadema,1766431748,22.98,61,1012,Clear,normal
3466617,Diadema,1766518148,28.01,92,1014,Clear,normal
3466617,Diadema,1766604548,25.93,98,1018,Clouds,extreme_humidity
3466617,Diadema,1766690948,26.43,71,1016,Clear,normal
3466617,Diadema,1766777348,31.65,79,1017,Clouds,normal
3466617,Diadema,1766863748,26.05,80,1012,Drizzle,normal
3466617,Diadema,1766950148,25.49,98,1013,Drizzle,extreme_humidity
3466617,Diadema,1767036548,23.65,84,1014,Clouds,normal
3466617,Diadema,1767122948,26.4,93,1010,Thunderstorm,storm_event
3466617,Diadema,1767209348,28.15,92,1014,Clear,normal
3466617,Diadema,1767295748,23.91,76,1016,Clouds,normal
3466617,Diadema,1767382148,24.44,82,1013,Rain,normal
3466617,Diadema,1767468548,24.42,89,1013,Thunderstorm,storm_event
3466617,Diadema,1767554948,25.91,74,1015,Clear,normal
3466617,Diadema,1767641348,24.73,51,1011,Clear,normal
3466617,Diadema,1767727748,20.85,51,1011,Clear,normal
3466617,Diadema,1767814148,29.92,55,1017,Clouds,normal
3466617,Diadema,1767900548,23.48,77,1015,Clear,normal
3466617,Diadema,1767986948,19.97,58,1017,Clear,normal
3466617,Diadema,1768073348,27.4,72,1012,Clouds,normal
3466617,Diadema,1768159748,31.61,50,1011,Clouds,normal
3466617,Diadema,1768246148,22.5,92,1022,Clear,normal
3466617,Diadema,1768332548,26.75,42,1019,Clouds,normal
3466617,Diadema,1768418948,21.63,70,1018,Clear,normal
3466617,Diadema,1768505348,24.11,44,1015,Clear,normal
3466617,Diadema,1768591748,23.82,87,1017,Rain,normal
3466617,Diadema,1768678148,28.02,68,1014,Clouds,normal
3466617,Diadema,1768764548,24.48,76,1018,Rain,normal
3466617,Diadema,1768850948,27.74,81,1011,Clear,normal
3466617,Diadema,1768937348,23.46,82,1018,Rain,normal
3466617,Diadema,1769023748,26.22,66,1020,Clouds,normal
3466617,Diadema,1769110148,14.87,44,1017,Clouds,cold_snap
3466617,Diadema,1769196548,30.54,64,1015,Clouds,normal
3466617,Diadema,1769282948,24.11,79,1021,Clouds,normal
3466617,Diadema,1769369348,23.31,79,1010,Rain,normal
3466617,Diadema,1769455748,26.72,78,1017,Clear,normal
3466617,Diadema,1769542148,27.12,81,1022,Clouds,normal
3466617,Diadema,1769628548,20.08,58,1009,Rain,normal
3466617,Diadema,1769714948,24.5,92,1016,Rain,normal
3466617,Diadema,1769801348,31.61,91,1015,Drizzle,normal
3466617,Diadema,1769887748,31.61,79,1014,Rain,normal
3466617,Diadema,1769974148,27.37,62,1016,Clear,normal
3466617,Diadema,1770060548,23.26,58,1015,Clear,normal
3466617,Diadema,1770146948,25.61,61,1015,Clear,normal
3466617,Diadema,1770233348,26.38,64,1008,Rain,pressure_drop
3466617,Diadema,1770319748,25.72,53,1021,Clear,normal
3466617,Diadema,1770406148,29.83,72,1013,Clear,normal
3466617,Diadema,1770492548,29.07,92,1013,Clouds,normal
3466617,Diadema,1770578948,26.06,61,1013,Clear,normal
3466617,Diadema,1770665348,27.17,62,1016,Clear,normal
3466617,Diadema,1770751748,21.25,79,1014,Clear,normal
3466617,Diadema,1770838148,24.23,82,1016,Rain,normal
3466617,Diadema,1770924548,23.07,40,1016,Clear,normal
3466617,Diadema,1771010948,25.59,80,1012,Clear,normal
3466617,Diadema,1771097348,23.72,81,1013,Clouds,normal
3466617,Diadema,1771183748,24.81,92,1014,Rain,normal
3466617,Diadema,1771270148,25.27,76,1020,Clear,normal
3466617,Diadema,1771356548,23.72,73,1013,Clear,normal
3466617,Diadema,1771442948,24.07,77,1010,Clear,normal
3466617,Diadema,1771529348,24.05,70,1010,Clear,normal
3466617,Diadema,1771615748,28.13,83,1009,Clear,normal
3466617,Diadema,1771702148,29.42,77,1017,Clear,normal
3466617,Diadema,1771788548,23.62,75,1017,Clear,normal
3466617,Diadema,1771874948,25.13,67,1016,Clear,normal
3466617,Diadema,1771961348,27.7,54,1013,Clear,normal
3466617,Diadema,1772047748,26.86,66,1010,Clear,normal
3466617,Diadema,1772134148,24.48,87,1012,Rain,normal
3466617,Diadema,1772220548,25.0,73,1012,Clouds,normal
3466617,Diadema,1772306948,28.17,92,1017,Rain,normal
3466617,Diadema,1772393348,27.73,62,1018,Clear,normal
3466617,Diadema,1772479748,30.61,38,1013,Clouds,drought
3466617,Diadema,1772566148,26.12,65,1010,Clear,normal
3466617,Diadema,1772652548,23.41,79,1008,Rain,pressure_drop
3466617,Diadema,1772738948,24.92,89,1012,Rain,normal
3466617,Diadema,1772825348,30.17,92,1012,Drizzle,normal
3466617,Diadema,1772911748,23.32,93,1009,Rain,storm_event
3466617,Diadema,1772998148,24.53,80,1009,Clouds,normal
3466617,Diadema,1773084548,27.2,65,1013,Clouds,normal
3466617,Diadema,1773170948,25.07,73,1013,Drizzle,normal
3466617,Diadema,1773257348,27.63,64,1014,Clear,normal
3466617,Diadema,1773343748,27.42,50,1008,Clouds,pressure_drop
3466617,Diadema,1773430148,33.01,37,1016,Clouds,drought
3466617,Diadema,1773516548,24.57,54,1016,Clear,normal
3466617,Diadema,1773602948,21.6,92,1012,Thunderstorm,storm_event
3466617,Diadema,1773689348,27.3,62,1009,Clear,normal
3466617,Diadema,1773775748,22.09,50,1008,Clouds,pressure_drop
3466617,Diadema,1773862148,26.06,64,1016,Rain,normal
3466617,Diadema,1773948548,26.39,92,1009,Rain,normal
3466617,Diadema,1774034948,24.9,61,1008,Clear,pressure_drop
3466617,Diadema,1774121348,23.44,78,1015,Clear,normal
3466617,Diadema,1774207748,28.1,73,1009,Clouds,normal
3466617,Diadema,1774294148,27.95,44,1016,Clear,normal
3466617,Diadema,1774380548,23.1,79,1008,Clouds,pressure_drop
3466617,Diadema,1774466948,25.61,58,1012,Clear,normal
3466617,Diadema,1774553348,24.3,81,1015,Clouds,normal
3466617,Diadema,1774639748,24.6,47,1015,Clear,normal
3466617,Diadema,1774726148,22.42,66,1017,Clouds,normal
3466617,Diadema,1774812548,31.36,78,1014,Rain,normal
3466617,Diadema,1774898948,23.85,91,1021,Clouds,normal
3466617,Diadema,1774985348,29.08,72,1013,Clear,normal
3466617,Diadema,1775071748,24.48,79,1016,Drizzle,normal
3466617,Diadema,1775158148,18.84,86,1009,Rain,normal
3466617,Diadema,1775244548,20.23,62,1017,Clear,normal
3466617,Diadema,1775330948,21.33,61,1012,Clear,normal
3466617,Diadema,1775417348,20.29,59,1018,Clear,normal
3466617,Diadema,1775503748,18.36,44,1014,Clouds,normal
3466617,Diadema,1775590148,17.56,51,1018,Clouds,normal
3466617,Diadema,1775676548,18.76,96,1008,Drizzle,pressure_drop
3466617,Diadema,1775762948,19.03,78,1008,Clouds,pressure_drop
3466617,Diadema,1775849348,13.35,64,1020,Clear,cold_snap
3466617,Diadema,1775935748,22.93,90,1019,Rain,normal
3466617,Diadema,1776022148,22.58,50,1010,Clouds,normal
3466617,Diadema,1776108548,19.74,64,1013,Clouds,normal
3466617,Diadema,1776194948,19.62,75,1017,Clouds,normal
3466617,Diadema,1776281348,24.49,75,1015,Clear,normal
3466617,Diadema,1776367748,23.57,70,1008,Rain,pressure_drop
3466617,Diadema,1776454148,22.85,69,1015,Clouds,normal
3466617,Diadema,1776540548,20.23,62,1010,Clouds,normal
3466617,Diadema,1776626948,24.76,45,1016,Clouds,normal
3466617,Diadema,1776713348,19.43,74,1012,Rain,normal
3466617,Diadema,1776799748,23.54,67,1017,Clouds,normal
3466617,Diadema,1776886148,16.04,76,1014,Clear,normal
3466617,Diadema,1776972548,18.76,88,1010,Rain,normal
3466617,Diadema,1777058948,20.39,51,1013,Clear,normal
3466617,Diadema,1777145348,24.54,92,1017,Clouds,normal
3466617,Diadema,1777231748,19.48,98,1009,Rain,storm_event
3466617,Diadema,1777318148,20.09,77,1016,Rain,normal
3466617,Diadema,1777404548,20.62,59,1017,Clouds,normal
3466617,Diadema,1777490948,21.45,73,1015,Clouds,normal
3466617,Diadema,1777577348,20.19,68,1011,Clear,normal
3466617,Diadema,1777663748,12.63,70,1018,Clear,cold_snap
3466617,Diadema,1777750148,19.56,64,1013,Clear,normal
3466617,Diadema,1777836548,15.89,52,1010,Clouds,normal
3466617,Diadema,1777922948,19.83,41,1012,Clouds,normal
3466617,Diadema,1778009348,22.54,60,1009,Clear,normal
3466617,Diadema,1778095748,26.6,80,1016,Clear,normal
3466617,Diadema,1778182148,19.84,67,1012,Drizzle,normal
3466617,Diadema,1778268548,19.35,40,1011,Clouds,normal
3466617,Diadema,1778354948,21.64,40,1011,Clear,normal
3466617,Diadema,1778441348,20.39,72,1012,Clouds,normal
3466617,Diadema,1778527748,18.94,69,1008,Clouds,pressure_drop
3466617,Diadema,1778614148,25.62,70,1014,Clouds,normal
3466617,Diadema,1778700548,23.92,56,1016,Clear,normal
3458498,Jundiaí,1715714948,24.08,79,1018,Clouds,normal
3458498,Jundiaí,1715801348,18.98,55,1009,Rain,normal
3458498,Jundiaí,1715887748,24.17,38,1012,Clear,drought
3458498,Jundiaí,1715974148,20.6,70,1012,Clouds,normal
3458498,Jundiaí,1716060548,15.98,89,1010,Thunderstorm,storm_event
3458498,Jundiaí,1716146948,20.19,71,1008,Clouds,pressure_drop
3458498,Jundiaí,1716233348,23.99,70,1008,Clear,pressure_drop
3458498,Jundiaí,1716319748,16.17,53,1010,Clear,normal
3458498,Jundiaí,1716406148,25.19,61,1012,Drizzle,normal
3458498,Jundiaí,1716492548,16.17,55,1012,Clear,normal
3458498,Jundiaí,1716578948,24.4,40,1013,Clouds,normal
3458498,Jundiaí,1716665348,19.28,55,1013,Rain,normal
3458498,Jundiaí,1716751748,22.78,92,1014,Rain,normal
3458498,Jundiaí,1716838148,26.09,64,1014,Clouds,normal
3458498,Jundiaí,1716924548,19.57,56,1016,Clouds,normal
3458498,Jundiaí,1717010948,23.0,62,1016,Clouds,normal
3458498,Jundiaí,1717097348,20.36,97,1009,Rain,extreme_humidity
3458498,Jundiaí,1717183748,19.19,58,1013,Rain,normal
3458498,Jundiaí,1717270148,12.7,54,1016,Clear,normal
3458498,Jundiaí,1717356548,19.05,63,1018,Clear,normal
3458498,Jundiaí,1717442948,18.27,52,1022,Clear,normal
3458498,Jundiaí,1717529348,14.95,46,1018,Clear,normal
3458498,Jundiaí,1717615748,13.59,87,1011,Drizzle,normal
3458498,Jundiaí,1717702148,16.18,79,1015,Clear,normal
3458498,Jundiaí,1717788548,15.92,76,1008,Clear,pressure_drop
3458498,Jundiaí,1717874948,16.5,53,1020,Clear,normal
3458498,Jundiaí,1717961348,20.08,63,1017,Clear,normal
3458498,Jundiaí,1718047748,14.62,66,1008,Clouds,pressure_drop
3458498,Jundiaí,1718134148,15.0,82,1019,Clear,normal
3458498,Jundiaí,1718220548,15.25,91,1022,Clear,normal
3458498,Jundiaí,1718306948,15.48,97,1009,Rain,storm_event
3458498,Jundiaí,1718393348,17.31,47,1016,Clear,normal
3458498,Jundiaí,1718479748,18.99,60,1015,Clouds,normal
3458498,Jundiaí,1718566148,15.06,61,1018,Clear,normal
3458498,Jundiaí,1718652548,14.08,77,1014,Clear,normal
3458498,Jundiaí,1718738948,18.98,72,1015,Clouds,normal
3458498,Jundiaí,1718825348,17.83,73,1016,Clear,normal
3458498,Jundiaí,1718911748,15.01,62,1008,Drizzle,pressure_drop
3458498,Jundiaí,1718998148,14.28,56,1015,Rain,normal
3458498,Jundiaí,1719084548,15.79,70,1019,Clouds,normal
3458498,Jundiaí,1719170948,16.14,92,1017,Clear,normal
3458498,Jundiaí,1719257348,14.0,72,1018,Clear,normal
3458498,Jundiaí,1719343748,11.85,68,1015,Clear,normal
3458498,Jundiaí,1719430148,15.4,68,1011,Rain,normal
3458498,Jundiaí,1719516548,12.61,47,1015,Clouds,normal
3458498,Jundiaí,1719602948,18.8,88,1014,Clouds,normal
3458498,Jundiaí,1719689348,15.63,64,1016,Clear,normal
3458498,Jundiaí,1719775748,18.4,56,1013,Clouds,normal
3458498,Jundiaí,1719862148,17.18,65,1020,Clear,normal
3458498,Jundiaí,1719948548,13.69,64,1015,Clear,normal
3458498,Jundiaí,1720034948,15.37,92,1012,Rain,normal
3458498,Jundiaí,1720121348,18.92,58,1016,Clear,normal
3458498,Jundiaí,1720207748,18.08,72,1017,Drizzle,normal
3458498,Jundiaí,1720294148,19.05,54,1016,Clouds,normal
3458498,Jundiaí,1720380548,20.27,62,1008,Clouds,pressure_drop
3458498,Jundiaí,1720466948,16.55,79,1018,Rain,normal
3458498,Jundiaí,1720553348,16.54,70,1016,Rain,normal
3458498,Jundiaí,1720639748,13.93,67,1018,Clear,normal
3458498,Jundiaí,1720726148,15.59,89,1012,Thunderstorm,storm_event
3458498,Jundiaí,1720812548,10.25,58,1019,Clouds,cold_snap
3458498,Jundiaí,1720898948,20.24,55,1016,Rain,normal
3458498,Jundiaí,1720985348,8.51,68,1018,Clear,cold_snap
3458498,Jundiaí,1721071748,18.07,78,1021,Clear,normal
3458498,Jundiaí,1721158148,16.18,40,1010,Clear,normal
3458498,Jundiaí,1721244548,18.8,56,1014,Clouds,normal
3458498,Jundiaí,1721330948,15.02,40,1013,Clear,normal
3458498,Jundiaí,1721417348,16.03,76,1008,Clouds,pressure_drop
3458498,Jundiaí,1721503748,12.72,91,1013,Thunderstorm,storm_event
3458498,Jundiaí,1721590148,13.6,45,1011,Clear,normal
3458498,Jundiaí,1721676548,17.25,93,1012,Thunderstorm,storm_event
3458498,Jundiaí,1721762948,14.63,80,1019,Clouds,normal
3458498,Jundiaí,1721849348,21.3,92,1015,Rain,normal
3458498,Jundiaí,1721935748,15.48,98,1013,Drizzle,extreme_humidity
3458498,Jundiaí,1722022148,13.73,66,1009,Rain,normal
3458498,Jundiaí,1722108548,16.37,82,1009,Rain,normal
3458498,Jundiaí,1722194948,19.19,73,1021,Clouds,normal
3458498,Jundiaí,1722281348,15.62,52,1009,Clear,normal
3458498,Jundiaí,1722367748,15.87,40,1011,Clouds,normal
3458498,Jundiaí,1722454148,17.32,97,1012,Clouds,extreme_humidity
3458498,Jundiaí,1722540548,21.38,40,1018,Clear,normal
3458498,Jundiaí,1722626948,19.93,81,1012,Clear,normal
3458498,Jundiaí,1722713348,14.9,98,1014,Drizzle,extreme_humidity
3458498,Jundiaí,1722799748,18.77,90,1013,Clear,normal
3458498,Jundiaí,1722886148,17.5,48,1014,Clear,normal
3458498,Jundiaí,1722972548,14.82,51,1011,Clear,normal
3458498,Jundiaí,1723058948,14.75,85,1009,Clouds,normal
3458498,Jundiaí,1723145348,18.14,53,1014,Clear,normal
3458498,Jundiaí,1723231748,16.67,77,1016,Clear,normal
3458498,Jundiaí,1723318148,13.2,69,1012,Clouds,normal
3458498,Jundiaí,1723404548,17.4,60,1016,Clear,normal
3458498,Jundiaí,1723490948,18.52,87,1016,Clouds,normal
3458498,Jundiaí,1723577348,18.13,74,1017,Clouds,normal
3458498,Jundiaí,1723663748,13.67,45,1016,Clouds,normal
3458498,Jundiaí,1723750148,18.52,87,1014,Clouds,normal
3458498,Jundiaí,1723836548,17.48,67,1015,Clear,normal
3458498,Jundiaí,1723922948,14.52,55,1010,Rain,normal
3458498,Jundiaí,1724009348,13.99,55,1012,Clouds,normal
3458498,Jundiaí,1724095748,15.37,64,1012,Clear,normal
3458498,Jundiaí,1724182148,16.71,65,1021,Clear,normal
3458498,Jundiaí,1724268548,16.34,55,1015,Drizzle,normal
3458498,Jundiaí,1724354948,17.2,79,1012,Clear,normal
3458498,Jundiaí,1724441348,18.5,66,1014,Rain,normal
3458498,Jundiaí,1724527748,18.42,95,1008,Drizzle,pressure_drop
3458498,Jundiaí,1724614148,19.26,57,1017,Clouds,normal
3458498,Jundiaí,1724700548,12.3,76,1014,Clouds,normal
3458498,Jundiaí,1724786948,15.83,79,1011,Clear,normal
3458498,Jundiaí,1724873348,13.16,71,1017,Clouds,normal
3458498,Jundiaí,1724959748,17.3,76,1010,Rain,normal
3458498,Jundiaí,1725046148,10.17,47,1021,Clear,cold_snap
3458498,Jundiaí,1725132548,19.59,49,1011,Clear,normal
3458498,Jundiaí,1725218948,17.79,80,1017,Clear,normal
3458498,Jundiaí,1725305348,26.4,68,1015,Clouds,normal
3458498,Jundiaí,1725391748,18.67,62,1018,Clear,normal
3458498,Jundiaí,1725478148,20.26,90,1013,Thunderstorm,storm_event
3458498,Jundiaí,1725564548,22.24,58,1011,Clouds,normal
3458498,Jundiaí,1725650948,23.51,61,1017,Clear,normal
3458498,Jundiaí,1725737348,19.95,50,1010,Clear,normal
3458498,Jundiaí,1725823748,19.7,68,1014,Clouds,normal
3458498,Jundiaí,1725910148,25.55,64,1008,Clear,pressure_drop
3458498,Jundiaí,1725996548,23.49,60,1014,Clouds,normal
3458498,Jundiaí,1726082948,20.41,73,1011,Rain,normal
3458498,Jundiaí,1726169348,26.4,44,1011,Clouds,normal
3458498,Jundiaí,1726255748,19.03,64,1016,Clear,normal
3458498,Jundiaí,1726342148,20.2,80,1009,Clouds,normal
3458498,Jundiaí,1726428548,16.61,91,1010,Thunderstorm,storm_event
3458498,Jundiaí,1726514948,21.18,78,1008,Clear,pressure_drop
3458498,Jundiaí,1726601348,12.92,58,1019,Clouds,cold_snap
3458498,Jundiaí,1726687748,24.37,67,1017,Clear,normal
3458498,Jundiaí,1726774148,19.83,79,1010,Clear,normal
3458498,Jundiaí,1726860548,19.8,73,1017,Clear,normal
3458498,Jundiaí,1726946948,18.23,69,1009,Clear,normal
3458498,Jundiaí,1727033348,15.58,81,1014,Clear,normal
3458498,Jundiaí,1727119748,17.55,93,1009,Rain,storm_event
3458498,Jundiaí,1727206148,20.66,54,1014,Clouds,normal
3458498,Jundiaí,1727292548,26.4,66,1016,Clouds,normal
3458498,Jundiaí,1727378948,20.63,98,1008,Rain,storm_event
3458498,Jundiaí,1727465348,26.4,81,1015,Clear,normal
3458498,Jundiaí,1727551748,24.81,69,1008,Rain,pressure_drop
3458498,Jundiaí,1727638148,21.17,55,1017,Clouds,normal
3458498,Jundiaí,1727724548,22.14,81,1009,Clear,normal
3458498,Jundiaí,1727810948,20.93,58,1011,Clouds,normal
3458498,Jundiaí,1727897348,19.13,87,1014,Rain,normal
3458498,Jundiaí,1727983748,27.27,60,1022,Clouds,normal
3458498,Jundiaí,1728070148,21.5,92,1017,Drizzle,normal
3458498,Jundiaí,1728156548,24.96,58,1014,Clear,normal
3458498,Jundiaí,1728242948,23.05,88,1013,Thunderstorm,storm_event
3458498,Jundiaí,1728329348,22.78,58,1013,Clear,normal
3458498,Jundiaí,1728415748,23.13,96,1008,Rain,pressure_drop
3458498,Jundiaí,1728502148,22.68,52,1016,Clouds,normal
3458498,Jundiaí,1728588548,27.65,35,1013,Clear,drought
3458498,Jundiaí,1728674948,20.22,63,1009,Clear,normal
3458498,Jundiaí,1728761348,23.76,57,1017,Clear,normal
3458498,Jundiaí,1728847748,25.11,62,1014,Drizzle,normal
3458498,Jundiaí,1728934148,20.98,83,1013,Clouds,normal
3458498,Jundiaí,1729020548,20.29,78,1021,Drizzle,normal
3458498,Jundiaí,1729106948,22.01,87,1013,Clear,normal
3458498,Jundiaí,1729193348,25.36,62,1013,Clear,normal
3458498,Jundiaí,1729279748,23.49,72,1017,Rain,normal
3458498,Jundiaí,1729366148,22.97,76,1014,Clouds,normal
3458498,Jundiaí,1729452548,19.31,75,1017,Drizzle,normal
3458498,Jundiaí,1729538948,20.25,96,1013,Thunderstorm,storm_event
3458498,Jundiaí,1729625348,22.77,71,1022,Clouds,normal
3458498,Jundiaí,1729711748,14.22,59,1019,Clear,cold_snap
3458498,Jundiaí,1729798148,25.12,36,1012,Clear,drought
3458498,Jundiaí,1729884548,22.21,55,1015,Clear,normal
3458498,Jundiaí,1729970948,22.28,42,1011,Clouds,normal
3458498,Jundiaí,1730057348,19.67,62,1011,Rain,normal
3458498,Jundiaí,1730143748,24.4,58,1016,Clear,normal
3458498,Jundiaí,1730230148,26.67,62,1008,Drizzle,pressure_drop
3458498,Jundiaí,1730316548,18.11,91,1013,Clouds,normal
3458498,Jundiaí,1730402948,22.91,92,1016,Clouds,normal
3458498,Jundiaí,1730489348,23.19,83,1017,Clear,normal
3458498,Jundiaí,1730575748,19.26,55,1021,Rain,normal
3458498,Jundiaí,1730662148,19.18,68,1008,Rain,pressure_drop
3458498,Jundiaí,1730748548,22.48,80,1008,Clouds,pressure_drop
3458498,Jundiaí,1730834948,22.39,74,1014,Rain,normal
3458498,Jundiaí,1730921348,19.42,82,1015,Clear,normal
3458498,Jundiaí,1731007748,19.54,85,1017,Clouds,normal
3458498,Jundiaí,1731094148,17.72,72,1015,Clear,normal
3458498,Jundiaí,1731180548,19.25,78,1020,Clear,normal
3458498,Jundiaí,1731266948,18.36,85,1012,Rain,normal
3458498,Jundiaí,1731353348,22.44,48,1017,Clear,normal
3458498,Jundiaí,1731439748,23.38,68,1017,Clear,normal
3458498,Jundiaí,1731526148,13.92,75,1019,Clear,cold_snap
3458498,Jundiaí,1731612548,18.72,79,1009,Rain,normal
3458498,Jundiaí,1731698948,25.95,86,1018,Rain,normal
3458498,Jundiaí,1731785348,23.33,53,1013,Clear,normal
3458498,Jundiaí,1731871748,20.29,57,1013,Clear,normal
3458498,Jundiaí,1731958148,15.81,44,1016,Clouds,normal
3458498,Jundiaí,1732044548,25.95,68,1011,Clouds,normal
3458498,Jundiaí,1732130948,22.78,83,1019,Clear,normal
3458498,Jundiaí,1732217348,21.37,98,1011,Clouds,extreme_humidity
3458498,Jundiaí,1732303748,24.13,97,1014,Clouds,extreme_humidity
3458498,Jundiaí,1732390148,26.1,50,1008,Rain,pressure_drop
3458498,Jundiaí,1732476548,16.64,72,1014,Rain,normal
3458498,Jundiaí,1732562948,16.93,95,1009,Rain,storm_event
3458498,Jundiaí,1732649348,18.75,97,1012,Thunderstorm,storm_event
3458498,Jundiaí,1732735748,16.0,80,1018,Clear,normal
3458498,Jundiaí,1732822148,22.04,64,1013,Clear,normal
3458498,Jundiaí,1732908548,25.05,68,1010,Clear,normal
3458498,Jundiaí,1732994948,15.81,72,1016,Clear,normal
3458498,Jundiaí,1733081348,23.43,71,1015,Clouds,normal
3458498,Jundiaí,1733167748,22.93,85,1008,Clouds,pressure_drop
3458498,Jundiaí,1733254148,28.33,84,1010,Rain,normal
3458498,Jundiaí,1733340548,25.15,98,1012,Thunderstorm,storm_event
3458498,Jundiaí,1733426948,24.99,57,1009,Drizzle,normal
3458498,Jundiaí,1733513348,24.35,79,1014,Clear,normal
3458498,Jundiaí,1733599748,24.96,80,1017,Clouds,normal
3458498,Jundiaí,1733686148,25.6,47,1009,Clouds,normal
3458498,Jundiaí,1733772548,25.02,75,1013,Rain,normal
3458498,Jundiaí,1733858948,23.99,93,1009,Rain,storm_event
3458498,Jundiaí,1733945348,27.88,68,1015,Rain,normal
3458498,Jundiaí,1734031748,26.32,77,1014,Rain,normal
3458498,Jundiaí,1734118148,23.76,50,1008,Clear,pressure_drop
3458498,Jundiaí,1734204548,24.0,70,1019,Rain,normal
3458498,Jundiaí,1734290948,27.99,59,1014,Clouds,normal
3458498,Jundiaí,1734377348,22.78,73,1013,Clear,normal
3458498,Jundiaí,1734463748,24.41,55,1014,Clear,normal
3458498,Jundiaí,1734550148,28.98,67,1009,Clouds,normal
3458498,Jundiaí,1734636548,23.59,95,1012,Thunderstorm,storm_event
3458498,Jundiaí,1734722948,29.41,49,1018,Clear,normal
3458498,Jundiaí,1734809348,24.37,63,1017,Rain,normal
3458498,Jundiaí,1734895748,26.72,89,1013,Rain,normal
3458498,Jundiaí,1734982148,28.72,66,1015,Clear,normal
3458498,Jundiaí,1735068548,23.17,40,1009,Clouds,normal
3458498,Jundiaí,1735154948,25.69,92,1015,Rain,normal
3458498,Jundiaí,1735241348,24.56,80,1017,Clear,normal
3458498,Jundiaí,1735327748,24.93,48,1010,Clear,normal
3458498,Jundiaí,1735414148,22.48,85,1015,Clouds,normal
3458498,Jundiaí,1735500548,24.51,55,1017,Clear,normal
3458498,Jundiaí,1735586948,27.51,83,1019,Clear,normal
3458498,Jundiaí,1735673348,27.18,56,1019,Clear,normal
3458498,Jundiaí,1735759748,30.87,70,1012,Clear,normal
3458498,Jundiaí,1735846148,26.09,76,1015,Clouds,normal
3458498,Jundiaí,1735932548,25.92,55,1010,Clouds,normal
3458498,Jundiaí,1736018948,26.53,51,1008,Clouds,pressure_drop
3458498,Jundiaí,1736105348,31.99,37,1011,Clear,drought
3458498,Jundiaí,1736191748,24.24,72,1017,Rain,normal
3458498,Jundiaí,1736278148,25.23,62,1014,Clear,normal
3458498,Jundiaí,1736364548,24.75,86,1020,Rain,normal
3458498,Jundiaí,1736450948,26.22,59,1021,Clear,normal
3458498,Jundiaí,1736537348,29.81,62,1015,Clear,normal
3458498,Jundiaí,1736623748,25.66,86,1011,Rain,normal
3458498,Jundiaí,1736710148,24.83,89,1016,Rain,normal
3458498,Jundiaí,1736796548,26.02,59,1022,Clouds,normal
3458498,Jundiaí,1736882948,22.7,63,1008,Clear,pressure_drop
3458498,Jundiaí,1736969348,24.59,66,1009,Clouds,normal
3458498,Jundiaí,1737055748,21.63,81,1015,Clear,normal
3458498,Jundiaí,1737142148,23.57,77,1020,Clear,normal
3458498,Jundiaí,1737228548,30.88,37,1017,Clear,drought
3458498,Jundiaí,1737314948,27.99,74,1012,Clouds,normal
3458498,Jundiaí,1737401348,20.02,59,1008,Clear,pressure_drop
3458498,Jundiaí,1737487748,24.92,64,1017,Clear,normal
3458498,Jundiaí,1737574148,31.05,58,1009,Rain,normal
3458498,Jundiaí,1737660548,25.38,50,1008,Drizzle,pressure_drop
3458498,Jundiaí,1737746948,24.59,82,1015,Clouds,normal
3458498,Jundiaí,1737833348,30.35,56,1010,Clouds,normal
3458498,Jundiaí,1737919748,26.12,40,1010,Clear,normal
3458498,Jundiaí,1738006148,29.17,79,1017,Clear,normal
3458498,Jundiaí,1738092548,24.88,66,1021,Clear,normal
3458498,Jundiaí,1738178948,25.15,58,1013,Clouds,normal
3458498,Jundiaí,1738265348,24.39,66,1016,Clear,normal
3458498,Jundiaí,1738351748,23.58,58,1012,Clouds,normal
3458498,Jundiaí,1738438148,28.12,59,1008,Clouds,pressure_drop
3458498,Jundiaí,1738524548,20.95,55,1017,Rain,normal
3458498,Jundiaí,1738610948,27.16,62,1010,Clear,normal
3458498,Jundiaí,1738697348,22.35,89,1013,Thunderstorm,storm_event
3458498,Jundiaí,1738783748,24.09,65,1009,Clear,normal
3458498,Jundiaí,1738870148,25.93,91,1019,Clouds,normal
3458498,Jundiaí,1738956548,28.41,86,1015,Clear,normal
3458498,Jundiaí,1739042948,20.83,66,1017,Clear,normal
3458498,Jundiaí,1739129348,21.12,88,1016,Clouds,normal
3458498,Jundiaí,1739215748,26.29,85,1019,Clouds,normal
3458498,Jundiaí,1739302148,23.45,58,1011,Clear,normal
3458498,Jundiaí,1739388548,24.7,71,1010,Clear,normal
3458498,Jundiaí,1739474948,23.68,84,1012,Clouds,normal
3458498,Jundiaí,1739561348,26.74,69,1020,Rain,normal
3458498,Jundiaí,1739647748,22.36,84,1012,Rain,normal
3458498,Jundiaí,1739734148,24.54,51,1009,Clear,normal
3458498,Jundiaí,1739820548,25.28,40,1017,Clouds,normal
3458498,Jundiaí,1739906948,23.92,80,1014,Clouds,normal
3458498,Jundiaí,1739993348,20.36,40,1014,Clouds,normal
3458498,Jundiaí,1740079748,26.76,62,1016,Clouds,normal
3458498,Jundiaí,1740166148,24.32,80,1010,Drizzle,normal
3458498,Jundiaí,1740252548,17.64,50,1019,Rain,cold_snap
3458498,Jundiaí,1740338948,23.29,68,1012,Clear,normal
3458498,Jundiaí,1740425348,25.03,98,1013,Clouds,extreme_humidity
3458498,Jundiaí,1740511748,28.75,53,1013,Clouds,normal
3458498,Jundiaí,1740598148,27.1,86,1019,Clouds,normal
3458498,Jundiaí,1740684548,23.26,90,1014,Clear,normal
3458498,Jundiaí,1740770948,23.64,69,1012,Clouds,normal
3458498,Jundiaí,1740857348,27.76,73,1017,Clouds,normal
3458498,Jundiaí,1740943748,23.96,46,1015,Clear,normal
3458498,Jundiaí,1741030148,25.79,55,1010,Rain,normal
3458498,Jundiaí,1741116548,27.68,55,1014,Drizzle,normal
3458498,Jundiaí,1741202948,26.4,67,1017,Clear,normal
3458498,Jundiaí,1741289348,23.48,92,1012,Rain,normal
3458498,Jundiaí,1741375748,27.51,40,1018,Clouds,normal
3458498,Jundiaí,1741462148,24.35,92,1011,Thunderstorm,storm_event
3458498,Jundiaí,1741548548,26.57,50,1017,Clear,normal
3458498,Jundiaí,1741634948,24.42,64,1017,Clouds,normal
3458498,Jundiaí,1741721348,29.52,38,1018,Clear,drought
3458498,Jundiaí,1741807748,27.24,69,1022,Clouds,normal
3458498,Jundiaí,1741894148,26.69,64,1016,Clouds,normal
3458498,Jundiaí,1741980548,29.23,59,1010,Drizzle,normal
3458498,Jundiaí,1742066948,25.12,79,1019,Clear,normal
3458498,Jundiaí,1742153348,22.4,90,1013,Thunderstorm,storm_event
3458498,Jundiaí,1742239748,23.24,62,1015,Clouds,normal
3458498,Jundiaí,1742326148,29.35,70,1017,Clear,normal
3458498,Jundiaí,1742412548,23.64,97,1012,Drizzle,extreme_humidity
3458498,Jundiaí,1742498948,26.04,79,1015,Clear,normal
3458498,Jundiaí,1742585348,31.78,63,1012,Clear,normal
3458498,Jundiaí,1742671748,26.41,84,1009,Rain,normal
3458498,Jundiaí,1742758148,20.81,76,1014,Clear,normal
3458498,Jundiaí,1742844548,29.02,80,1012,Clear,normal
3458498,Jundiaí,1742930948,26.75,66,1013,Clouds,normal
3458498,Jundiaí,1743017348,32.26,37,1010,Clear,drought
3458498,Jundiaí,1743103748,20.56,55,1010,Drizzle,normal
3458498,Jundiaí,1743190148,26.04,66,1018,Clouds,normal
3458498,Jundiaí,1743276548,27.15,71,1011,Clear,normal
3458498,Jundiaí,1743362948,27.26,66,1009,Clear,normal
3458498,Jundiaí,1743449348,26.82,72,1009,Clouds,normal
3458498,Jundiaí,1743535748,17.28,83,1012,Clear,normal
3458498,Jundiaí,1743622148,23.65,66,1019,Clouds,normal
3458498,Jundiaí,1743708548,19.07,77,1012,Clear,normal
3458498,Jundiaí,1743794948,20.25,49,1022,Clear,normal
3458498,Jundiaí,1743881348,19.57,47,1016,Clear,normal
3458498,Jundiaí,1743967748,21.89,48,1010,Clouds,normal
3458498,Jundiaí,1744054148,19.54,73,1008,Clear,pressure_drop
3458498,Jundiaí,1744140548,22.52,66,1017,Clouds,normal
3458498,Jundiaí,1744226948,19.78,46,1017,Clouds,normal
3458498,Jundiaí,1744313348,21.33,60,1017,Clear,normal
3458498,Jundiaí,1744399748,22.32,46,1012,Clouds,normal
3458498,Jundiaí,1744486148,24.3,49,1009,Clouds,normal
3458498,Jundiaí,1744572548,17.85,93,1013,Thunderstorm,storm_event
3458498,Jundiaí,1744658948,20.73,87,1014,Clear,normal
3458498,Jundiaí,1744745348,21.5,98,1013,Clouds,extreme_humidity
3458498,Jundiaí,1744831748,23.95,72,1015,Clouds,normal
3458498,Jundiaí,1744918148,25.69,37,1013,Clear,drought
3458498,Jundiaí,1745004548,22.39,53,1011,Clouds,normal
3458498,Jundiaí,1745090948,25.62,71,1012,Clear,normal
3458498,Jundiaí,1745177348,20.47,92,1016,Clear,normal
3458498,Jundiaí,1745263748,23.35,86,1014,Clouds,normal
3458498,Jundiaí,1745350148,19.45,57,1015,Clouds,normal
3458498,Jundiaí,1745436548,19.13,88,1013,Rain,normal
3458498,Jundiaí,1745522948,21.22,48,1019,Clouds,normal
3458498,Jundiaí,1745609348,23.09,50,1020,Clouds,normal
3458498,Jundiaí,1745695748,19.34,70,1017,Clear,normal
3458498,Jundiaí,1745782148,20.22,78,1019,Clear,normal
3458498,Jundiaí,1745868548,19.49,55,1014,Rain,normal
3458498,Jundiaí,1745954948,18.64,91,1009,Clouds,normal
3458498,Jundiaí,1746041348,21.69,70,1013,Clouds,normal
3458498,Jundiaí,1746127748,22.16,62,1009,Clouds,normal
3458498,Jundiaí,1746214148,21.45,65,1020,Clouds,normal
3458498,Jundiaí,1746300548,18.67,76,1016,Clear,normal
3458498,Jundiaí,1746386948,24.36,80,1012,Rain,normal
3458498,Jundiaí,1746473348,21.11,69,1017,Clear,normal
3458498,Jundiaí,1746559748,21.65,60,1015,Clouds,normal
3458498,Jundiaí,1746646148,23.1,59,1015,Clear,normal
3458498,Jundiaí,1746732548,23.43,66,1018,Clouds,normal
3458498,Jundiaí,1746818948,24.24,98,1016,Clouds,extreme_humidity
3458498,Jundiaí,1746905348,21.12,57,1019,Clear,normal
3458498,Jundiaí,1746991748,21.85,79,1017,Clouds,normal
3458498,Jundiaí,1747078148,21.1,94,1013,Thunderstorm,storm_event
3458498,Jundiaí,1747164548,21.34,75,1016,Clear,normal
3458498,Jundiaí,1747250948,22.84,54,1017,Clear,normal
3458498,Jundiaí,1747337348,22.7,71,1014,Clear,normal
3458498,Jundiaí,1747423748,25.62,48,1018,Clouds,normal
3458498,Jundiaí,1747510148,20.78,76,1014,Clear,normal
3458498,Jundiaí,1747596548,26.35,50,1008,Rain,pressure_drop
3458498,Jundiaí,1747682948,19.3,98,1013,Thunderstorm,storm_event
3458498,Jundiaí,1747769348,19.85,81,1017,Clear,normal
3458498,Jundiaí,1747855748,18.61,47,1019,Clear,normal
3458498,Jundiaí,1747942148,21.83,71,1009,Clear,normal
3458498,Jundiaí,1748028548,20.53,78,1010,Clear,normal
3458498,Jundiaí,1748114948,26.32,40,1015,Clear,normal
3458498,Jundiaí,1748201348,23.77,40,1016,Clouds,normal
3458498,Jundiaí,1748287748,20.57,92,1014,Clear,normal
3458498,Jundiaí,1748374148,21.02,67,1016,Clear,normal
3458498,Jundiaí,1748460548,19.2,66,1015,Clear,normal
3458498,Jundiaí,1748546948,18.71,77,1013,Clouds,normal
3458498,Jundiaí,1748633348,24.02,70,1020,Clear,normal
3458498,Jundiaí,1748719748,21.86,42,1017,Clear,normal
3458498,Jundiaí,1748806148,15.25,40,1012,Clear,normal
3458498,Jundiaí,1748892548,17.04,86,1016,Clouds,normal
3458498,Jundiaí,1748978948,21.8,60,1015,Clear,normal
3458498,Jundiaí,1749065348,16.06,82,1015,Drizzle,normal
3458498,Jundiaí,1749151748,12.41,68,1011,Rain,normal
3458498,Jundiaí,1749238148,12.94,49,1017,Clear,normal
3458498,Jundiaí,1749324548,15.48,60,1018,Clear,normal
3458498,Jundiaí,1749410948,19.98,64,1013,Clear,normal
3458498,Jundiaí,1749497348,16.0,55,1018,Clouds,normal
3458498,Jundiaí,1749583748,17.31,51,1020,Clear,normal
3458498,Jundiaí,1749670148,17.41,60,1019,Clear,normal
3458498,Jundiaí,1749756548,13.63,92,1013,Clear,normal
3458498,Jundiaí,1749842948,20.49,69,1013,Clouds,normal
3458498,Jundiaí,1749929348,17.74,55,1017,Clouds,normal
3458498,Jundiaí,1750015748,14.24,62,1016,Clear,normal
3458498,Jundiaí,1750102148,17.49,73,1015,Clear,normal
3458498,Jundiaí,1750188548,19.54,93,1009,Rain,storm_event
3458498,Jundiaí,1750274948,18.04,66,1014,Clear,normal
3458498,Jundiaí,1750361348,15.61,92,1010,Thunderstorm,storm_event
3458498,Jundiaí,1750447748,15.6,79,1009,Drizzle,normal
3458498,Jundiaí,1750534148,18.7,71,1009,Rain,normal
3458498,Jundiaí,1750620548,14.6,71,1016,Rain,normal
3458498,Jundiaí,1750706948,19.52,44,1014,Clear,normal
3458498,Jundiaí,1750793348,16.6,71,1015,Clear,normal
3458498,Jundiaí,1750879748,16.18,50,1013,Clouds,normal
3458498,Jundiaí,1750966148,16.7,74,1015,Clear,normal
3458498,Jundiaí,1751052548,20.09,59,1016,Clear,normal
3458498,Jundiaí,1751138948,15.13,67,1020,Rain,normal
3458498,Jundiaí,1751225348,17.66,62,1011,Clear,normal
3458498,Jundiaí,1751311748,20.1,88,1019,Rain,normal
3458498,Jundiaí,1751398148,12.84,67,1012,Clouds,normal
3458498,Jundiaí,1751484548,15.31,79,1014,Clear,normal
3458498,Jundiaí,1751570948,16.4,77,1015,Rain,normal
3458498,Jundiaí,1751657348,18.87,79,1014,Clear,normal
3458498,Jundiaí,1751743748,18.51,56,1018,Clear,normal
3458498,Jundiaí,1751830148,18.13,66,1009,Clouds,normal
3458498,Jundiaí,1751916548,13.63,79,1008,Clouds,pressure_drop
3458498,Jundiaí,1752002948,10.32,57,1015,Rain,cold_snap
3458498,Jundiaí,1752089348,18.36,83,1009,Clouds,normal
3458498,Jundiaí,1752175748,13.05,65,1015,Clouds,normal
3458498,Jundiaí,1752262148,19.9,60,1008,Clouds,pressure_drop
3458498,Jundiaí,1752348548,21.47,35,1016,Clear,drought
3458498,Jundiaí,1752434948,14.09,94,1010,Thunderstorm,storm_event
3458498,Jundiaí,1752521348,16.19,76,1016,Drizzle,normal
3458498,Jundiaí,1752607748,17.72,76,1014,Clear,normal
3458498,Jundiaí,1752694148,15.57,60,1020,Clouds,normal
3458498,Jundiaí,1752780548,16.66,92,1015,Clouds,normal
3458498,Jundiaí,1752866948,15.42,93,1009,Rain,storm_event
3458498,Jundiaí,1752953348,16.68,77,1012,Clear,normal
3458498,Jundiaí,1753039748,20.78,73,1019,Clear,normal
3458498,Jundiaí,1753126148,15.61,82,1015,Rain,normal
3458498,Jundiaí,1753212548,19.33,59,1019,Clear,normal
3458498,Jundiaí,1753298948,20.43,59,1011,Clouds,normal
3458498,Jundiaí,1753385348,21.3,91,1013,Rain,normal
3458498,Jundiaí,1753471748,12.05,80,1016,Clear,normal
3458498,Jundiaí,1753558148,16.9,70,1012,Clouds,normal
3458498,Jundiaí,1753644548,19.12,63,1008,Rain,pressure_drop
3458498,Jundiaí,1753730948,12.48,56,1012,Clear,normal
3458498,Jundiaí,1753817348,19.58,76,1012,Clear,normal
3458498,Jundiaí,1753903748,12.59,67,1008,Clouds,pressure_drop
3458498,Jundiaí,1753990148,16.84,68,1017,Clouds,normal
3458498,Jundiaí,1754076548,17.03,86,1009,Clouds,normal
3458498,Jundiaí,1754162948,13.99,88,1017,Clear,normal
3458498,Jundiaí,1754249348,14.78,79,1015,Rain,normal
3458498,Jundiaí,1754335748,18.34,57,1014,Rain,normal
3458498,Jundiaí,1754422148,15.85,70,1016,Clouds,normal
3458498,Jundiaí,1754508548,15.99,68,1009,Clear,normal
3458498,Jundiaí,1754594948,17.06,79,1015,Drizzle,normal
3458498,Jundiaí,1754681348,18.96,68,1009,Clear,normal
3458498,Jundiaí,1754767748,9.85,74,1017,Rain,cold_snap
3458498,Jundiaí,1754854148,14.49,88,1015,Clouds,normal
3458498,Jundiaí,1754940548,20.59,56,1012,Clear,normal
3458498,Jundiaí,1755026948,18.35,46,1016,Clear,normal
3458498,Jundiaí,1755113348,13.54,55,1008,Rain,pressure_drop
3458498,Jundiaí,1755199748,21.41,63,1016,Clear,normal
3458498,Jundiaí,1755286148,17.43,58,1014,Clear,normal
3458498,Jundiaí,1755372548,17.11,44,1017,Clear,normal
3458498,Jundiaí,1755458948,18.5,64,1011,Clouds,normal
3458498,Jundiaí,1755545348,14.94,64,1013,Clouds,normal
3458498,Jundiaí,1755631748,13.68,92,1013,Thunderstorm,storm_event
3458498,Jundiaí,1755718148,14.62,76,1015,Drizzle,normal
3458498,Jundiaí,1755804548,20.71,64,1017,Clear,normal
3458498,Jundiaí,1755890948,17.09,78,1012,Clouds,normal
3458498,Jundiaí,1755977348,17.91,43,1016,Clear,normal
3458498,Jundiaí,1756063748,20.54,61,1019,Clear,normal
3458498,Jundiaí,1756150148,16.24,80,1016,Clear,normal
3458498,Jundiaí,1756236548,15.87,61,1022,Clear,normal
3458498,Jundiaí,1756322948,20.43,54,1008,Drizzle,pressure_drop
3458498,Jundiaí,1756409348,14.61,41,1019,Clear,normal
3458498,Jundiaí,1756495748,15.66,68,1011,Clear,normal
3458498,Jundiaí,1756582148,16.91,54,1012,Clouds,normal
3458498,Jundiaí,1756668548,16.18,76,1014,Clear,normal
3458498,Jundiaí,1756754948,23.15,82,1022,Clouds,normal
3458498,Jundiaí,1756841348,15.58,76,1012,Clouds,normal
3458498,Jundiaí,1756927748,19.37,75,1008,Drizzle,pressure_drop
3458498,Jundiaí,1757014148,20.75,75,1015,Clear,normal
3458498,Jundiaí,1757100548,22.27,47,1014,Clear,normal
3458498,Jundiaí,1757186948,19.9,58,1012,Clouds,normal
3458498,Jundiaí,1757273348,23.63,92,1020,Rain,normal
3458498,Jundiaí,1757359748,22.89,84,1011,Clouds,normal
3458498,Jundiaí,1757446148,19.95,94,1010,Thunderstorm,storm_event
3458498,Jundiaí,1757532548,13.34,46,1022,Rain,cold_snap
3458498,Jundiaí,1757618948,26.4,87,1009,Clouds,normal
3458498,Jundiaí,1757705348,17.26,65,1009,Clear,normal
3458498,Jundiaí,1757791748,18.52,62,1015,Clouds,normal
3458498,Jundiaí,1757878148,21.42,82,1016,Clear,normal
3458498,Jundiaí,1757964548,21.98,51,1018,Clouds,normal
3458498,Jundiaí,1758050948,25.47,91,1017,Rain,normal
3458498,Jundiaí,1758137348,18.72,57,1021,Clouds,normal
3458498,Jundiaí,1758223748,17.77,75,1016,Clear,normal
3458498,Jundiaí,1758310148,18.4,77,1018,Clouds,normal
3458498,Jundiaí,1758396548,18.73,87,1009,Rain,normal
3458498,Jundiaí,1758482948,14.15,61,1008,Clouds,pressure_drop
3458498,Jundiaí,1758569348,19.59,52,1008,Clouds,pressure_drop
3458498,Jundiaí,1758655748,18.9,92,1014,Clear,normal
3458498,Jundiaí,1758742148,20.44,96,1013,Thunderstorm,storm_event
3458498,Jundiaí,1758828548,23.17,59,1016,Clouds,normal
3458498,Jundiaí,1758914948,20.35,91,1013,Thunderstorm,storm_event
3458498,Jundiaí,1759001348,20.63,65,1015,Clear,normal
3458498,Jundiaí,1759087748,22.92,79,1019,Rain,normal
3458498,Jundiaí,1759174148,19.74,92,1009,Rain,normal
3458498,Jundiaí,1759260548,17.55,98,1019,Clouds,extreme_humidity
3458498,Jundiaí,1759346948,22.23,92,1014,Clouds,normal
3458498,Jundiaí,1759433348,21.95,66,1008,Clouds,pressure_drop
3458498,Jundiaí,1759519748,25.99,37,1010,Clear,drought
3458498,Jundiaí,1759606148,22.31,70,1015,Clear,normal
3458498,Jundiaí,1759692548,21.47,92,1015,Clear,normal
3458498,Jundiaí,1759778948,19.31,62,1012,Clear,normal
3458498,Jundiaí,1759865348,17.88,73,1017,Clear,normal
3458498,Jundiaí,1759951748,17.0,40,1016,Clear,normal
3458498,Jundiaí,1760038148,20.26,98,1011,Drizzle,extreme_humidity
3458498,Jundiaí,1760124548,19.04,92,1011,Thunderstorm,storm_event
3458498,Jundiaí,1760210948,22.07,92,1012,Clouds,normal
3458498,Jundiaí,1760297348,21.59,98,1016,Rain,extreme_humidity
3458498,Jundiaí,1760383748,26.08,83,1016,Rain,normal
3458498,Jundiaí,1760470148,20.74,58,1012,Drizzle,normal
3458498,Jundiaí,1760556548,24.82,83,1016,Clouds,normal
3458498,Jundiaí,1760642948,21.25,63,1012,Clear,normal
3458498,Jundiaí,1760729348,23.11,92,1015,Clear,normal
3458498,Jundiaí,1760815748,24.79,55,1018,Rain,normal
3458498,Jundiaí,1760902148,23.8,43,1018,Clouds,normal
3458498,Jundiaí,1760988548,24.12,78,1022,Drizzle,normal
3458498,Jundiaí,1761074948,22.35,92,1016,Clear,normal
3458498,Jundiaí,1761161348,21.48,98,1011,Drizzle,extreme_humidity
3458498,Jundiaí,1761247748,21.06,89,1018,Clear,normal
3458498,Jundiaí,1761334148,21.36,89,1012,Rain,normal
3458498,Jundiaí,1761420548,23.08,84,1016,Clouds,normal
3458498,Jundiaí,1761506948,20.28,79,1011,Clear,normal
3458498,Jundiaí,1761593348,25.86,79,1009,Clear,normal
3458498,Jundiaí,1761679748,19.89,75,1010,Clear,normal
3458498,Jundiaí,1761766148,19.47,66,1008,Clouds,pressure_drop
3458498,Jundiaí,1761852548,22.0,64,1018,Clear,normal
3458498,Jundiaí,1761938948,14.12,36,1015,Clear,cold_snap
3458498,Jundiaí,1762025348,23.66,83,1016,Rain,normal
3458498,Jundiaí,1762111748,17.81,97,1016,Clouds,extreme_humidity
3458498,Jundiaí,1762198148,22.09,74,1016,Drizzle,normal
3458498,Jundiaí,1762284548,24.71,81,1013,Rain,normal
3458498,Jundiaí,1762370948,20.83,61,1014,Clear,normal
3458498,Jundiaí,1762457348,20.33,43,1019,Clouds,normal
3458498,Jundiaí,1762543748,23.98,88,1016,Clear,normal
3458498,Jundiaí,1762630148,19.24,90,1012,Thunderstorm,storm_event
3458498,Jundiaí,1762716548,23.37,72,1011,Drizzle,normal
3458498,Jundiaí,1762802948,20.69,55,1009,Drizzle,normal
3458498,Jundiaí,1762889348,20.95,61,1018,Clear,normal
3458498,Jundiaí,1762975748,21.79,74,1021,Clouds,normal
3458498,Jundiaí,1763062148,19.74,63,1020,Clear,normal
3458498,Jundiaí,1763148548,18.74,67,1016,Clear,normal
3458498,Jundiaí,1763234948,19.85,58,1012,Clouds,normal
3458498,Jundiaí,1763321348,25.95,88,1015,Rain,normal
3458498,Jundiaí,1763407748,23.01,76,1017,Clear,normal
3458498,Jundiaí,1763494148,19.93,74,1016,Clear,normal
3458498,Jundiaí,1763580548,23.72,58,1011,Clouds,normal
3458498,Jundiaí,1763666948,17.95,62,1012,Clear,normal
3458498,Jundiaí,1763753348,20.03,70,1015,Clear,normal
3458498,Jundiaí,1763839748,24.17,74,1014,Clouds,normal
3458498,Jundiaí,1763926148,16.91,57,1018,Rain,normal
3458498,Jundiaí,1764012548,24.58,89,1014,Rain,normal
3458498,Jundiaí,1764098948,21.3,74,1013,Rain,normal
3458498,Jundiaí,1764185348,25.75,56,1009,Clear,normal
3458498,Jundiaí,1764271748,21.55,81,1015,Drizzle,normal
3458498,Jundiaí,1764358148,19.47,77,1019,Clouds,normal
3458498,Jundiaí,1764444548,26.9,36,1012,Clear,drought
3458498,Jundiaí,1764530948,18.55,56,1008,Clouds,pressure_drop
3458498,Jundiaí,1764617348,25.7,82,1008,Clouds,pressure_drop
3458498,Jundiaí,1764703748,24.43,65,1008,Clouds,pressure_drop
3458498,Jundiaí,1764790148,23.39,98,1009,Clouds,extreme_humidity
3458498,Jundiaí,1764876548,25.18,61,1009,Drizzle,normal
3458498,Jundiaí,1764962948,29.62,51,1008,Clear,pressure_drop
3458498,Jundiaí,1765049348,27.62,70,1020,Clouds,normal
3458498,Jundiaí,1765135748,24.7,60,1009,Rain,normal
3458498,Jundiaí,1765222148,23.74,70,1020,Drizzle,normal
3458498,Jundiaí,1765308548,22.77,64,1017,Rain,normal
3458498,Jundiaí,1765394948,25.74,73,1013,Clear,normal
3458498,Jundiaí,1765481348,24.49,76,1012,Rain,normal
3458498,Jundiaí,1765567748,18.18,53,1017,Clouds,cold_snap
3458498,Jundiaí,1765654148,25.4,64,1009,Rain,normal
3458498,Jundiaí,1765740548,28.94,86,1012,Rain,normal
3458498,Jundiaí,1765826948,26.8,80,1016,Clear,normal
3458498,Jundiaí,1765913348,26.38,64,1018,Drizzle,normal
3458498,Jundiaí,1765999748,25.04,79,1008,Rain,pressure_drop
3458498,Jundiaí,1766086148,26.27,75,1017,Rain,normal
3458498,Jundiaí,1766172548,22.96,61,1015,Clouds,normal
3458498,Jundiaí,1766258948,25.46,60,1020,Clouds,normal
3458498,Jundiaí,1766345348,24.43,40,1014,Clouds,normal
3458498,Jundiaí,1766431748,22.4,91,1010,Thunderstorm,storm_event
3458498,Jundiaí,1766518148,22.03,56,1011,Clouds,normal
3458498,Jundiaí,1766604548,29.01,89,1008,Clear,pressure_drop
3458498,Jundiaí,1766690948,25.06,56,1019,Rain,normal
3458498,Jundiaí,1766777348,22.07,97,1014,Rain,extreme_humidity
3458498,Jundiaí,1766863748,27.01,90,1012,Rain,normal
3458498,Jundiaí,1766950148,28.77,66,1014,Rain,normal
3458498,Jundiaí,1767036548,26.76,69,1008,Clear,pressure_drop
3458498,Jundiaí,1767122948,25.44,79,1013,Clear,normal
3458498,Jundiaí,1767209348,26.32,62,1016,Clouds,normal
3458498,Jundiaí,1767295748,24.75,97,1009,Rain,extreme_humidity
3458498,Jundiaí,1767382148,21.29,96,1012,Thunderstorm,storm_event
3458498,Jundiaí,1767468548,27.13,60,1016,Clear,normal
3458498,Jundiaí,1767554948,25.29,56,1018,Clouds,normal
3458498,Jundiaí,1767641348,26.54,55,1011,Rain,normal
3458498,Jundiaí,1767727748,28.59,74,1019,Clear,normal
3458498,Jundiaí,1767814148,28.69,92,1014,Clear,normal
3458498,Jundiaí,1767900548,27.8,57,1008,Rain,pressure_drop
3458498,Jundiaí,1767986948,24.4,61,1013,Rain,normal
3458498,Jundiaí,1768073348,31.05,60,1009,Clear,normal
3458498,Jundiaí,1768159748,23.72,41,1016,Clouds,normal
3458498,Jundiaí,1768246148,28.8,72,1013,Clear,normal
3458498,Jundiaí,1768332548,23.56,48,1016,Clouds,normal
3458498,Jundiaí,1768418948,24.74,59,1019,Clouds,normal
3458498,Jundiaí,1768505348,27.39,55,1016,Clear,normal
3458498,Jundiaí,1768591748,29.27,74,1022,Clouds,normal
3458498,Jundiaí,1768678148,23.98,68,1013,Clouds,normal
3458498,Jundiaí,1768764548,31.69,84,1008,Rain,pressure_drop
3458498,Jundiaí,1768850948,28.54,66,1015,Drizzle,normal
3458498,Jundiaí,1768937348,22.09,92,1008,Clouds,pressure_drop
3458498,Jundiaí,1769023748,26.45,70,1010,Clear,normal
3458498,Jundiaí,1769110148,20.02,57,1008,Clear,pressure_drop
3458498,Jundiaí,1769196548,22.61,40,1018,Clear,normal
3458498,Jundiaí,1769282948,25.56,56,1018,Clear,normal
3458498,Jundiaí,1769369348,27.82,44,1016,Clouds,normal
3458498,Jundiaí,1769455748,29.86,40,1013,Clouds,normal
3458498,Jundiaí,1769542148,28.64,58,1014,Clouds,normal
3458498,Jundiaí,1769628548,25.38,68,1016,Clear,normal
3458498,Jundiaí,1769714948,25.08,54,1013,Clouds,normal
3458498,Jundiaí,1769801348,26.77,50,1019,Clear,normal
3458498,Jundiaí,1769887748,30.01,81,1010,Clear,normal
3458498,Jundiaí,1769974148,23.66,79,1015,Rain,normal
3458498,Jundiaí,1770060548,28.34,58,1017,Clouds,normal
3458498,Jundiaí,1770146948,24.46,75,1020,Clouds,normal
3458498,Jundiaí,1770233348,23.5,87,1016,Clear,normal
3458498,Jundiaí,1770319748,26.93,78,1020,Rain,normal
3458498,Jundiaí,1770406148,25.61,71,1013,Clouds,normal
3458498,Jundiaí,1770492548,25.73,51,1013,Clouds,normal
3458498,Jundiaí,1770578948,27.41,77,1015,Rain,normal
3458498,Jundiaí,1770665348,27.11,83,1009,Clear,normal
3458498,Jundiaí,1770751748,22.48,76,1016,Clear,normal
3458498,Jundiaí,1770838148,28.86,37,1013,Clear,drought
3458498,Jundiaí,1770924548,24.06,68,1011,Clear,normal
3458498,Jundiaí,1771010948,27.76,70,1016,Clear,normal
3458498,Jundiaí,1771097348,23.45,92,1016,Rain,normal
3458498,Jundiaí,1771183748,26.73,46,1015,Clouds,normal
3458498,Jundiaí,1771270148,28.35,63,1017,Clouds,normal
3458498,Jundiaí,1771356548,23.31,75,1008,Rain,pressure_drop
3458498,Jundiaí,1771442948,23.27,92,1011,Drizzle,normal
3458498,Jundiaí,1771529348,23.37,70,1010,Clouds,normal
3458498,Jundiaí,1771615748,24.3,56,1012,Clouds,normal
3458498,Jundiaí,1771702148,24.53,63,1018,Clouds,normal
3458498,Jundiaí,1771788548,27.17,64,1010,Clear,normal
3458498,Jundiaí,1771874948,22.13,66,1012,Clear,normal
3458498,Jundiaí,1771961348,25.27,65,1019,Clear,normal
3458498,Jundiaí,1772047748,24.75,72,1010,Clear,normal
3458498,Jundiaí,1772134148,25.54,79,1014,Clear,normal
3458498,Jundiaí,1772220548,23.95,86,1016,Clouds,normal
3458498,Jundiaí,1772306948,26.06,58,1019,Clear,normal
3458498,Jundiaí,1772393348,29.87,81,1018,Clear,normal
3458498,Jundiaí,1772479748,28.59,57,1012,Clouds,normal
3458498,Jundiaí,1772566148,28.34,55,1014,Rain,normal
3458498,Jundiaí,1772652548,25.79,62,1019,Clear,normal
3458498,Jundiaí,1772738948,24.3,68,1008,Clouds,pressure_drop
3458498,Jundiaí,1772825348,25.15,62,1019,Clouds,normal
3458498,Jundiaí,1772911748,24.8,53,1016,Clear,normal
3458498,Jundiaí,1772998148,31.76,39,1015,Clear,drought
3458498,Jundiaí,1773084548,27.38,59,1017,Clear,normal
3458498,Jundiaí,1773170948,26.46,79,1019,Clear,normal
3458498,Jundiaí,1773257348,22.2,63,1013,Rain,normal
3458498,Jundiaí,1773343748,24.45,57,1016,Clouds,normal
3458498,Jundiaí,1773430148,22.5,71,1009,Rain,normal
3458498,Jundiaí,1773516548,27.09,69,1020,Clear,normal
3458498,Jundiaí,1773602948,20.51,51,1009,Clouds,normal
3458498,Jundiaí,1773689348,27.26,80,1008,Rain,pressure_drop
3458498,Jundiaí,1773775748,27.26,61,1013,Clouds,normal
3458498,Jundiaí,1773862148,21.54,40,1016,Clear,normal
3458498,Jundiaí,1773948548,30.86,77,1016,Clouds,normal
3458498,Jundiaí,1774034948,23.7,63,1018,Clear,normal
3458498,Jundiaí,1774121348,27.25,98,1014,Rain,extreme_humidity
3458498,Jundiaí,1774207748,29.63,82,1015,Clouds,normal
3458498,Jundiaí,1774294148,27.65,60,1014,Clouds,normal
3458498,Jundiaí,1774380548,25.35,81,1017,Clouds,normal
3458498,Jundiaí,1774466948,29.03,62,1012,Clouds,normal
3458498,Jundiaí,1774553348,25.91,76,1016,Clear,normal
3458498,Jundiaí,1774639748,20.51,63,1014,Drizzle,normal
3458498,Jundiaí,1774726148,21.22,53,1013,Clouds,normal
3458498,Jundiaí,1774812548,23.9,55,1015,Clear,normal
3458498,Jundiaí,1774898948,26.5,69,1011,Drizzle,normal
3458498,Jundiaí,1774985348,21.55,97,1015,Clouds,extreme_humidity
3458498,Jundiaí,1775071748,21.28,61,1011,Clouds,normal
3458498,Jundiaí,1775158148,20.71,55,1016,Clouds,normal
3458498,Jundiaí,1775244548,20.62,40,1009,Clear,normal
3458498,Jundiaí,1775330948,19.69,40,1014,Clouds,normal
3458498,Jundiaí,1775417348,20.95,72,1021,Clear,normal
3458498,Jundiaí,1775503748,18.48,73,1020,Clear,normal
3458498,Jundiaí,1775590148,18.27,55,1012,Rain,normal
3458498,Jundiaí,1775676548,23.49,69,1015,Clouds,normal
3458498,Jundiaí,1775762948,22.31,83,1015,Clear,normal
3458498,Jundiaí,1775849348,20.02,64,1014,Clouds,normal
3458498,Jundiaí,1775935748,23.44,86,1015,Clear,normal
3458498,Jundiaí,1776022148,23.41,60,1016,Clear,normal
3458498,Jundiaí,1776108548,19.64,71,1017,Clear,normal
3458498,Jundiaí,1776194948,21.1,44,1019,Clear,normal
3458498,Jundiaí,1776281348,19.1,54,1009,Clear,normal
3458498,Jundiaí,1776367748,22.76,56,1020,Clear,normal
3458498,Jundiaí,1776454148,19.06,97,1013,Thunderstorm,storm_event
3458498,Jundiaí,1776540548,25.59,53,1015,Clear,normal
3458498,Jundiaí,1776626948,18.62,40,1009,Clear,normal
3458498,Jundiaí,1776713348,16.28,97,1009,Rain,storm_event
3458498,Jundiaí,1776799748,16.81,40,1016,Clouds,normal
3458498,Jundiaí,1776886148,22.83,69,1013,Rain,normal
3458498,Jundiaí,1776972548,18.72,50,1012,Clouds,normal
3458498,Jundiaí,1777058948,14.44,61,1008,Drizzle,pressure_drop
3458498,Jundiaí,1777145348,18.96,62,1014,Clouds,normal
3458498,Jundiaí,1777231748,20.09,76,1018,Clouds,normal
3458498,Jundiaí,1777318148,21.61,51,1011,Clear,normal
3458498,Jundiaí,1777404548,23.3,92,1011,Drizzle,normal
3458498,Jundiaí,1777490948,19.7,85,1022,Clear,normal
3458498,Jundiaí,1777577348,25.74,54,1012,Clear,normal
3458498,Jundiaí,1777663748,23.76,62,1017,Clear,normal
3458498,Jundiaí,1777750148,25.1,79,1019,Rain,normal
3458498,Jundiaí,1777836548,21.35,51,1011,Clear,normal
3458498,Jundiaí,1777922948,23.19,65,1018,Clouds,normal
3458498,Jundiaí,1778009348,20.27,46,1015,Clouds,normal
3458498,Jundiaí,1778095748,25.06,46,1016,Clouds,normal
3458498,Jundiaí,1778182148,17.93,42,1017,Clouds,normal
3458498,Jundiaí,1778268548,22.68,60,1021,Clear,normal
3458498,Jundiaí,1778354948,19.13,59,1017,Clouds,normal
3458498,Jundiaí,1778441348,24.62,60,1017,Clouds,normal
3458498,Jundiaí,1778527748,19.9,65,1020,Rain,normal
3458498,Jundiaí,1778614148,20.67,98,1011,Rain,extreme_humidity
3458498,Jundiaí,1778700548,24.76,61,1017,Clouds,normal
3452925,Piracicaba,1715714948,22.83,93,1013,Thunderstorm,storm_event
3452925,Piracicaba,1715801348,18.56,83,1015,Clear,normal
3452925,Piracicaba,1715887748,23.76,81,1015,Clear,normal
3452925,Piracicaba,1715974148,23.92,78,1013,Clear,normal
3452925,Piracicaba,1716060548,16.76,76,1009,Rain,normal
3452925,Piracicaba,1716146948,26.15,68,1016,Clear,normal
3452925,Piracicaba,1716233348,20.56,78,1012,Clear,normal
3452925,Piracicaba,1716319748,25.84,58,1009,Rain,normal
3452925,Piracicaba,1716406148,20.48,49,1016,Clouds,normal
3452925,Piracicaba,1716492548,19.47,84,1012,Clouds,normal
3452925,Piracicaba,1716578948,23.13,69,1014,Clear,normal
3452925,Piracicaba,1716665348,26.51,59,1014,Drizzle,normal
3452925,Piracicaba,1716751748,22.36,63,1010,Clear,normal
3452925,Piracicaba,1716838148,23.82,76,1014,Rain,normal
3452925,Piracicaba,1716924548,13.95,75,1021,Clouds,cold_snap
3452925,Piracicaba,1717010948,19.78,67,1014,Clear,normal
3452925,Piracicaba,1717097348,21.49,75,1008,Clouds,pressure_drop
3452925,Piracicaba,1717183748,21.23,72,1017,Clear,normal
3452925,Piracicaba,1717270148,16.5,79,1013,Clear,normal
3452925,Piracicaba,1717356548,15.9,92,1016,Rain,normal
3452925,Piracicaba,1717442948,20.63,85,1009,Drizzle,normal
3452925,Piracicaba,1717529348,17.82,84,1017,Rain,normal
3452925,Piracicaba,1717615748,17.54,84,1015,Clear,normal
3452925,Piracicaba,1717702148,7.31,74,1017,Clouds,cold_snap
3452925,Piracicaba,1717788548,18.33,80,1017,Rain,normal
3452925,Piracicaba,1717874948,19.17,82,1012,Clear,normal
3452925,Piracicaba,1717961348,17.08,78,1017,Clear,normal
3452925,Piracicaba,1718047748,19.53,57,1017,Clear,normal
3452925,Piracicaba,1718134148,16.1,58,1015,Clear,normal
3452925,Piracicaba,1718220548,13.29,75,1019,Clear,normal
3452925,Piracicaba,1718306948,17.94,60,1015,Clouds,normal
3452925,Piracicaba,1718393348,17.29,85,1012,Drizzle,normal
3452925,Piracicaba,1718479748,18.22,69,1011,Clouds,normal
3452925,Piracicaba,1718566148,14.42,58,1013,Clouds,normal
3452925,Piracicaba,1718652548,23.26,89,1016,Clear,normal
3452925,Piracicaba,1718738948,23.1,91,1013,Clouds,normal
3452925,Piracicaba,1718825348,15.11,91,1012,Thunderstorm,storm_event
3452925,Piracicaba,1718911748,17.58,70,1020,Clear,normal
3452925,Piracicaba,1718998148,20.16,50,1016,Clouds,normal
3452925,Piracicaba,1719084548,18.8,62,1016,Clear,normal
3452925,Piracicaba,1719170948,14.84,75,1018,Clouds,normal
3452925,Piracicaba,1719257348,22.78,92,1019,Clouds,normal
3452925,Piracicaba,1719343748,7.31,44,1018,Clear,cold_snap
3452925,Piracicaba,1719430148,19.0,40,1017,Clouds,normal
3452925,Piracicaba,1719516548,15.01,92,1012,Rain,normal
3452925,Piracicaba,1719602948,18.17,73,1021,Drizzle,normal
3452925,Piracicaba,1719689348,20.33,71,1019,Clouds,normal
3452925,Piracicaba,1719775748,13.23,78,1016,Clear,normal
3452925,Piracicaba,1719862148,15.59,75,1010,Clouds,normal
3452925,Piracicaba,1719948548,15.33,75,1014,Clouds,normal
3452925,Piracicaba,1720034948,15.73,82,1014,Drizzle,normal
3452925,Piracicaba,1720121348,15.02,80,1021,Clouds,normal
3452925,Piracicaba,1720207748,11.92,71,1015,Clouds,normal
3452925,Piracicaba,1720294148,13.62,92,1015,Rain,normal
3452925,Piracicaba,1720380548,20.55,49,1012,Clouds,normal
3452925,Piracicaba,1720466948,13.05,97,1012,Clouds,extreme_humidity
3452925,Piracicaba,1720553348,14.93,79,1018,Clear,normal
3452925,Piracicaba,1720639748,13.25,80,1009,Drizzle,normal
3452925,Piracicaba,1720726148,14.13,97,1009,Rain,storm_event
3452925,Piracicaba,1720812548,16.02,77,1017,Clouds,normal
3452925,Piracicaba,1720898948,19.23,68,1011,Clouds,normal
3452925,Piracicaba,1720985348,19.15,47,1014,Clouds,normal
3452925,Piracicaba,1721071748,14.37,55,1009,Drizzle,normal
3452925,Piracicaba,1721158148,18.55,56,1010,Clear,normal
3452925,Piracicaba,1721244548,18.67,58,1020,Clear,normal
3452925,Piracicaba,1721330948,18.32,52,1010,Clear,normal
3452925,Piracicaba,1721417348,22.86,55,1016,Clear,normal
3452925,Piracicaba,1721503748,16.83,72,1008,Clouds,pressure_drop
3452925,Piracicaba,1721590148,18.79,52,1014,Clear,normal
3452925,Piracicaba,1721676548,11.95,48,1019,Clouds,normal
3452925,Piracicaba,1721762948,19.42,85,1016,Rain,normal
3452925,Piracicaba,1721849348,24.68,77,1008,Rain,pressure_drop
3452925,Piracicaba,1721935748,19.53,66,1013,Clear,normal
3452925,Piracicaba,1722022148,22.86,72,1013,Clouds,normal
3452925,Piracicaba,1722108548,18.21,92,1018,Clear,normal
3452925,Piracicaba,1722194948,21.11,79,1019,Clear,normal
3452925,Piracicaba,1722281348,20.33,83,1012,Rain,normal
3452925,Piracicaba,1722367748,18.39,79,1013,Rain,normal
3452925,Piracicaba,1722454148,12.19,92,1016,Rain,normal
3452925,Piracicaba,1722540548,15.81,65,1014,Drizzle,normal
3452925,Piracicaba,1722626948,15.03,58,1018,Clouds,normal
3452925,Piracicaba,1722713348,20.13,70,1017,Clear,normal
3452925,Piracicaba,1722799748,13.33,92,1018,Clouds,normal
3452925,Piracicaba,1722886148,14.42,70,1015,Clear,normal
3452925,Piracicaba,1722972548,18.69,69,1017,Clouds,normal
3452925,Piracicaba,1723058948,15.79,71,1013,Clear,normal
3452925,Piracicaba,1723145348,21.38,39,1012,Clear,drought
3452925,Piracicaba,1723231748,14.11,63,1018,Clear,normal
3452925,Piracicaba,1723318148,14.56,76,1018,Clear,normal
3452925,Piracicaba,1723404548,15.94,54,1014,Clear,normal
3452925,Piracicaba,1723490948,12.23,48,1019,Clear,normal
3452925,Piracicaba,1723577348,20.92,80,1014,Clear,normal
3452925,Piracicaba,1723663748,20.15,75,1018,Clouds,normal
3452925,Piracicaba,1723750148,17.73,60,1015,Clouds,normal
3452925,Piracicaba,1723836548,17.09,61,1013,Clouds,normal
3452925,Piracicaba,1723922948,13.16,69,1012,Clear,normal
3452925,Piracicaba,1724009348,16.24,96,1008,Rain,storm_event
3452925,Piracicaba,1724095748,17.44,48,1015,Clouds,normal
3452925,Piracicaba,1724182148,17.18,44,1022,Clear,normal
3452925,Piracicaba,1724268548,18.03,49,1014,Clear,normal
3452925,Piracicaba,1724354948,18.02,70,1015,Clear,normal
3452925,Piracicaba,1724441348,16.81,69,1013,Clear,normal
3452925,Piracicaba,1724527748,22.75,70,1021,Clear,normal
3452925,Piracicaba,1724614148,16.48,98,1017,Drizzle,extreme_humidity
3452925,Piracicaba,1724700548,17.79,62,1013,Clear,normal
3452925,Piracicaba,1724786948,17.28,90,1017,Rain,normal
3452925,Piracicaba,1724873348,16.13,50,1008,Clouds,pressure_drop
3452925,Piracicaba,1724959748,17.35,84,1019,Clouds,normal
3452925,Piracicaba,1725046148,22.83,58,1014,Clouds,normal
3452925,Piracicaba,1725132548,12.72,45,1018,Clear,normal
3452925,Piracicaba,1725218948,18.39,71,1017,Rain,normal
3452925,Piracicaba,1725305348,23.69,76,1020,Clear,normal
3452925,Piracicaba,1725391748,20.21,92,1012,Rain,normal
3452925,Piracicaba,1725478148,20.11,72,1010,Clear,normal
3452925,Piracicaba,1725564548,22.86,66,1019,Clear,normal
3452925,Piracicaba,1725650948,21.22,91,1012,Clouds,normal
3452925,Piracicaba,1725737348,24.41,76,1014,Clouds,normal
3452925,Piracicaba,1725823748,13.55,51,1019,Rain,cold_snap
3452925,Piracicaba,1725910148,20.17,46,1018,Clear,normal
3452925,Piracicaba,1725996548,25.95,47,1012,Clouds,normal
3452925,Piracicaba,1726082948,23.06,62,1019,Clouds,normal
3452925,Piracicaba,1726169348,16.29,66,1012,Clear,normal
3452925,Piracicaba,1726255748,20.0,76,1016,Clear,normal
3452925,Piracicaba,1726342148,25.95,51,1017,Clear,normal
3452925,Piracicaba,1726428548,18.12,72,1008,Clouds,pressure_drop
3452925,Piracicaba,1726514948,22.82,81,1016,Clouds,normal
3452925,Piracicaba,1726601348,21.14,88,1012,Clear,normal
3452925,Piracicaba,1726687748,21.27,82,1014,Clear,normal
3452925,Piracicaba,1726774148,24.92,55,1010,Rain,normal
3452925,Piracicaba,1726860548,22.03,81,1010,Clouds,normal
3452925,Piracicaba,1726946948,25.73,50,1008,Clouds,pressure_drop
3452925,Piracicaba,1727033348,20.22,40,1015,Clear,normal
3452925,Piracicaba,1727119748,22.25,92,1015,Clear,normal
3452925,Piracicaba,1727206148,15.68,53,1011,Clouds,normal
3452925,Piracicaba,1727292548,17.8,92,1015,Rain,normal
3452925,Piracicaba,1727378948,18.23,74,1014,Clear,normal
3452925,Piracicaba,1727465348,25.19,60,1020,Clear,normal
3452925,Piracicaba,1727551748,16.64,79,1008,Clear,pressure_drop
3452925,Piracicaba,1727638148,19.18,85,1015,Clear,normal
3452925,Piracicaba,1727724548,20.88,65,1010,Rain,normal
3452925,Piracicaba,1727810948,21.16,57,1016,Clouds,normal
3452925,Piracicaba,1727897348,25.86,70,1016,Clouds,normal
3452925,Piracicaba,1727983748,22.45,79,1017,Clear,normal
3452925,Piracicaba,1728070148,20.06,75,1009,Clear,normal
3452925,Piracicaba,1728156548,16.65,74,1012,Clear,normal
3452925,Piracicaba,1728242948,18.23,93,1013,Thunderstorm,storm_event
3452925,Piracicaba,1728329348,24.73,80,1014,Clouds,normal
3452925,Piracicaba,1728415748,20.64,67,1012,Clear,normal
3452925,Piracicaba,1728502148,20.06,66,1015,Clear,normal
3452925,Piracicaba,1728588548,21.71,75,1016,Clouds,normal
3452925,Piracicaba,1728674948,14.99,84,1008,Drizzle,pressure_drop
3452925,Piracicaba,1728761348,20.12,71,1013,Clear,normal
3452925,Piracicaba,1728847748,17.16,94,1013,Thunderstorm,storm_event
3452925,Piracicaba,1728934148,22.9,62,1013,Clear,normal
3452925,Piracicaba,1729020548,21.39,52,1010,Clear,normal
3452925,Piracicaba,1729106948,24.2,87,1010,Rain,normal
3452925,Piracicaba,1729193348,21.27,74,1014,Clear,normal
3452925,Piracicaba,1729279748,19.88,78,1018,Clear,normal
3452925,Piracicaba,1729366148,23.63,57,1013,Drizzle,normal
3452925,Piracicaba,1729452548,18.01,59,1018,Clear,normal
3452925,Piracicaba,1729538948,20.08,75,1009,Rain,normal
3452925,Piracicaba,1729625348,19.75,68,1017,Clear,normal
3452925,Piracicaba,1729711748,21.5,91,1022,Clear,normal
3452925,Piracicaba,1729798148,21.36,76,1013,Rain,normal
3452925,Piracicaba,1729884548,16.65,66,1020,Clear,normal
3452925,Piracicaba,1729970948,22.73,45,1018,Clouds,normal
3452925,Piracicaba,1730057348,17.72,98,1013,Thunderstorm,storm_event
3452925,Piracicaba,1730143748,18.52,90,1016,Rain,normal
3452925,Piracicaba,1730230148,19.3,72,1011,Clear,normal
3452925,Piracicaba,1730316548,20.4,74,1013,Clouds,normal
3452925,Piracicaba,1730402948,23.4,55,1013,Rain,normal
3452925,Piracicaba,1730489348,18.2,87,1008,Rain,pressure_drop
3452925,Piracicaba,1730575748,21.62,79,1014,Rain,normal
3452925,Piracicaba,1730662148,12.62,63,1016,Clear,cold_snap
3452925,Piracicaba,1730748548,20.3,71,1015,Clear,normal
3452925,Piracicaba,1730834948,16.78,77,1009,Clouds,normal
3452925,Piracicaba,1730921348,25.48,57,1013,Clear,normal
3452925,Piracicaba,1731007748,19.01,72,1015,Clouds,normal
3452925,Piracicaba,1731094148,19.04,75,1015,Clouds,normal
3452925,Piracicaba,1731180548,18.06,93,1009,Rain,storm_event
3452925,Piracicaba,1731266948,19.85,90,1008,Thunderstorm,storm_event
3452925,Piracicaba,1731353348,18.5,56,1013,Clouds,normal
3452925,Piracicaba,1731439748,15.93,84,1010,Rain,normal
3452925,Piracicaba,1731526148,23.58,75,1014,Clouds,normal
3452925,Piracicaba,1731612548,25.48,67,1012,Clear,normal
3452925,Piracicaba,1731698948,16.32,52,1019,Clouds,normal
3452925,Piracicaba,1731785348,17.89,92,1009,Clear,normal
3452925,Piracicaba,1731871748,18.06,92,1012,Drizzle,normal
3452925,Piracicaba,1731958148,25.48,73,1016,Drizzle,normal
3452925,Piracicaba,1732044548,15.07,66,1013,Clouds,normal
3452925,Piracicaba,1732130948,25.48,78,1017,Clear,normal
3452925,Piracicaba,1732217348,16.63,66,1012,Clear,normal
3452925,Piracicaba,1732303748,18.9,46,1019,Clear,normal
3452925,Piracicaba,1732390148,19.36,54,1012,Clear,normal
3452925,Piracicaba,1732476548,16.96,72,1012,Clear,normal
3452925,Piracicaba,1732562948,19.28,71,1014,Clouds,normal
3452925,Piracicaba,1732649348,17.94,82,1010,Clear,normal
3452925,Piracicaba,1732735748,11.59,63,1019,Clouds,cold_snap
3452925,Piracicaba,1732822148,23.22,65,1017,Clear,normal
3452925,Piracicaba,1732908548,11.59,66,1019,Clouds,cold_snap
3452925,Piracicaba,1732994948,19.76,98,1014,Clouds,extreme_humidity
3452925,Piracicaba,1733081348,32.94,36,1015,Clear,drought
3452925,Piracicaba,1733167748,23.13,55,1014,Rain,normal
3452925,Piracicaba,1733254148,25.47,73,1008,Clouds,pressure_drop
3452925,Piracicaba,1733340548,26.22,89,1010,Rain,normal
3452925,Piracicaba,1733426948,29.9,58,1017,Rain,normal
3452925,Piracicaba,1733513348,28.63,72,1008,Rain,pressure_drop
3452925,Piracicaba,1733599748,21.46,59,1012,Clear,normal
3452925,Piracicaba,1733686148,26.85,78,1015,Clear,normal
3452925,Piracicaba,1733772548,24.27,65,1009,Clouds,normal
3452925,Piracicaba,1733858948,30.0,80,1014,Clear,normal
3452925,Piracicaba,1733945348,26.57,56,1017,Clouds,normal
3452925,Piracicaba,1734031748,25.54,92,1017,Clouds,normal
3452925,Piracicaba,1734118148,25.36,64,1015,Rain,normal
3452925,Piracicaba,1734204548,25.34,53,1016,Clouds,normal
3452925,Piracicaba,1734290948,22.93,91,1008,Thunderstorm,storm_event
3452925,Piracicaba,1734377348,31.13,74,1017,Clouds,normal
3452925,Piracicaba,1734463748,26.04,67,1015,Clear,normal
3452925,Piracicaba,1734550148,26.33,61,1008,Drizzle,pressure_drop
3452925,Piracicaba,1734636548,21.46,81,1020,Clouds,normal
3452925,Piracicaba,1734722948,27.48,92,1013,Rain,normal
3452925,Piracicaba,1734809348,27.66,65,1017,Clouds,normal
3452925,Piracicaba,1734895748,28.02,54,1016,Clear,normal
3452925,Piracicaba,1734982148,28.82,85,1017,Clear,normal
3452925,Piracicaba,1735068548,26.44,74,1009,Clear,normal
3452925,Piracicaba,1735154948,26.59,48,1011,Clouds,normal
3452925,Piracicaba,1735241348,21.46,71,1018,Clear,normal
3452925,Piracicaba,1735327748,30.84,60,1011,Clear,normal
3452925,Piracicaba,1735414148,25.73,58,1013,Clouds,normal
3452925,Piracicaba,1735500548,24.42,49,1015,Clouds,normal
3452925,Piracicaba,1735586948,23.27,50,1015,Clouds,normal
3452925,Piracicaba,1735673348,25.18,93,1009,Rain,storm_event
3452925,Piracicaba,1735759748,30.65,37,1012,Clouds,drought
3452925,Piracicaba,1735846148,29.35,70,1019,Clear,normal
3452925,Piracicaba,1735932548,24.77,47,1017,Clear,normal
3452925,Piracicaba,1736018948,19.13,75,1019,Rain,cold_snap
3452925,Piracicaba,1736105348,21.2,97,1017,Drizzle,extreme_humidity
3452925,Piracicaba,1736191748,23.32,93,1010,Thunderstorm,storm_event
3452925,Piracicaba,1736278148,23.08,50,1016,Clouds,normal
3452925,Piracicaba,1736364548,21.3,71,1017,Clear,normal
3452925,Piracicaba,1736450948,25.25,72,1016,Rain,normal
3452925,Piracicaba,1736537348,25.25,69,1011,Clear,normal
3452925,Piracicaba,1736623748,27.11,56,1016,Clear,normal
3452925,Piracicaba,1736710148,22.61,77,1019,Clear,normal
3452925,Piracicaba,1736796548,28.31,68,1009,Clear,normal
3452925,Piracicaba,1736882948,26.01,98,1009,Clouds,extreme_humidity
3452925,Piracicaba,1736969348,25.61,75,1015,Clear,normal
3452925,Piracicaba,1737055748,23.7,69,1016,Clear,normal
3452925,Piracicaba,1737142148,28.56,61,1017,Clouds,normal
3452925,Piracicaba,1737228548,25.81,98,1017,Drizzle,extreme_humidity
3452925,Piracicaba,1737314948,26.06,67,1017,Clear,normal
3452925,Piracicaba,1737401348,28.05,82,1010,Rain,normal
3452925,Piracicaba,1737487748,28.2,65,1014,Rain,normal
3452925,Piracicaba,1737574148,25.26,59,1011,Clear,normal
3452925,Piracicaba,1737660548,22.32,72,1008,Rain,pressure_drop
3452925,Piracicaba,1737746948,30.71,65,1021,Clear,normal
3452925,Piracicaba,1737833348,25.12,82,1015,Clouds,normal
3452925,Piracicaba,1737919748,25.76,83,1022,Clear,normal
3452925,Piracicaba,1738006148,24.51,64,1014,Clear,normal
3452925,Piracicaba,1738092548,25.42,64,1010,Clear,normal
3452925,Piracicaba,1738178948,26.92,58,1015,Clouds,normal
3452925,Piracicaba,1738265348,24.39,78,1016,Clear,normal
3452925,Piracicaba,1738351748,26.64,67,1011,Clear,normal
3452925,Piracicaba,1738438148,27.54,73,1009,Clouds,normal
3452925,Piracicaba,1738524548,26.19,42,1011,Clouds,normal
3452925,Piracicaba,1738610948,30.68,45,1018,Clouds,normal
3452925,Piracicaba,1738697348,30.73,79,1012,Rain,normal
3452925,Piracicaba,1738783748,27.81,67,1009,Clear,normal
3452925,Piracicaba,1738870148,26.74,84,1016,Clear,normal
3452925,Piracicaba,1738956548,23.16,79,1017,Clouds,normal
3452925,Piracicaba,1739042948,29.74,74,1013,Clear,normal
3452925,Piracicaba,1739129348,22.68,78,1016,Clear,normal
3452925,Piracicaba,1739215748,26.96,75,1008,Rain,pressure_drop
3452925,Piracicaba,1739302148,29.67,78,1015,Clear,normal
3452925,Piracicaba,1739388548,20.27,55,1013,Drizzle,normal
3452925,Piracicaba,1739474948,23.91,68,1009,Rain,normal
3452925,Piracicaba,1739561348,24.49,61,1012,Clear,normal
3452925,Piracicaba,1739647748,27.4,42,1012,Clear,normal
3452925,Piracicaba,1739734148,27.56,71,1018,Clear,normal
3452925,Piracicaba,1739820548,27.48,92,1015,Clear,normal
3452925,Piracicaba,1739906948,23.76,97,1010,Clouds,extreme_humidity
3452925,Piracicaba,1739993348,20.65,87,1014,Rain,normal
3452925,Piracicaba,1740079748,24.57,98,1018,Clouds,extreme_humidity
3452925,Piracicaba,1740166148,15.15,75,1017,Rain,cold_snap
3452925,Piracicaba,1740252548,25.28,54,1015,Clear,normal
3452925,Piracicaba,1740338948,25.44,68,1015,Clouds,normal
3452925,Piracicaba,1740425348,24.18,50,1017,Clear,normal
3452925,Piracicaba,1740511748,27.29,52,1014,Clear,normal
3452925,Piracicaba,1740598148,22.58,58,1014,Clouds,normal
3452925,Piracicaba,1740684548,26.85,73,1012,Rain,normal
3452925,Piracicaba,1740770948,28.5,55,1019,Rain,normal
3452925,Piracicaba,1740857348,23.18,95,1013,Thunderstorm,storm_event
3452925,Piracicaba,1740943748,23.16,59,1016,Clouds,normal
3452925,Piracicaba,1741030148,26.9,72,1014,Clouds,normal
3452925,Piracicaba,1741116548,25.44,92,1013,Clouds,normal
3452925,Piracicaba,1741202948,31.64,80,1018,Clear,normal
3452925,Piracicaba,1741289348,26.21,62,1013,Clear,normal
3452925,Piracicaba,1741375748,27.96,43,1017,Clear,normal
3452925,Piracicaba,1741462148,23.21,85,1010,Clear,normal
3452925,Piracicaba,1741548548,24.35,67,1013,Clear,normal
3452925,Piracicaba,1741634948,21.97,92,1011,Clouds,normal
3452925,Piracicaba,1741721348,29.31,63,1016,Clouds,normal
3452925,Piracicaba,1741807748,27.09,54,1017,Clouds,normal
3452925,Piracicaba,1741894148,23.11,71,1016,Clouds,normal
3452925,Piracicaba,1741980548,24.78,72,1019,Clouds,normal
3452925,Piracicaba,1742066948,28.83,92,1020,Rain,normal
3452925,Piracicaba,1742153348,23.02,52,1018,Clouds,normal
3452925,Piracicaba,1742239748,27.56,65,1012,Rain,normal
3452925,Piracicaba,1742326148,24.31,60,1017,Drizzle,normal
3452925,Piracicaba,1742412548,26.06,91,1013,Clear,normal
3452925,Piracicaba,1742498948,22.15,52,1013,Clouds,normal
3452925,Piracicaba,1742585348,25.12,92,1013,Clouds,normal
3452925,Piracicaba,1742671748,24.65,80,1015,Clear,normal
3452925,Piracicaba,1742758148,29.44,76,1008,Clear,pressure_drop
3452925,Piracicaba,1742844548,20.99,41,1013,Clouds,normal
3452925,Piracicaba,1742930948,29.75,62,1017,Clear,normal
3452925,Piracicaba,1743017348,28.51,40,1015,Clouds,normal
3452925,Piracicaba,1743103748,26.79,73,1014,Clear,normal
3452925,Piracicaba,1743190148,24.59,85,1008,Rain,pressure_drop
3452925,Piracicaba,1743276548,31.64,66,1013,Clouds,normal
3452925,Piracicaba,1743362948,27.98,64,1016,Rain,normal
3452925,Piracicaba,1743449348,29.0,64,1013,Clear,normal
3452925,Piracicaba,1743535748,21.2,74,1016,Rain,normal
3452925,Piracicaba,1743622148,18.44,81,1012,Rain,normal
3452925,Piracicaba,1743708548,23.26,52,1018,Clouds,normal
3452925,Piracicaba,1743794948,15.3,43,1016,Clear,normal
3452925,Piracicaba,1743881348,12.06,51,1017,Clouds,cold_snap
3452925,Piracicaba,1743967748,17.2,68,1014,Clouds,normal
3452925,Piracicaba,1744054148,24.23,86,1012,Rain,normal
3452925,Piracicaba,1744140548,12.06,75,1019,Clear,cold_snap
3452925,Piracicaba,1744226948,25.8,67,1008,Drizzle,pressure_drop
3452925,Piracicaba,1744313348,23.62,79,1014,Clouds,normal
3452925,Piracicaba,1744399748,20.75,82,1012,Rain,normal
3452925,Piracicaba,1744486148,22.5,92,1010,Rain,normal
3452925,Piracicaba,1744572548,22.15,90,1009,Thunderstorm,storm_event
3452925,Piracicaba,1744658948,21.46,64,1013,Clouds,normal
3452925,Piracicaba,1744745348,12.06,57,1019,Rain,cold_snap
3452925,Piracicaba,1744831748,19.38,90,1013,Thunderstorm,storm_event
3452925,Piracicaba,1744918148,15.13,73,1017,Clouds,normal
3452925,Piracicaba,1745004548,25.62,63,1017,Clear,normal
3452925,Piracicaba,1745090948,23.14,59,1013,Clouds,normal
3452925,Piracicaba,1745177348,23.28,92,1017,Rain,normal
3452925,Piracicaba,1745263748,25.27,68,1008,Rain,pressure_drop
3452925,Piracicaba,1745350148,22.29,40,1013,Clear,normal
3452925,Piracicaba,1745436548,19.21,65,1020,Clear,normal
3452925,Piracicaba,1745522948,17.35,51,1012,Clouds,normal
3452925,Piracicaba,1745609348,12.06,69,1018,Clear,cold_snap
3452925,Piracicaba,1745695748,25.71,41,1017,Clear,normal
3452925,Piracicaba,1745782148,19.35,62,1017,Clouds,normal
3452925,Piracicaba,1745868548,18.25,52,1021,Clear,normal
3452925,Piracicaba,1745954948,20.96,73,1015,Clouds,normal
3452925,Piracicaba,1746041348,14.47,95,1011,Thunderstorm,storm_event
3452925,Piracicaba,1746127748,20.12,92,1010,Rain,normal
3452925,Piracicaba,1746214148,26.21,61,1014,Clouds,normal
3452925,Piracicaba,1746300548,27.77,71,1015,Clouds,normal
3452925,Piracicaba,1746386948,20.23,54,1013,Clouds,normal
3452925,Piracicaba,1746473348,22.14,45,1015,Clouds,normal
3452925,Piracicaba,1746559748,23.32,60,1010,Clear,normal
3452925,Piracicaba,1746646148,23.52,64,1015,Clear,normal
3452925,Piracicaba,1746732548,16.76,69,1014,Clear,normal
3452925,Piracicaba,1746818948,24.46,40,1015,Clouds,normal
3452925,Piracicaba,1746905348,21.73,46,1013,Clouds,normal
3452925,Piracicaba,1746991748,17.63,70,1015,Clear,normal
3452925,Piracicaba,1747078148,25.16,58,1020,Clear,normal
3452925,Piracicaba,1747164548,19.47,53,1015,Clear,normal
3452925,Piracicaba,1747250948,22.69,60,1014,Clear,normal
3452925,Piracicaba,1747337348,25.22,71,1016,Rain,normal
3452925,Piracicaba,1747423748,23.8,83,1017,Rain,normal
3452925,Piracicaba,1747510148,22.11,63,1015,Clear,normal
3452925,Piracicaba,1747596548,22.81,55,1015,Drizzle,normal
3452925,Piracicaba,1747682948,22.86,92,1014,Drizzle,normal
3452925,Piracicaba,1747769348,23.06,90,1011,Thunderstorm,storm_event
3452925,Piracicaba,1747855748,23.73,74,1009,Clear,normal
3452925,Piracicaba,1747942148,17.58,93,1009,Rain,storm_event
3452925,Piracicaba,1748028548,21.05,72,1011,Clouds,normal
3452925,Piracicaba,1748114948,23.37,73,1014,Clear,normal
3452925,Piracicaba,1748201348,14.56,39,1021,Clouds,cold_snap
3452925,Piracicaba,1748287748,22.87,63,1018,Clear,normal
3452925,Piracicaba,1748374148,21.47,86,1009,Clear,normal
3452925,Piracicaba,1748460548,23.58,64,1017,Clear,normal
3452925,Piracicaba,1748546948,21.52,80,1011,Clear,normal
3452925,Piracicaba,1748633348,21.02,91,1013,Thunderstorm,storm_event
3452925,Piracicaba,1748719748,21.42,66,1015,Clear,normal
3452925,Piracicaba,1748806148,21.83,62,1013,Rain,normal
3452925,Piracicaba,1748892548,7.65,45,1017,Rain,cold_snap
3452925,Piracicaba,1748978948,24.29,36,1019,Clear,drought
3452925,Piracicaba,1749065348,16.51,75,1018,Clear,normal
3452925,Piracicaba,1749151748,14.8,89,1011,Clouds,normal
3452925,Piracicaba,1749238148,7.31,53,1017,Clear,cold_snap
3452925,Piracicaba,1749324548,18.32,85,1009,Clouds,normal
3452925,Piracicaba,1749410948,13.16,80,1020,Clouds,normal
3452925,Piracicaba,1749497348,14.46,42,1021,Clear,normal
3452925,Piracicaba,1749583748,10.47,76,1011,Clear,normal
3452925,Piracicaba,1749670148,12.6,55,1014,Rain,normal
3452925,Piracicaba,1749756548,19.9,82,1017,Clouds,normal
3452925,Piracicaba,1749842948,20.12,92,1011,Clouds,normal
3452925,Piracicaba,1749929348,22.02,55,1009,Clear,normal
3452925,Piracicaba,1750015748,14.39,75,1013,Clouds,normal
3452925,Piracicaba,1750102148,15.53,97,1014,Clouds,extreme_humidity
3452925,Piracicaba,1750188548,19.67,87,1011,Clear,normal
3452925,Piracicaba,1750274948,11.99,40,1018,Clouds,normal
3452925,Piracicaba,1750361348,24.68,67,1008,Clear,pressure_drop
3452925,Piracicaba,1750447748,16.06,91,1012,Clouds,normal
3452925,Piracicaba,1750534148,15.67,56,1013,Clear,normal
3452925,Piracicaba,1750620548,21.17,70,1014,Clouds,normal
3452925,Piracicaba,1750706948,17.93,80,1014,Clear,normal
3452925,Piracicaba,1750793348,17.8,76,1018,Rain,normal
3452925,Piracicaba,1750879748,16.68,67,1014,Clear,normal
3452925,Piracicaba,1750966148,18.57,65,1015,Clouds,normal
3452925,Piracicaba,1751052548,18.66,67,1014,Clear,normal
3452925,Piracicaba,1751138948,14.44,71,1016,Clear,normal
3452925,Piracicaba,1751225348,14.95,53,1019,Clear,normal
3452925,Piracicaba,1751311748,18.33,65,1013,Clouds,normal
3452925,Piracicaba,1751398148,18.83,64,1017,Clear,normal
3452925,Piracicaba,1751484548,18.25,73,1013,Clear,normal
3452925,Piracicaba,1751570948,20.04,92,1019,Clouds,normal
3452925,Piracicaba,1751657348,17.81,61,1008,Clear,pressure_drop
3452925,Piracicaba,1751743748,14.05,61,1017,Clouds,normal
3452925,Piracicaba,1751830148,16.32,61,1012,Clouds,normal
3452925,Piracicaba,1751916548,18.67,86,1014,Rain,normal
3452925,Piracicaba,1752002948,19.89,41,1015,Clouds,normal
3452925,Piracicaba,1752089348,22.86,59,1015,Clear,normal
3452925,Piracicaba,1752175748,15.67,92,1014,Rain,normal
3452925,Piracicaba,1752262148,16.96,92,1009,Clear,normal
3452925,Piracicaba,1752348548,16.65,66,1019,Clouds,normal
3452925,Piracicaba,1752434948,18.83,71,1019,Clear,normal
3452925,Piracicaba,1752521348,18.33,66,1012,Clear,normal
3452925,Piracicaba,1752607748,22.11,38,1013,Clouds,drought
3452925,Piracicaba,1752694148,22.92,65,1008,Clouds,pressure_drop
3452925,Piracicaba,1752780548,16.58,54,1015,Clouds,normal
3452925,Piracicaba,1752866948,17.26,66,1012,Clear,normal
3452925,Piracicaba,1752953348,12.38,70,1008,Drizzle,pressure_drop
3452925,Piracicaba,1753039748,16.39,92,1015,Clouds,normal
3452925,Piracicaba,1753126148,19.85,82,1018,Clouds,normal
3452925,Piracicaba,1753212548,14.17,56,1010,Clouds,normal
3452925,Piracicaba,1753298948,16.15,65,1014,Rain,normal
3452925,Piracicaba,1753385348,15.97,67,1017,Clear,normal
3452925,Piracicaba,1753471748,18.71,72,1017,Clouds,normal
3452925,Piracicaba,1753558148,18.45,61,1017,Clear,normal
3452925,Piracicaba,1753644548,15.94,61,1018,Clear,normal
3452925,Piracicaba,1753730948,15.29,74,1014,Clear,normal
3452925,Piracicaba,1753817348,12.73,61,1012,Clear,normal
3452925,Piracicaba,1753903748,18.66,85,1016,Drizzle,normal
3452925,Piracicaba,1753990148,12.56,70,1013,Drizzle,normal
3452925,Piracicaba,1754076548,14.42,60,1016,Clear,normal
3452925,Piracicaba,1754162948,14.72,56,1018,Clear,normal
3452925,Piracicaba,1754249348,19.12,92,1012,Thunderstorm,storm_event
3452925,Piracicaba,1754335748,17.87,60,1020,Clear,normal
3452925,Piracicaba,1754422148,18.25,85,1017,Clear,normal
3452925,Piracicaba,1754508548,14.91,41,1020,Clear,normal
3452925,Piracicaba,1754594948,19.41,41,1022,Clouds,normal
3452925,Piracicaba,1754681348,17.26,92,1010,Thunderstorm,storm_event
3452925,Piracicaba,1754767748,16.48,70,1018,Clear,normal
3452925,Piracicaba,1754854148,21.71,80,1018,Rain,normal
3452925,Piracicaba,1754940548,16.63,55,1015,Rain,normal
3452925,Piracicaba,1755026948,14.89,50,1018,Clouds,normal
3452925,Piracicaba,1755113348,16.92,58,1014,Clear,normal
3452925,Piracicaba,1755199748,20.14,88,1011,Thunderstorm,storm_event
3452925,Piracicaba,1755286148,13.72,76,1012,Clear,normal
3452925,Piracicaba,1755372548,19.36,55,1012,Rain,normal
3452925,Piracicaba,1755458948,19.03,66,1014,Clear,normal
3452925,Piracicaba,1755545348,14.77,64,1013,Clear,normal
3452925,Piracicaba,1755631748,15.96,52,1017,Clear,normal
3452925,Piracicaba,1755718148,18.58,54,1015,Clear,normal
3452925,Piracicaba,1755804548,15.84,83,1013,Clear,normal
3452925,Piracicaba,1755890948,19.42,59,1010,Clouds,normal
3452925,Piracicaba,1755977348,19.12,89,1008,Clouds,pressure_drop
3452925,Piracicaba,1756063748,15.64,91,1012,Clear,normal
3452925,Piracicaba,1756150148,18.79,43,1012,Clouds,normal
3452925,Piracicaba,1756236548,19.85,57,1010,Clear,normal
3452925,Piracicaba,1756322948,15.05,40,1017,Clouds,normal
3452925,Piracicaba,1756409348,17.33,64,1015,Drizzle,normal
3452925,Piracicaba,1756495748,14.81,80,1015,Drizzle,normal
3452925,Piracicaba,1756582148,15.1,71,1012,Clear,normal
3452925,Piracicaba,1756668548,15.35,69,1020,Drizzle,normal
3452925,Piracicaba,1756754948,25.95,46,1018,Clear,normal
3452925,Piracicaba,1756841348,21.91,92,1018,Clear,normal
3452925,Piracicaba,1756927748,18.21,60,1013,Clouds,normal
3452925,Piracicaba,1757014148,21.99,93,1009,Rain,storm_event
3452925,Piracicaba,1757100548,18.79,71,1010,Drizzle,normal
3452925,Piracicaba,1757186948,25.95,66,1016,Clear,normal
3452925,Piracicaba,1757273348,25.95,56,1012,Clear,normal
3452925,Piracicaba,1757359748,17.44,92,1013,Drizzle,normal
3452925,Piracicaba,1757446148,25.14,97,1013,Clouds,extreme_humidity
3452925,Piracicaba,1757532548,22.31,53,1017,Clear,normal
3452925,Piracicaba,1757618948,17.06,95,1009,Rain,storm_event
3452925,Piracicaba,1757705348,23.24,58,1015,Clouds,normal
3452925,Piracicaba,1757791748,15.68,81,1012,Clouds,normal
3452925,Piracicaba,1757878148,18.32,60,1019,Clear,normal
3452925,Piracicaba,1757964548,18.29,60,1017,Clear,normal
3452925,Piracicaba,1758050948,16.17,85,1017,Clear,normal
3452925,Piracicaba,1758137348,16.79,62,1016,Rain,normal
3452925,Piracicaba,1758223748,18.15,74,1015,Clear,normal
3452925,Piracicaba,1758310148,18.43,62,1013,Clear,normal
3452925,Piracicaba,1758396548,20.48,95,1009,Thunderstorm,storm_event
3452925,Piracicaba,1758482948,18.99,71,1013,Rain,normal
3452925,Piracicaba,1758569348,21.42,92,1019,Clear,normal
3452925,Piracicaba,1758655748,17.26,60,1015,Clouds,normal
3452925,Piracicaba,1758742148,23.32,70,1009,Drizzle,normal
3452925,Piracicaba,1758828548,19.93,61,1018,Clouds,normal
3452925,Piracicaba,1758914948,22.43,88,1020,Clouds,normal
3452925,Piracicaba,1759001348,21.62,75,1015,Clouds,normal
3452925,Piracicaba,1759087748,16.08,50,1013,Clouds,normal
3452925,Piracicaba,1759174148,23.18,64,1009,Rain,normal
3452925,Piracicaba,1759260548,21.38,52,1011,Clouds,normal
3452925,Piracicaba,1759346948,22.56,59,1010,Clear,normal
3452925,Piracicaba,1759433348,19.25,75,1016,Clear,normal
3452925,Piracicaba,1759519748,20.47,98,1019,Clouds,extreme_humidity
3452925,Piracicaba,1759606148,19.86,63,1009,Rain,normal
3452925,Piracicaba,1759692548,16.75,84,1020,Clouds,normal
3452925,Piracicaba,1759778948,24.32,92,1009,Clouds,normal
3452925,Piracicaba,1759865348,24.12,62,1013,Clouds,normal
3452925,Piracicaba,1759951748,20.53,62,1017,Clouds,normal
3452925,Piracicaba,1760038148,19.69,98,1014,Rain,extreme_humidity
3452925,Piracicaba,1760124548,18.1,69,1012,Clear,normal
3452925,Piracicaba,1760210948,16.65,61,1019,Clouds,normal
3452925,Piracicaba,1760297348,23.07,59,1012,Clear,normal
3452925,Piracicaba,1760383748,13.59,75,1019,Clear,cold_snap
3452925,Piracicaba,1760470148,22.67,92,1013,Drizzle,normal
3452925,Piracicaba,1760556548,19.43,92,1015,Clouds,normal
3452925,Piracicaba,1760642948,23.08,67,1012,Drizzle,normal
3452925,Piracicaba,1760729348,22.6,60,1022,Clouds,normal
3452925,Piracicaba,1760815748,18.92,98,1009,Rain,storm_event
3452925,Piracicaba,1760902148,22.39,57,1012,Rain,normal
3452925,Piracicaba,1760988548,24.01,87,1017,Clear,normal
3452925,Piracicaba,1761074948,25.99,55,1019,Clear,normal
3452925,Piracicaba,1761161348,20.44,77,1022,Clouds,normal
3452925,Piracicaba,1761247748,22.53,70,1018,Clear,normal
3452925,Piracicaba,1761334148,16.96,72,1009,Drizzle,normal
3452925,Piracicaba,1761420548,16.84,49,1014,Clear,normal
3452925,Piracicaba,1761506948,18.91,98,1016,Drizzle,extreme_humidity
3452925,Piracicaba,1761593348,26.15,83,1012,Clouds,normal
3452925,Piracicaba,1761679748,23.61,56,1014,Clear,normal
3452925,Piracicaba,1761766148,18.16,88,1016,Clouds,normal
3452925,Piracicaba,1761852548,20.33,92,1013,Clear,normal
3452925,Piracicaba,1761938948,23.94,91,1013,Clear,normal
3452925,Piracicaba,1762025348,17.21,80,1021,Clear,normal
3452925,Piracicaba,1762111748,18.44,86,1012,Clear,normal
3452925,Piracicaba,1762198148,19.36,62,1012,Clouds,normal
3452925,Piracicaba,1762284548,18.84,48,1016,Clear,normal
3452925,Piracicaba,1762370948,17.71,92,1009,Drizzle,normal
3452925,Piracicaba,1762457348,19.48,64,1009,Clouds,normal
3452925,Piracicaba,1762543748,24.76,88,1011,Rain,normal
3452925,Piracicaba,1762630148,18.02,93,1011,Thunderstorm,storm_event
3452925,Piracicaba,1762716548,24.69,41,1010,Clouds,normal
3452925,Piracicaba,1762802948,22.15,92,1009,Clouds,normal
3452925,Piracicaba,1762889348,16.82,75,1014,Clouds,normal
3452925,Piracicaba,1762975748,18.58,92,1009,Thunderstorm,storm_event
3452925,Piracicaba,1763062148,20.81,92,1017,Clear,normal
3452925,Piracicaba,1763148548,22.05,85,1015,Clouds,normal
3452925,Piracicaba,1763234948,16.87,93,1010,Thunderstorm,storm_event
3452925,Piracicaba,1763321348,21.88,77,1011,Clear,normal
3452925,Piracicaba,1763407748,25.48,81,1014,Clouds,normal
3452925,Piracicaba,1763494148,18.98,75,1012,Rain,normal
3452925,Piracicaba,1763580548,16.03,61,1008,Rain,pressure_drop
3452925,Piracicaba,1763666948,20.0,57,1013,Clouds,normal
3452925,Piracicaba,1763753348,23.78,68,1019,Clouds,normal
3452925,Piracicaba,1763839748,21.68,50,1022,Clear,normal
3452925,Piracicaba,1763926148,25.26,69,1013,Clear,normal
3452925,Piracicaba,1764012548,17.67,80,1017,Clear,normal
3452925,Piracicaba,1764098948,20.97,92,1016,Clear,normal
3452925,Piracicaba,1764185348,22.36,62,1012,Clouds,normal
3452925,Piracicaba,1764271748,17.47,79,1017,Drizzle,normal
3452925,Piracicaba,1764358148,15.72,54,1008,Clouds,pressure_drop
3452925,Piracicaba,1764444548,18.52,49,1011,Clouds,normal
3452925,Piracicaba,1764530948,20.59,78,1014,Clear,normal
3452925,Piracicaba,1764617348,21.71,54,1014,Clear,normal
3452925,Piracicaba,1764703748,27.8,48,1017,Clouds,normal
3452925,Piracicaba,1764790148,22.1,67,1017,Clear,normal
3452925,Piracicaba,1764876548,22.21,89,1015,Clear,normal
3452925,Piracicaba,1764962948,28.76,88,1009,Clouds,normal
3452925,Piracicaba,1765049348,25.26,87,1018,Rain,normal
3452925,Piracicaba,1765135748,28.09,76,1009,Rain,normal
3452925,Piracicaba,1765222148,29.89,49,1016,Clear,normal
3452925,Piracicaba,1765308548,33.11,38,1017,Clouds,drought
3452925,Piracicaba,1765394948,23.61,82,1009,Clear,normal
3452925,Piracicaba,1765481348,30.91,78,1016,Clear,normal
3452925,Piracicaba,1765567748,25.65,92,1018,Clear,normal
3452925,Piracicaba,1765654148,26.9,58,1018,Clouds,normal
3452925,Piracicaba,1765740548,27.04,85,1014,Rain,normal
3452925,Piracicaba,1765826948,27.01,92,1016,Rain,normal
3452925,Piracicaba,1765913348,26.68,90,1017,Clouds,normal
3452925,Piracicaba,1765999748,27.5,73,1016,Clouds,normal
3452925,Piracicaba,1766086148,24.18,89,1010,Thunderstorm,storm_event
3452925,Piracicaba,1766172548,26.09,68,1013,Clouds,normal
3452925,Piracicaba,1766258948,24.08,40,1021,Clouds,normal
3452925,Piracicaba,1766345348,28.99,89,1008,Clear,pressure_drop
3452925,Piracicaba,1766431748,23.4,91,1012,Thunderstorm,storm_event
3452925,Piracicaba,1766518148,26.69,69,1008,Rain,pressure_drop
3452925,Piracicaba,1766604548,25.64,52,1012,Clouds,normal
3452925,Piracicaba,1766690948,21.76,85,1014,Clouds,normal
3452925,Piracicaba,1766777348,27.45,56,1010,Clear,normal
3452925,Piracicaba,1766863748,22.52,72,1013,Clouds,normal
3452925,Piracicaba,1766950148,25.06,77,1018,Clouds,normal
3452925,Piracicaba,1767036548,32.18,62,1009,Rain,normal
3452925,Piracicaba,1767122948,24.92,62,1010,Clouds,normal
3452925,Piracicaba,1767209348,27.37,85,1012,Clear,normal
3452925,Piracicaba,1767295748,27.55,61,1020,Clouds,normal
3452925,Piracicaba,1767382148,24.47,44,1010,Clouds,normal
3452925,Piracicaba,1767468548,31.8,36,1013,Clouds,drought
3452925,Piracicaba,1767554948,24.53,92,1009,Rain,normal
3452925,Piracicaba,1767641348,24.47,62,1016,Clear,normal
3452925,Piracicaba,1767727748,21.87,58,1014,Clouds,normal
3452925,Piracicaba,1767814148,23.61,83,1012,Clear,normal
3452925,Piracicaba,1767900548,25.37,59,1013,Drizzle,normal
3452925,Piracicaba,1767986948,27.2,88,1013,Thunderstorm,storm_event
3452925,Piracicaba,1768073348,24.14,66,1019,Clear,normal
3452925,Piracicaba,1768159748,28.52,91,1014,Rain,normal
3452925,Piracicaba,1768246148,25.19,65,1019,Clear,normal
3452925,Piracicaba,1768332548,26.31,53,1019,Clear,normal
3452925,Piracicaba,1768418948,25.08,92,1015,Rain,normal
3452925,Piracicaba,1768505348,23.7,98,1009,Drizzle,extreme_humidity
3452925,Piracicaba,1768591748,20.94,91,1016,Rain,normal
3452925,Piracicaba,1768678148,24.66,83,1012,Clear,normal
3452925,Piracicaba,1768764548,25.44,74,1012,Clouds,normal
3452925,Piracicaba,1768850948,24.74,82,1014,Rain,normal
3452925,Piracicaba,1768937348,22.05,85,1010,Rain,normal
3452925,Piracicaba,1769023748,24.86,48,1010,Clear,normal
3452925,Piracicaba,1769110148,26.14,69,1010,Clear,normal
3452925,Piracicaba,1769196548,29.64,70,1009,Clouds,normal
3452925,Piracicaba,1769282948,28.79,69,1019,Clouds,normal
3452925,Piracicaba,1769369348,23.33,82,1009,Rain,normal
3452925,Piracicaba,1769455748,26.45,47,1013,Clear,normal
3452925,Piracicaba,1769542148,24.55,59,1018,Clear,normal
3452925,Piracicaba,1769628548,25.19,62,1009,Clouds,normal
3452925,Piracicaba,1769714948,27.08,71,1017,Clouds,normal
3452925,Piracicaba,1769801348,29.12,98,1010,Rain,extreme_humidity
3452925,Piracicaba,1769887748,26.73,63,1012,Clear,normal
3452925,Piracicaba,1769974148,27.44,54,1009,Clear,normal
3452925,Piracicaba,1770060548,23.89,77,1011,Clouds,normal
3452925,Piracicaba,1770146948,19.7,50,1008,Rain,pressure_drop
3452925,Piracicaba,1770233348,25.28,57,1015,Clouds,normal
3452925,Piracicaba,1770319748,25.4,79,1009,Rain,normal
3452925,Piracicaba,1770406148,23.85,80,1009,Clouds,normal
3452925,Piracicaba,1770492548,22.26,66,1018,Rain,normal
3452925,Piracicaba,1770578948,17.75,63,1019,Clear,cold_snap
3452925,Piracicaba,1770665348,26.62,71,1009,Rain,normal
3452925,Piracicaba,1770751748,26.54,43,1012,Clear,normal
3452925,Piracicaba,1770838148,24.27,56,1016,Clear,normal
3452925,Piracicaba,1770924548,26.75,93,1009,Rain,storm_event
3452925,Piracicaba,1771010948,21.01,89,1008,Rain,pressure_drop
3452925,Piracicaba,1771097348,26.59,73,1015,Clouds,normal
3452925,Piracicaba,1771183748,23.17,55,1011,Clear,normal
3452925,Piracicaba,1771270148,31.87,65,1016,Clear,normal
3452925,Piracicaba,1771356548,29.43,69,1014,Clear,normal
3452925,Piracicaba,1771442948,25.91,96,1008,Drizzle,pressure_drop
3452925,Piracicaba,1771529348,29.54,65,1008,Drizzle,pressure_drop
3452925,Piracicaba,1771615748,32.12,85,1018,Clear,normal
3452925,Piracicaba,1771702148,32.3,92,1013,Clouds,normal
3452925,Piracicaba,1771788548,29.17,40,1019,Clear,normal
3452925,Piracicaba,1771874948,24.25,40,1016,Clear,normal
3452925,Piracicaba,1771961348,27.64,51,1008,Clear,pressure_drop
3452925,Piracicaba,1772047748,25.39,86,1017,Clear,normal
3452925,Piracicaba,1772134148,24.28,84,1012,Clouds,normal
3452925,Piracicaba,1772220548,24.75,79,1016,Clouds,normal
3452925,Piracicaba,1772306948,28.4,40,1010,Clear,normal
3452925,Piracicaba,1772393348,29.55,55,1013,Rain,normal
3452925,Piracicaba,1772479748,27.1,95,1011,Thunderstorm,storm_event
3452925,Piracicaba,1772566148,24.0,40,1017,Clear,normal
3452925,Piracicaba,1772652548,22.92,85,1017,Clouds,normal
3452925,Piracicaba,1772738948,23.96,68,1015,Rain,normal
3452925,Piracicaba,1772825348,28.59,43,1010,Clear,normal
3452925,Piracicaba,1772911748,24.52,62,1017,Clear,normal
3452925,Piracicaba,1772998148,18.61,52,1008,Rain,pressure_drop
3452925,Piracicaba,1773084548,26.3,58,1008,Rain,pressure_drop
3452925,Piracicaba,1773170948,23.15,92,1015,Clouds,normal
3452925,Piracicaba,1773257348,27.63,56,1022,Clear,normal
3452925,Piracicaba,1773343748,21.73,42,1015,Clear,normal
3452925,Piracicaba,1773430148,23.61,92,1013,Thunderstorm,storm_event
3452925,Piracicaba,1773516548,27.33,62,1014,Clear,normal
3452925,Piracicaba,1773602948,26.75,83,1011,Clouds,normal
3452925,Piracicaba,1773689348,26.54,90,1016,Clouds,normal
3452925,Piracicaba,1773775748,23.3,79,1014,Clouds,normal
3452925,Piracicaba,1773862148,29.07,69,1011,Clear,normal
3452925,Piracicaba,1773948548,23.74,50,1008,Clear,pressure_drop
3452925,Piracicaba,1774034948,28.92,71,1010,Clear,normal
3452925,Piracicaba,1774121348,30.31,58,1018,Clear,normal
3452925,Piracicaba,1774207748,28.32,78,1016,Rain,normal
3452925,Piracicaba,1774294148,22.92,93,1009,Rain,storm_event
3452925,Piracicaba,1774380548,23.15,73,1018,Clouds,normal
3452925,Piracicaba,1774466948,25.19,83,1013,Clear,normal
3452925,Piracicaba,1774553348,33.34,35,1012,Clear,drought
3452925,Piracicaba,1774639748,20.99,59,1012,Rain,normal
3452925,Piracicaba,1774726148,25.76,55,1020,Clouds,normal
3452925,Piracicaba,1774812548,28.27,75,1012,Clouds,normal
3452925,Piracicaba,1774898948,26.05,89,1014,Clear,normal
3452925,Piracicaba,1774985348,28.34,70,1018,Clouds,normal
3452925,Piracicaba,1775071748,24.09,44,1018,Clear,normal
3452925,Piracicaba,1775158148,17.73,87,1015,Clear,normal
3452925,Piracicaba,1775244548,23.45,45,1020,Clear,normal
3452925,Piracicaba,1775330948,16.2,83,1016,Rain,normal
3452925,Piracicaba,1775417348,21.27,66,1015,Clouds,normal
3452925,Piracicaba,1775503748,22.14,75,1014,Rain,normal
3452925,Piracicaba,1775590148,17.01,55,1015,Rain,normal
3452925,Piracicaba,1775676548,24.6,59,1016,Clouds,normal
3452925,Piracicaba,1775762948,24.52,92,1012,Rain,normal
3452925,Piracicaba,1775849348,16.57,87,1009,Rain,normal
3452925,Piracicaba,1775935748,12.06,71,1019,Clear,cold_snap
3452925,Piracicaba,1776022148,21.37,75,1010,Clouds,normal
3452925,Piracicaba,1776108548,20.17,65,1019,Drizzle,normal
3452925,Piracicaba,1776194948,14.08,65,1008,Clouds,pressure_drop
3452925,Piracicaba,1776281348,16.03,55,1011,Rain,normal
3452925,Piracicaba,1776367748,12.06,61,1015,Clear,cold_snap
3452925,Piracicaba,1776454148,12.06,60,1019,Clear,cold_snap
3452925,Piracicaba,1776540548,17.12,70,1013,Rain,normal
3452925,Piracicaba,1776626948,20.57,55,1011,Rain,normal
3452925,Piracicaba,1776713348,20.02,40,1013,Clear,normal
3452925,Piracicaba,1776799748,24.18,40,1012,Clear,normal
3452925,Piracicaba,1776886148,21.36,91,1014,Drizzle,normal
3452925,Piracicaba,1776972548,21.5,60,1013,Rain,normal
3452925,Piracicaba,1777058948,22.95,60,1016,Clouds,normal
3452925,Piracicaba,1777145348,21.91,52,1014,Clouds,normal
3452925,Piracicaba,1777231748,23.67,62,1011,Clear,normal
3452925,Piracicaba,1777318148,20.89,83,1019,Drizzle,normal
3452925,Piracicaba,1777404548,24.91,40,1015,Clear,normal
3452925,Piracicaba,1777490948,15.76,55,1017,Clear,normal
3452925,Piracicaba,1777577348,19.14,65,1012,Clear,normal
3452925,Piracicaba,1777663748,23.2,92,1013,Thunderstorm,storm_event
3452925,Piracicaba,1777750148,23.44,92,1015,Rain,normal
3452925,Piracicaba,1777836548,23.01,70,1013,Clouds,normal
3452925,Piracicaba,1777922948,19.63,64,1021,Rain,normal
3452925,Piracicaba,1778009348,21.03,40,1012,Clear,normal
3452925,Piracicaba,1778095748,20.98,57,1016,Clouds,normal
3452925,Piracicaba,1778182148,26.49,70,1018,Clear,normal
3452925,Piracicaba,1778268548,23.87,71,1020,Clouds,normal
3452925,Piracicaba,1778354948,24.77,58,1019,Clouds,normal
3452925,Piracicaba,1778441348,20.59,69,1012,Clear,normal
3452925,Piracicaba,1778527748,19.56,70,1015,Clear,normal
3452925,Piracicaba,1778614148,27.77,69,1014,Clouds,normal
3452925,Piracicaba,1778700548,19.64,64,1022,Clear,normal
3470127,Bauru,1715714948,20.75,96,1012,Thunderstorm,storm_event
3470127,Bauru,1715801348,17.46,71,1011,Rain,normal
3470127,Bauru,1715887748,18.88,40,1018,Clouds,normal
3470127,Bauru,1715974148,26.36,92,1015,Rain,normal
3470127,Bauru,1716060548,22.31,76,1008,Rain,pressure_drop
3470127,Bauru,1716146948,17.19,92,1016,Clear,normal
3470127,Bauru,1716233348,18.63,86,1020,Clouds,normal
3470127,Bauru,1716319748,21.65,70,1016,Clear,normal
3470127,Bauru,1716406148,19.49,91,1011,Thunderstorm,storm_event
3470127,Bauru,1716492548,23.18,84,1020,Rain,normal
3470127,Bauru,1716578948,21.58,85,1013,Rain,normal
3470127,Bauru,1716665348,24.0,79,1013,Drizzle,normal
3470127,Bauru,1716751748,18.99,70,1009,Clear,normal
3470127,Bauru,1716838148,21.25,92,1016,Clear,normal
3470127,Bauru,1716924548,18.7,91,1013,Clouds,normal
3470127,Bauru,1717010948,18.96,80,1016,Clouds,normal
3470127,Bauru,1717097348,23.91,85,1015,Clear,normal
3470127,Bauru,1717183748,19.89,69,1012,Clear,normal
3470127,Bauru,1717270148,12.2,65,1011,Clear,normal
3470127,Bauru,1717356548,16.03,63,1013,Drizzle,normal
3470127,Bauru,1717442948,21.89,69,1009,Clouds,normal
3470127,Bauru,1717529348,17.8,78,1011,Drizzle,normal
3470127,Bauru,1717615748,17.07,79,1011,Drizzle,normal
3470127,Bauru,1717702148,17.16,58,1017,Clouds,normal
3470127,Bauru,1717788548,15.14,97,1015,Clouds,extreme_humidity
3470127,Bauru,1717874948,13.87,58,1016,Clouds,normal
3470127,Bauru,1717961348,10.42,73,1008,Clouds,pressure_drop
3470127,Bauru,1718047748,14.27,94,1008,Rain,pressure_drop
3470127,Bauru,1718134148,16.89,69,1014,Clouds,normal
3470127,Bauru,1718220548,15.12,57,1018,Rain,normal
3470127,Bauru,1718306948,17.03,67,1015,Clear,normal
3470127,Bauru,1718393348,19.78,67,1008,Drizzle,pressure_drop
3470127,Bauru,1718479748,10.42,71,1008,Clouds,pressure_drop
3470127,Bauru,1718566148,16.79,74,1009,Clouds,normal
3470127,Bauru,1718652548,16.29,80,1013,Clouds,normal
3470127,Bauru,1718738948,13.21,68,1011,Clouds,normal
3470127,Bauru,1718825348,22.76,54,1013,Clear,normal
3470127,Bauru,1718911748,16.61,66,1012,Clear,normal
3470127,Bauru,1718998148,14.14,90,1008,Clear,pressure_drop
3470127,Bauru,1719084548,16.12,50,1012,Clear,normal
3470127,Bauru,1719170948,18.47,97,1011,Clouds,extreme_humidity
3470127,Bauru,1719257348,16.05,75,1008,Clear,pressure_drop
3470127,Bauru,1719343748,22.42,78,1010,Rain,normal
3470127,Bauru,1719430148,14.69,68,1009,Clear,normal
3470127,Bauru,1719516548,18.36,74,1011,Clouds,normal
3470127,Bauru,1719602948,18.17,86,1015,Clouds,normal
3470127,Bauru,1719689348,17.94,93,1009,Rain,storm_event
3470127,Bauru,1719775748,17.2,54,1014,Clouds,normal
3470127,Bauru,1719862148,21.86,47,1021,Clear,normal
3470127,Bauru,1719948548,17.0,92,1012,Rain,normal
3470127,Bauru,1720034948,18.77,97,1011,Thunderstorm,storm_event
3470127,Bauru,1720121348,14.99,73,1015,Clouds,normal
3470127,Bauru,1720207748,14.84,86,1020,Rain,normal
3470127,Bauru,1720294148,16.59,67,1014,Clear,normal
3470127,Bauru,1720380548,12.71,84,1011,Clear,normal
3470127,Bauru,1720466948,14.1,63,1013,Clear,normal
3470127,Bauru,1720553348,14.51,63,1012,Drizzle,normal
3470127,Bauru,1720639748,16.82,50,1008,Rain,pressure_drop
3470127,Bauru,1720726148,16.21,46,1018,Clear,normal
3470127,Bauru,1720812548,16.1,65,1019,Clouds,normal
3470127,Bauru,1720898948,17.57,80,1012,Clouds,normal
3470127,Bauru,1720985348,12.03,92,1011,Rain,normal
3470127,Bauru,1721071748,18.42,82,1018,Rain,normal
3470127,Bauru,1721158148,16.43,61,1019,Clear,normal
3470127,Bauru,1721244548,14.53,72,1010,Clear,normal
3470127,Bauru,1721330948,14.6,64,1013,Clear,normal
3470127,Bauru,1721417348,16.91,82,1017,Clouds,normal
3470127,Bauru,1721503748,14.32,96,1013,Thunderstorm,storm_event
3470127,Bauru,1721590148,20.42,76,1013,Clear,normal
3470127,Bauru,1721676548,21.86,46,1013,Clear,normal
3470127,Bauru,1721762948,13.67,97,1011,Clouds,extreme_humidity
3470127,Bauru,1721849348,18.19,41,1014,Clear,normal
3470127,Bauru,1721935748,13.88,81,1013,Clear,normal
3470127,Bauru,1722022148,19.25,84,1016,Clear,normal
3470127,Bauru,1722108548,16.22,55,1015,Clear,normal
3470127,Bauru,1722194948,16.88,65,1014,Clear,normal
3470127,Bauru,1722281348,17.91,40,1010,Clear,normal
3470127,Bauru,1722367748,19.49,88,1016,Rain,normal
3470127,Bauru,1722454148,15.05,60,1011,Clouds,normal
3470127,Bauru,1722540548,14.78,90,1019,Clear,normal
3470127,Bauru,1722626948,18.7,59,1009,Clouds,normal
3470127,Bauru,1722713348,19.53,74,1013,Clear,normal
3470127,Bauru,1722799748,15.93,51,1017,Clear,normal
3470127,Bauru,1722886148,20.36,40,1012,Clear,normal
3470127,Bauru,1722972548,18.78,77,1014,Rain,normal
3470127,Bauru,1723058948,18.16,68,1008,Rain,pressure_drop
3470127,Bauru,1723145348,15.29,72,1008,Clouds,pressure_drop
3470127,Bauru,1723231748,19.55,88,1018,Rain,normal
3470127,Bauru,1723318148,15.28,68,1022,Clear,normal
3470127,Bauru,1723404548,15.09,64,1013,Clear,normal
3470127,Bauru,1723490948,12.83,79,1009,Rain,normal
3470127,Bauru,1723577348,16.26,92,1011,Rain,normal
3470127,Bauru,1723663748,20.82,36,1020,Clear,drought
3470127,Bauru,1723750148,17.68,57,1011,Clear,normal
3470127,Bauru,1723836548,21.22,71,1017,Clouds,normal
3470127,Bauru,1723922948,22.86,71,1022,Clear,normal
3470127,Bauru,1724009348,17.19,83,1015,Clear,normal
3470127,Bauru,1724095748,15.6,97,1010,Thunderstorm,storm_event
3470127,Bauru,1724182148,16.77,60,1017,Clear,normal
3470127,Bauru,1724268548,11.79,60,1022,Clear,normal
3470127,Bauru,1724354948,14.83,74,1014,Clouds,normal
3470127,Bauru,1724441348,19.66,94,1009,Rain,storm_event
3470127,Bauru,1724527748,18.92,71,1014,Clear,normal
3470127,Bauru,1724614148,19.8,55,1008,Clear,pressure_drop
3470127,Bauru,1724700548,18.59,90,1010,Rain,normal
3470127,Bauru,1724786948,20.23,58,1014,Clear,normal
3470127,Bauru,1724873348,20.89,44,1013,Clear,normal
3470127,Bauru,1724959748,14.74,62,1009,Clouds,normal
3470127,Bauru,1725046148,17.43,53,1013,Clear,normal
3470127,Bauru,1725132548,17.68,44,1017,Clouds,normal
3470127,Bauru,1725218948,18.99,87,1016,Clouds,normal
3470127,Bauru,1725305348,22.82,49,1013,Clear,normal
3470127,Bauru,1725391748,18.84,58,1016,Clear,normal
3470127,Bauru,1725478148,21.04,64,1014,Clear,normal
3470127,Bauru,1725564548,26.02,81,1017,Rain,normal
3470127,Bauru,1725650948,18.87,50,1014,Clear,normal
3470127,Bauru,1725737348,23.68,56,1013,Clouds,normal
3470127,Bauru,1725823748,22.36,67,1016,Clouds,normal
3470127,Bauru,1725910148,20.45,82,1014,Clear,normal
3470127,Bauru,1725996548,20.75,74,1010,Rain,normal
3470127,Bauru,1726082948,26.02,56,1017,Clear,normal
3470127,Bauru,1726169348,24.1,55,1018,Clear,normal
3470127,Bauru,1726255748,24.86,83,1015,Clear,normal
3470127,Bauru,1726342148,19.86,55,1013,Rain,normal
3470127,Bauru,1726428548,23.3,48,1022,Clear,normal
3470127,Bauru,1726514948,17.53,47,1009,Clear,normal
3470127,Bauru,1726601348,18.78,95,1010,Thunderstorm,storm_event
3470127,Bauru,1726687748,22.53,40,1011,Clouds,normal
3470127,Bauru,1726774148,22.94,60,1008,Clouds,pressure_drop
3470127,Bauru,1726860548,25.21,66,1018,Clear,normal
3470127,Bauru,1726946948,22.54,53,1018,Clear,normal
3470127,Bauru,1727033348,18.42,40,1015,Clouds,normal
3470127,Bauru,1727119748,18.55,50,1013,Clear,normal
3470127,Bauru,1727206148,16.05,54,1011,Clear,normal
3470127,Bauru,1727292548,20.6,58,1014,Clear,normal
3470127,Bauru,1727378948,24.0,78,1016,Clouds,normal
3470127,Bauru,1727465348,18.48,69,1022,Clear,normal
3470127,Bauru,1727551748,19.55,49,1015,Clouds,normal
3470127,Bauru,1727638148,19.55,97,1015,Rain,extreme_humidity
3470127,Bauru,1727724548,21.51,72,1020,Clear,normal
3470127,Bauru,1727810948,21.41,92,1009,Drizzle,normal
3470127,Bauru,1727897348,19.18,97,1015,Clouds,extreme_humidity
3470127,Bauru,1727983748,19.13,82,1011,Clouds,normal
3470127,Bauru,1728070148,20.95,77,1019,Rain,normal
3470127,Bauru,1728156548,16.51,74,1015,Rain,normal
3470127,Bauru,1728242948,26.25,92,1017,Drizzle,normal
3470127,Bauru,1728329348,17.35,97,1009,Rain,storm_event
3470127,Bauru,1728415748,20.29,92,1009,Drizzle,normal
3470127,Bauru,1728502148,11.96,75,1019,Clear,cold_snap
3470127,Bauru,1728588548,19.25,60,1020,Clear,normal
3470127,Bauru,1728674948,20.13,51,1016,Clouds,normal
3470127,Bauru,1728761348,16.88,59,1015,Clear,normal
3470127,Bauru,1728847748,14.95,61,1015,Clouds,normal
3470127,Bauru,1728934148,23.33,65,1018,Clear,normal
3470127,Bauru,1729020548,14.95,92,1015,Rain,normal
3470127,Bauru,1729106948,20.76,81,1008,Drizzle,pressure_drop
3470127,Bauru,1729193348,18.72,73,1011,Clear,normal
3470127,Bauru,1729279748,21.57,87,1012,Clouds,normal
3470127,Bauru,1729366148,15.5,52,1010,Clouds,normal
3470127,Bauru,1729452548,15.37,79,1014,Clouds,normal
3470127,Bauru,1729538948,23.42,93,1009,Rain,storm_event
3470127,Bauru,1729625348,24.89,62,1009,Clouds,normal
3470127,Bauru,1729711748,21.29,55,1015,Drizzle,normal
3470127,Bauru,1729798148,21.35,92,1016,Rain,normal
3470127,Bauru,1729884548,21.51,88,1012,Rain,normal
3470127,Bauru,1729970948,16.55,93,1012,Thunderstorm,storm_event
3470127,Bauru,1730057348,11.96,71,1015,Rain,cold_snap
3470127,Bauru,1730143748,17.42,82,1018,Clear,normal
3470127,Bauru,1730230148,21.43,73,1009,Clouds,normal
3470127,Bauru,1730316548,18.53,69,1013,Clear,normal
3470127,Bauru,1730402948,19.01,79,1014,Clear,normal
3470127,Bauru,1730489348,19.91,78,1018,Rain,normal
3470127,Bauru,1730575748,23.07,69,1009,Clear,normal
3470127,Bauru,1730662148,16.88,53,1008,Clouds,pressure_drop
3470127,Bauru,1730748548,21.17,94,1009,Thunderstorm,storm_event
3470127,Bauru,1730834948,21.72,79,1012,Clouds,normal
3470127,Bauru,1730921348,23.9,56,1011,Rain,normal
3470127,Bauru,1731007748,21.4,68,1020,Clouds,normal
3470127,Bauru,1731094148,21.91,69,1009,Clear,normal
3470127,Bauru,1731180548,14.15,48,1015,Clear,cold_snap
3470127,Bauru,1731266948,16.31,98,1011,Rain,extreme_humidity
3470127,Bauru,1731353348,24.59,70,1016,Clouds,normal
3470127,Bauru,1731439748,16.86,80,1013,Rain,normal
3470127,Bauru,1731526148,20.28,67,1009,Rain,normal
3470127,Bauru,1731612548,26.73,61,1018,Clouds,normal
3470127,Bauru,1731698948,18.0,61,1015,Clouds,normal
3470127,Bauru,1731785348,22.66,92,1018,Clouds,normal
3470127,Bauru,1731871748,24.34,88,1013,Clouds,normal
3470127,Bauru,1731958148,17.27,65,1008,Rain,pressure_drop
3470127,Bauru,1732044548,22.06,61,1017,Clear,normal
3470127,Bauru,1732130948,15.89,93,1009,Rain,storm_event
3470127,Bauru,1732217348,20.91,92,1012,Thunderstorm,storm_event
3470127,Bauru,1732303748,20.39,80,1020,Rain,normal
3470127,Bauru,1732390148,25.22,84,1015,Clear,normal
3470127,Bauru,1732476548,21.1,89,1011,Thunderstorm,storm_event
3470127,Bauru,1732562948,24.53,45,1009,Clouds,normal
3470127,Bauru,1732649348,23.55,73,1011,Clear,normal
3470127,Bauru,1732735748,26.73,71,1012,Rain,normal
3470127,Bauru,1732822148,24.96,78,1011,Rain,normal
3470127,Bauru,1732908548,25.4,92,1012,Drizzle,normal
3470127,Bauru,1732994948,17.15,49,1014,Clouds,normal
3470127,Bauru,1733081348,25.67,92,1015,Clear,normal
3470127,Bauru,1733167748,25.87,44,1017,Clear,normal
3470127,Bauru,1733254148,26.38,64,1016,Clear,normal
3470127,Bauru,1733340548,27.91,92,1019,Clear,normal
3470127,Bauru,1733426948,23.81,72,1021,Clear,normal
3470127,Bauru,1733513348,23.57,74,1017,Clouds,normal
3470127,Bauru,1733599748,26.61,71,1013,Clouds,normal
3470127,Bauru,1733686148,18.95,63,1018,Clouds,cold_snap
3470127,Bauru,1733772548,27.46,66,1009,Clear,normal
3470127,Bauru,1733858948,24.54,86,1012,Clear,normal
3470127,Bauru,1733945348,24.08,98,1014,Rain,extreme_humidity
3470127,Bauru,1734031748,26.67,66,1014,Drizzle,normal
3470127,Bauru,1734118148,26.22,59,1016,Clear,normal
3470127,Bauru,1734204548,26.65,47,1019,Clear,normal
3470127,Bauru,1734290948,24.36,76,1018,Clouds,normal
3470127,Bauru,1734377348,29.63,40,1020,Clear,normal
3470127,Bauru,1734463748,28.68,89,1015,Clouds,normal
3470127,Bauru,1734550148,26.65,57,1013,Rain,normal
3470127,Bauru,1734636548,24.3,89,1019,Drizzle,normal
3470127,Bauru,1734722948,24.79,40,1013,Clouds,normal
3470127,Bauru,1734809348,29.3,59,1018,Rain,normal
3470127,Bauru,1734895748,25.35,71,1012,Drizzle,normal
3470127,Bauru,1734982148,21.34,68,1019,Clear,normal
3470127,Bauru,1735068548,24.06,67,1022,Rain,normal
3470127,Bauru,1735154948,29.25,58,1016,Clouds,normal
3470127,Bauru,1735241348,23.96,60,1018,Clear,normal
3470127,Bauru,1735327748,25.34,51,1014,Clouds,normal
3470127,Bauru,1735414148,27.6,92,1020,Rain,normal
3470127,Bauru,1735500548,23.0,83,1019,Clear,normal
3470127,Bauru,1735586948,26.92,53,1015,Clear,normal
3470127,Bauru,1735673348,28.43,56,1012,Clouds,normal
3470127,Bauru,1735759748,25.75,73,1019,Clouds,normal
3470127,Bauru,1735846148,28.08,78,1018,Clouds,normal
3470127,Bauru,1735932548,31.85,79,1016,Clear,normal
3470127,Bauru,1736018948,27.28,84,1011,Clear,normal
3470127,Bauru,1736105348,25.13,64,1017,Clear,normal
3470127,Bauru,1736191748,27.72,63,1017,Rain,normal
3470127,Bauru,1736278148,26.3,76,1008,Rain,pressure_drop
3470127,Bauru,1736364548,25.77,63,1009,Clear,normal
3470127,Bauru,1736450948,22.98,90,1014,Clear,normal
3470127,Bauru,1736537348,29.42,81,1015,Clear,normal
3470127,Bauru,1736623748,25.85,68,1013,Rain,normal
3470127,Bauru,1736710148,20.91,63,1015,Clear,normal
3470127,Bauru,1736796548,25.59,70,1019,Clouds,normal
3470127,Bauru,1736882948,26.27,77,1008,Clear,pressure_drop
3470127,Bauru,1736969348,31.63,81,1014,Rain,normal
3470127,Bauru,1737055748,23.89,74,1016,Clouds,normal
3470127,Bauru,1737142148,27.96,55,1013,Rain,normal
3470127,Bauru,1737228548,25.93,55,1021,Clear,normal
3470127,Bauru,1737314948,24.06,43,1013,Clear,normal
3470127,Bauru,1737401348,24.53,92,1009,Clouds,normal
3470127,Bauru,1737487748,26.0,64,1009,Clear,normal
3470127,Bauru,1737574148,26.9,77,1017,Clear,normal
3470127,Bauru,1737660548,20.91,64,1022,Clouds,normal
3470127,Bauru,1737746948,22.14,69,1011,Clouds,normal
3470127,Bauru,1737833348,31.85,86,1009,Rain,normal
3470127,Bauru,1737919748,25.61,72,1012,Clear,normal
3470127,Bauru,1738006148,24.08,62,1018,Clear,normal
3470127,Bauru,1738092548,24.33,83,1019,Clouds,normal
3470127,Bauru,1738178948,25.62,92,1018,Rain,normal
3470127,Bauru,1738265348,28.77,96,1008,Clouds,pressure_drop
3470127,Bauru,1738351748,25.37,92,1018,Clouds,normal
3470127,Bauru,1738438148,18.52,50,1019,Clear,cold_snap
3470127,Bauru,1738524548,25.86,42,1020,Clear,normal
3470127,Bauru,1738610948,24.16,63,1015,Clear,normal
3470127,Bauru,1738697348,29.44,84,1015,Clear,normal
3470127,Bauru,1738783748,26.11,55,1016,Clouds,normal
3470127,Bauru,1738870148,32.22,70,1014,Clouds,normal
3470127,Bauru,1738956548,25.37,97,1013,Thunderstorm,storm_event
3470127,Bauru,1739042948,29.7,40,1019,Clear,normal
3470127,Bauru,1739129348,22.94,44,1014,Clear,normal
3470127,Bauru,1739215748,29.46,92,1016,Rain,normal
3470127,Bauru,1739302148,21.69,66,1011,Clear,normal
3470127,Bauru,1739388548,26.64,86,1016,Clear,normal
3470127,Bauru,1739474948,26.96,50,1008,Clouds,pressure_drop
3470127,Bauru,1739561348,26.86,75,1016,Rain,normal
3470127,Bauru,1739647748,27.63,69,1011,Rain,normal
3470127,Bauru,1739734148,22.63,89,1013,Clouds,normal
3470127,Bauru,1739820548,32.22,45,1018,Clear,normal
3470127,Bauru,1739906948,27.87,59,1009,Clouds,normal
3470127,Bauru,1739993348,31.64,78,1008,Drizzle,pressure_drop
3470127,Bauru,1740079748,30.99,61,1014,Clear,normal
3470127,Bauru,1740166148,25.36,83,1011,Clouds,normal
3470127,Bauru,1740252548,30.18,73,1019,Clear,normal
3470127,Bauru,1740338948,23.97,73,1013,Clear,normal
3470127,Bauru,1740425348,27.42,67,1017,Clear,normal
3470127,Bauru,1740511748,26.2,61,1019,Clear,normal
3470127,Bauru,1740598148,27.88,76,1017,Clear,normal
3470127,Bauru,1740684548,24.63,73,1018,Rain,normal
3470127,Bauru,1740770948,27.58,52,1014,Clear,normal
3470127,Bauru,1740857348,23.84,70,1016,Clear,normal
3470127,Bauru,1740943748,27.94,71,1012,Clear,normal
3470127,Bauru,1741030148,24.72,47,1019,Clouds,normal
3470127,Bauru,1741116548,25.14,72,1016,Clouds,normal
3470127,Bauru,1741202948,23.41,56,1013,Clouds,normal
3470127,Bauru,1741289348,24.62,47,1015,Clear,normal
3470127,Bauru,1741375748,26.13,93,1009,Rain,storm_event
3470127,Bauru,1741462148,23.15,55,1009,Drizzle,normal
3470127,Bauru,1741548548,24.43,68,1014,Clouds,normal
3470127,Bauru,1741634948,24.45,56,1022,Clear,normal
3470127,Bauru,1741721348,31.51,36,1019,Clear,drought
3470127,Bauru,1741807748,28.93,61,1020,Clouds,normal
3470127,Bauru,1741894148,25.27,71,1017,Clouds,normal
3470127,Bauru,1741980548,21.63,86,1013,Rain,normal
3470127,Bauru,1742066948,25.3,60,1010,Clear,normal
3470127,Bauru,1742153348,23.64,86,1008,Clouds,pressure_drop
3470127,Bauru,1742239748,22.6,55,1013,Clouds,normal
3470127,Bauru,1742326148,25.52,51,1019,Clouds,normal
3470127,Bauru,1742412548,27.02,77,1012,Rain,normal
3470127,Bauru,1742498948,27.13,66,1022,Rain,normal
3470127,Bauru,1742585348,24.98,92,1017,Rain,normal
3470127,Bauru,1742671748,25.65,67,1015,Clear,normal
3470127,Bauru,1742758148,21.89,90,1019,Clear,normal
3470127,Bauru,1742844548,27.32,63,1008,Clouds,pressure_drop
3470127,Bauru,1742930948,25.01,74,1018,Clear,normal
3470127,Bauru,1743017348,23.54,90,1011,Rain,normal
3470127,Bauru,1743103748,26.9,92,1014,Rain,normal
3470127,Bauru,1743190148,24.28,76,1019,Clouds,normal
3470127,Bauru,1743276548,26.89,92,1014,Clouds,normal
3470127,Bauru,1743362948,24.87,62,1010,Rain,normal
3470127,Bauru,1743449348,25.42,74,1012,Clear,normal
3470127,Bauru,1743535748,20.48,63,1010,Clear,normal
3470127,Bauru,1743622148,19.26,71,1014,Clear,normal
3470127,Bauru,1743708548,21.51,57,1018,Clouds,normal
3470127,Bauru,1743794948,18.3,66,1009,Rain,normal
3470127,Bauru,1743881348,16.8,92,1009,Clear,normal
3470127,Bauru,1743967748,16.45,92,1015,Rain,normal
3470127,Bauru,1744054148,10.79,67,1016,Clouds,cold_snap
3470127,Bauru,1744140548,19.12,73,1008,Clouds,pressure_drop
3470127,Bauru,1744226948,16.88,51,1012,Clear,normal
3470127,Bauru,1744313348,24.61,75,1008,Rain,pressure_drop
3470127,Bauru,1744399748,21.38,58,1021,Clouds,normal
3470127,Bauru,1744486148,18.99,73,1015,Clear,normal
3470127,Bauru,1744572548,22.17,91,1017,Clear,normal
3470127,Bauru,1744658948,25.42,76,1011,Clear,normal
3470127,Bauru,1744745348,19.94,62,1015,Clear,normal
3470127,Bauru,1744831748,20.7,92,1016,Clouds,normal
3470127,Bauru,1744918148,22.19,87,1016,Rain,normal
3470127,Bauru,1745004548,25.27,92,1013,Clouds,normal
3470127,Bauru,1745090948,11.0,75,1015,Rain,cold_snap
3470127,Bauru,1745177348,19.35,68,1015,Clear,normal
3470127,Bauru,1745263748,18.75,51,1013,Clear,normal
3470127,Bauru,1745350148,22.06,91,1019,Clouds,normal
3470127,Bauru,1745436548,18.97,79,1016,Rain,normal
3470127,Bauru,1745522948,21.57,50,1018,Clear,normal
3470127,Bauru,1745609348,22.02,72,1019,Clouds,normal
3470127,Bauru,1745695748,24.0,87,1015,Clear,normal
3470127,Bauru,1745782148,22.17,65,1012,Rain,normal
3470127,Bauru,1745868548,21.83,71,1016,Clouds,normal
3470127,Bauru,1745954948,16.7,49,1017,Clouds,normal
3470127,Bauru,1746041348,18.72,85,1013,Clear,normal
3470127,Bauru,1746127748,18.08,61,1013,Clear,normal
3470127,Bauru,1746214148,20.47,77,1017,Clear,normal
3470127,Bauru,1746300548,20.31,44,1017,Clear,normal
3470127,Bauru,1746386948,22.92,77,1010,Rain,normal
3470127,Bauru,1746473348,21.36,69,1008,Drizzle,pressure_drop
3470127,Bauru,1746559748,21.24,65,1012,Clear,normal
3470127,Bauru,1746646148,20.37,94,1013,Thunderstorm,storm_event
3470127,Bauru,1746732548,17.26,61,1022,Clouds,normal
3470127,Bauru,1746818948,19.15,96,1009,Rain,storm_event
3470127,Bauru,1746905348,19.86,65,1011,Clear,normal
3470127,Bauru,1746991748,15.75,88,1016,Rain,normal
3470127,Bauru,1747078148,19.58,68,1018,Clear,normal
3470127,Bauru,1747164548,17.71,74,1016,Clouds,normal
3470127,Bauru,1747250948,16.46,92,1016,Rain,normal
3470127,Bauru,1747337348,23.01,51,1017,Clouds,normal
3470127,Bauru,1747423748,18.15,79,1012,Rain,normal
3470127,Bauru,1747510148,16.22,81,1021,Clear,normal
3470127,Bauru,1747596548,24.2,79,1016,Rain,normal
3470127,Bauru,1747682948,22.56,52,1013,Clear,normal
3470127,Bauru,1747769348,20.46,93,1009,Rain,storm_event
3470127,Bauru,1747855748,23.72,60,1022,Clear,normal
3470127,Bauru,1747942148,27.68,35,1017,Clear,drought
3470127,Bauru,1748028548,20.76,56,1014,Clear,normal
3470127,Bauru,1748114948,23.33,52,1014,Clouds,normal
3470127,Bauru,1748201348,22.67,58,1009,Clear,normal
3470127,Bauru,1748287748,18.94,66,1019,Clear,normal
3470127,Bauru,1748374148,20.91,55,1019,Clear,normal
3470127,Bauru,1748460548,20.99,61,1017,Drizzle,normal
3470127,Bauru,1748546948,21.49,75,1022,Clear,normal
3470127,Bauru,1748633348,21.05,64,1016,Clear,normal
3470127,Bauru,1748719748,18.56,91,1010,Rain,normal
3470127,Bauru,1748806148,19.75,77,1016,Drizzle,normal
3470127,Bauru,1748892548,15.63,93,1009,Rain,storm_event
3470127,Bauru,1748978948,17.92,79,1015,Drizzle,normal
3470127,Bauru,1749065348,19.45,65,1017,Clear,normal
3470127,Bauru,1749151748,12.18,86,1014,Clear,normal
3470127,Bauru,1749238148,16.24,53,1017,Clear,normal
3470127,Bauru,1749324548,20.87,78,1016,Clear,normal
3470127,Bauru,1749410948,13.74,67,1015,Clouds,normal
3470127,Bauru,1749497348,12.18,57,1018,Clear,normal
3470127,Bauru,1749583748,16.16,44,1019,Clear,normal
3470127,Bauru,1749670148,20.56,89,1019,Clouds,normal
3470127,Bauru,1749756548,16.11,60,1022,Clear,normal
3470127,Bauru,1749842948,20.45,75,1013,Clear,normal
3470127,Bauru,1749929348,20.81,82,1013,Drizzle,normal
3470127,Bauru,1750015748,16.02,77,1022,Clear,normal
3470127,Bauru,1750102148,22.56,67,1014,Rain,normal
3470127,Bauru,1750188548,21.08,68,1018,Clouds,normal
3470127,Bauru,1750274948,22.01,54,1019,Clear,normal
3470127,Bauru,1750361348,20.4,92,1019,Clear,normal
3470127,Bauru,1750447748,19.14,40,1014,Clear,normal
3470127,Bauru,1750534148,19.27,56,1012,Clouds,normal
3470127,Bauru,1750620548,20.79,68,1022,Clear,normal
3470127,Bauru,1750706948,19.39,73,1014,Clear,normal
3470127,Bauru,1750793348,14.96,40,1014,Clouds,normal
3470127,Bauru,1750879748,20.47,50,1017,Clouds,normal
3470127,Bauru,1750966148,18.38,83,1015,Clouds,normal
3470127,Bauru,1751052548,18.74,66,1010,Clear,normal
3470127,Bauru,1751138948,16.74,60,1014,Clear,normal
3470127,Bauru,1751225348,16.7,80,1018,Clouds,normal
3470127,Bauru,1751311748,15.12,60,1009,Drizzle,normal
3470127,Bauru,1751398148,14.06,93,1009,Rain,storm_event
3470127,Bauru,1751484548,16.93,58,1011,Clouds,normal
3470127,Bauru,1751570948,18.06,87,1011,Clear,normal
3470127,Bauru,1751657348,14.49,77,1015,Rain,normal
3470127,Bauru,1751743748,19.19,65,1019,Drizzle,normal
3470127,Bauru,1751830148,16.28,44,1012,Clear,normal
3470127,Bauru,1751916548,12.53,53,1019,Clouds,normal
3470127,Bauru,1752002948,18.96,59,1016,Rain,normal
3470127,Bauru,1752089348,18.85,63,1008,Clear,pressure_drop
3470127,Bauru,1752175748,18.83,40,1009,Clouds,normal
3470127,Bauru,1752262148,14.38,69,1015,Rain,normal
3470127,Bauru,1752348548,18.31,61,1017,Clear,normal
3470127,Bauru,1752434948,13.0,54,1009,Clouds,normal
3470127,Bauru,1752521348,17.99,65,1015,Rain,normal
3470127,Bauru,1752607748,13.57,61,1011,Clouds,normal
3470127,Bauru,1752694148,19.67,55,1016,Rain,normal
3470127,Bauru,1752780548,15.18,65,1014,Clouds,normal
3470127,Bauru,1752866948,19.13,79,1022,Clouds,normal
3470127,Bauru,1752953348,16.63,73,1021,Rain,normal
3470127,Bauru,1753039748,14.29,40,1013,Clear,normal
3470127,Bauru,1753126148,15.31,75,1015,Clear,normal
3470127,Bauru,1753212548,17.34,76,1013,Rain,normal
3470127,Bauru,1753298948,19.35,61,1015,Rain,normal
3470127,Bauru,1753385348,13.27,50,1021,Clear,normal
3470127,Bauru,1753471748,16.22,53,1014,Clear,normal
3470127,Bauru,1753558148,14.76,98,1016,Drizzle,extreme_humidity
3470127,Bauru,1753644548,14.49,65,1015,Clouds,normal
3470127,Bauru,1753730948,18.19,69,1009,Clouds,normal
3470127,Bauru,1753817348,15.45,78,1022,Clear,normal
3470127,Bauru,1753903748,15.25,86,1013,Clear,normal
3470127,Bauru,1753990148,15.73,56,1022,Clear,normal
3470127,Bauru,1754076548,22.11,67,1014,Clouds,normal
3470127,Bauru,1754162948,20.31,80,1011,Rain,normal
3470127,Bauru,1754249348,14.54,73,1014,Clear,normal
3470127,Bauru,1754335748,16.5,61,1012,Clear,normal
3470127,Bauru,1754422148,15.78,74,1012,Clear,normal
3470127,Bauru,1754508548,15.26,97,1013,Thunderstorm,storm_event
3470127,Bauru,1754594948,15.64,43,1010,Clear,normal
3470127,Bauru,1754681348,18.15,66,1011,Clear,normal
3470127,Bauru,1754767748,18.69,90,1016,Rain,normal
3470127,Bauru,1754854148,19.0,76,1012,Clouds,normal
3470127,Bauru,1754940548,22.73,92,1014,Clear,normal
3470127,Bauru,1755026948,16.72,96,1013,Thunderstorm,storm_event
3470127,Bauru,1755113348,15.55,69,1020,Clear,normal
3470127,Bauru,1755199748,22.86,79,1011,Clear,normal
3470127,Bauru,1755286148,15.23,80,1019,Clouds,normal
3470127,Bauru,1755372548,19.05,68,1008,Clouds,pressure_drop
3470127,Bauru,1755458948,21.9,50,1017,Clouds,normal
3470127,Bauru,1755545348,13.43,97,1011,Rain,extreme_humidity
3470127,Bauru,1755631748,15.91,94,1012,Thunderstorm,storm_event
3470127,Bauru,1755718148,12.47,92,1013,Rain,normal
3470127,Bauru,1755804548,17.31,56,1016,Clear,normal
3470127,Bauru,1755890948,16.45,89,1015,Clouds,normal
3470127,Bauru,1755977348,15.78,70,1011,Clouds,normal
3470127,Bauru,1756063748,16.11,58,1018,Clear,normal
3470127,Bauru,1756150148,11.79,92,1017,Clouds,normal
3470127,Bauru,1756236548,13.02,97,1009,Rain,extreme_humidity
3470127,Bauru,1756322948,12.52,47,1013,Clear,normal
3470127,Bauru,1756409348,18.9,77,1016,Clear,normal
3470127,Bauru,1756495748,18.18,92,1009,Clear,normal
3470127,Bauru,1756582148,18.11,98,1013,Rain,extreme_humidity
3470127,Bauru,1756668548,18.38,54,1009,Clouds,normal
3470127,Bauru,1756754948,17.64,61,1013,Drizzle,normal
3470127,Bauru,1756841348,19.04,77,1013,Clear,normal
3470127,Bauru,1756927748,22.04,64,1015,Clear,normal
3470127,Bauru,1757014148,20.61,84,1009,Rain,normal
3470127,Bauru,1757100548,18.87,58,1012,Clear,normal
3470127,Bauru,1757186948,14.03,48,1015,Rain,cold_snap
3470127,Bauru,1757273348,26.02,48,1012,Clear,normal
3470127,Bauru,1757359748,25.13,58,1011,Clear,normal
3470127,Bauru,1757446148,21.76,84,1009,Rain,normal
3470127,Bauru,1757532548,22.08,75,1014,Clear,normal
3470127,Bauru,1757618948,21.77,56,1017,Clear,normal
3470127,Bauru,1757705348,25.13,77,1014,Clouds,normal
3470127,Bauru,1757791748,21.34,61,1019,Clear,normal
3470127,Bauru,1757878148,16.95,71,1015,Rain,normal
3470127,Bauru,1757964548,19.28,63,1012,Clear,normal
3470127,Bauru,1758050948,18.76,93,1009,Rain,storm_event
3470127,Bauru,1758137348,23.96,55,1011,Drizzle,normal
3470127,Bauru,1758223748,19.06,85,1011,Clouds,normal
3470127,Bauru,1758310148,22.16,63,1010,Clouds,normal
3470127,Bauru,1758396548,25.31,38,1016,Clouds,drought
3470127,Bauru,1758482948,19.88,56,1013,Rain,normal
3470127,Bauru,1758569348,20.22,69,1009,Clear,normal
3470127,Bauru,1758655748,16.08,58,1013,Clear,normal
3470127,Bauru,1758742148,21.46,72,1014,Clouds,normal
3470127,Bauru,1758828548,24.38,90,1016,Clouds,normal
3470127,Bauru,1758914948,20.07,69,1015,Clouds,normal
3470127,Bauru,1759001348,22.45,62,1008,Clear,pressure_drop
3470127,Bauru,1759087748,19.0,63,1012,Rain,normal
3470127,Bauru,1759174148,20.37,71,1012,Rain,normal
3470127,Bauru,1759260548,22.1,88,1017,Clear,normal
3470127,Bauru,1759346948,19.26,66,1016,Clouds,normal
3470127,Bauru,1759433348,19.27,54,1008,Drizzle,pressure_drop
3470127,Bauru,1759519748,14.95,92,1016,Clear,normal
3470127,Bauru,1759606148,11.96,75,1018,Clouds,cold_snap
3470127,Bauru,1759692548,11.96,69,1015,Clouds,cold_snap
3470127,Bauru,1759778948,14.95,90,1011,Rain,normal
3470127,Bauru,1759865348,16.81,74,1013,Clear,normal
3470127,Bauru,1759951748,21.61,92,1014,Rain,normal
3470127,Bauru,1760038148,23.11,56,1014,Rain,normal
3470127,Bauru,1760124548,17.64,50,1009,Clouds,normal
3470127,Bauru,1760210948,24.93,79,1008,Rain,pressure_drop
3470127,Bauru,1760297348,19.59,97,1012,Rain,extreme_humidity
3470127,Bauru,1760383748,25.11,82,1009,Rain,normal
3470127,Bauru,1760470148,20.15,92,1009,Rain,normal
3470127,Bauru,1760556548,16.26,50,1018,Clouds,normal
3470127,Bauru,1760642948,18.06,96,1008,Rain,pressure_drop
3470127,Bauru,1760729348,21.77,47,1015,Clouds,normal
3470127,Bauru,1760815748,18.53,88,1008,Clear,pressure_drop
3470127,Bauru,1760902148,19.92,97,1019,Drizzle,extreme_humidity
3470127,Bauru,1760988548,21.59,54,1010,Clouds,normal
3470127,Bauru,1761074948,23.45,68,1013,Clear,normal
3470127,Bauru,1761161348,16.58,79,1015,Rain,normal
3470127,Bauru,1761247748,25.68,92,1010,Drizzle,normal
3470127,Bauru,1761334148,19.35,62,1015,Clear,normal
3470127,Bauru,1761420548,23.18,73,1009,Clouds,normal
3470127,Bauru,1761506948,21.93,65,1008,Clouds,pressure_drop
3470127,Bauru,1761593348,26.53,92,1013,Clouds,normal
3470127,Bauru,1761679748,16.83,76,1013,Clear,normal
3470127,Bauru,1761766148,19.12,79,1014,Clouds,normal
3470127,Bauru,1761852548,20.11,72,1008,Clouds,pressure_drop
3470127,Bauru,1761938948,18.26,95,1009,Rain,storm_event
3470127,Bauru,1762025348,19.12,64,1019,Clouds,normal
3470127,Bauru,1762111748,22.05,56,1010,Clear,normal
3470127,Bauru,1762198148,21.82,79,1013,Rain,normal
3470127,Bauru,1762284548,16.86,80,1018,Drizzle,normal
3470127,Bauru,1762370948,21.1,68,1015,Clouds,normal
3470127,Bauru,1762457348,20.27,91,1018,Drizzle,normal
3470127,Bauru,1762543748,18.25,88,1015,Rain,normal
3470127,Bauru,1762630148,20.3,41,1013,Clouds,normal
3470127,Bauru,1762716548,22.49,75,1018,Clear,normal
3470127,Bauru,1762802948,21.59,57,1016,Clouds,normal
3470127,Bauru,1762889348,19.34,80,1018,Rain,normal
3470127,Bauru,1762975748,28.16,36,1016,Clouds,drought
3470127,Bauru,1763062148,21.95,86,1015,Clouds,normal
3470127,Bauru,1763148548,22.78,79,1015,Rain,normal
3470127,Bauru,1763234948,21.03,54,1016,Clouds,normal
3470127,Bauru,1763321348,21.11,92,1011,Rain,normal
3470127,Bauru,1763407748,20.37,49,1009,Clouds,normal
3470127,Bauru,1763494148,26.25,60,1017,Clouds,normal
3470127,Bauru,1763580548,18.64,97,1013,Clouds,extreme_humidity
3470127,Bauru,1763666948,17.42,92,1013,Clouds,normal
3470127,Bauru,1763753348,25.72,73,1011,Clouds,normal
3470127,Bauru,1763839748,16.96,64,1021,Clear,normal
3470127,Bauru,1763926148,19.62,92,1014,Clouds,normal
3470127,Bauru,1764012548,22.82,68,1009,Drizzle,normal
3470127,Bauru,1764098948,22.66,89,1011,Clouds,normal
3470127,Bauru,1764185348,19.99,71,1008,Drizzle,pressure_drop
3470127,Bauru,1764271748,18.86,86,1017,Clouds,normal
3470127,Bauru,1764358148,22.14,65,1009,Clear,normal
3470127,Bauru,1764444548,21.32,64,1017,Clear,normal
3470127,Bauru,1764530948,20.32,61,1016,Rain,normal
3470127,Bauru,1764617348,22.28,56,1018,Clear,normal
3470127,Bauru,1764703748,25.07,53,1022,Clear,normal
3470127,Bauru,1764790148,23.32,72,1014,Rain,normal
3470127,Bauru,1764876548,31.81,37,1015,Clear,drought
3470127,Bauru,1764962948,25.97,71,1015,Rain,normal
3470127,Bauru,1765049348,28.74,74,1015,Clear,normal
3470127,Bauru,1765135748,26.61,68,1015,Clouds,normal
3470127,Bauru,1765222148,30.76,68,1015,Clear,normal
3470127,Bauru,1765308548,25.84,58,1014,Clear,normal
3470127,Bauru,1765394948,29.33,92,1018,Clear,normal
3470127,Bauru,1765481348,28.42,59,1018,Rain,normal
3470127,Bauru,1765567748,30.71,57,1015,Clear,normal
3470127,Bauru,1765654148,22.36,75,1019,Clouds,normal
3470127,Bauru,1765740548,26.16,82,1018,Clouds,normal
3470127,Bauru,1765826948,20.08,61,1016,Clear,normal
3470127,Bauru,1765913348,25.17,66,1013,Rain,normal
3470127,Bauru,1765999748,28.98,55,1013,Drizzle,normal
3470127,Bauru,1766086148,22.9,93,1009,Rain,storm_event
3470127,Bauru,1766172548,29.66,62,1015,Clouds,normal
3470127,Bauru,1766258948,24.8,63,1015,Clear,normal
3470127,Bauru,1766345348,26.3,40,1016,Clouds,normal
3470127,Bauru,1766431748,23.79,97,1016,Rain,extreme_humidity
3470127,Bauru,1766518148,27.82,72,1009,Clouds,normal
3470127,Bauru,1766604548,26.46,57,1015,Clouds,normal
3470127,Bauru,1766690948,26.36,77,1014,Clouds,normal
3470127,Bauru,1766777348,26.13,85,1020,Clear,normal
3470127,Bauru,1766863748,31.34,81,1020,Clear,normal
3470127,Bauru,1766950148,25.32,96,1009,Rain,storm_event
3470127,Bauru,1767036548,23.88,72,1017,Clear,normal
3470127,Bauru,1767122948,27.07,66,1018,Clear,normal
3470127,Bauru,1767209348,21.51,66,1015,Clear,normal
3470127,Bauru,1767295748,25.16,85,1015,Clouds,normal
3470127,Bauru,1767382148,23.6,63,1013,Clouds,normal
3470127,Bauru,1767468548,22.92,43,1013,Clear,normal
3470127,Bauru,1767554948,24.02,71,1013,Clouds,normal
3470127,Bauru,1767641348,28.86,77,1015,Clouds,normal
3470127,Bauru,1767727748,25.77,53,1020,Clouds,normal
3470127,Bauru,1767814148,27.43,73,1015,Rain,normal
3470127,Bauru,1767900548,27.43,80,1018,Clear,normal
3470127,Bauru,1767986948,27.31,85,1014,Rain,normal
3470127,Bauru,1768073348,27.92,92,1016,Clear,normal
3470127,Bauru,1768159748,17.58,70,1017,Rain,cold_snap
3470127,Bauru,1768246148,22.35,77,1020,Rain,normal
3470127,Bauru,1768332548,25.56,62,1017,Clear,normal
3470127,Bauru,1768418948,28.34,96,1008,Drizzle,pressure_drop
3470127,Bauru,1768505348,25.62,74,1018,Clear,normal
3470127,Bauru,1768591748,23.31,97,1013,Rain,extreme_humidity
3470127,Bauru,1768678148,25.9,61,1017,Clear,normal
3470127,Bauru,1768764548,24.63,81,1017,Clear,normal
3470127,Bauru,1768850948,17.58,49,1018,Clouds,cold_snap
3470127,Bauru,1768937348,17.58,72,1022,Clouds,cold_snap
3470127,Bauru,1769023748,29.61,59,1009,Clouds,normal
3470127,Bauru,1769110148,26.01,92,1015,Clear,normal
3470127,Bauru,1769196548,29.19,57,1016,Clear,normal
3470127,Bauru,1769282948,23.66,89,1019,Clear,normal
3470127,Bauru,1769369348,24.98,96,1008,Clouds,pressure_drop
3470127,Bauru,1769455748,30.02,90,1011,Thunderstorm,storm_event
3470127,Bauru,1769542148,29.47,80,1013,Clear,normal
3470127,Bauru,1769628548,25.3,91,1019,Clear,normal
3470127,Bauru,1769714948,28.76,66,1017,Clear,normal
3470127,Bauru,1769801348,27.74,56,1019,Clouds,normal
3470127,Bauru,1769887748,26.29,61,1009,Clouds,normal
3470127,Bauru,1769974148,32.22,85,1019,Rain,normal
3470127,Bauru,1770060548,26.19,76,1014,Rain,normal
3470127,Bauru,1770146948,26.53,84,1020,Rain,normal
3470127,Bauru,1770233348,26.63,83,1014,Clouds,normal
3470127,Bauru,1770319748,32.22,68,1015,Clouds,normal
3470127,Bauru,1770406148,27.05,71,1015,Clear,normal
3470127,Bauru,1770492548,23.45,76,1012,Clouds,normal
3470127,Bauru,1770578948,22.86,63,1016,Clear,normal
3470127,Bauru,1770665348,25.69,70,1010,Clear,normal
3470127,Bauru,1770751748,23.89,98,1017,Drizzle,extreme_humidity
3470127,Bauru,1770838148,27.11,57,1009,Clouds,normal
3470127,Bauru,1770924548,27.85,77,1016,Clear,normal
3470127,Bauru,1771010948,29.31,69,1012,Rain,normal
3470127,Bauru,1771097348,25.6,72,1011,Clear,normal
3470127,Bauru,1771183748,24.07,74,1017,Clear,normal
3470127,Bauru,1771270148,25.38,98,1017,Drizzle,extreme_humidity
3470127,Bauru,1771356548,30.31,91,1013,Thunderstorm,storm_event
3470127,Bauru,1771442948,28.0,92,1022,Clear,normal
3470127,Bauru,1771529348,30.01,75,1017,Clear,normal
3470127,Bauru,1771615748,23.79,53,1022,Clear,normal
3470127,Bauru,1771702148,22.36,65,1009,Rain,normal
3470127,Bauru,1771788548,28.06,78,1018,Rain,normal
3470127,Bauru,1771874948,27.34,51,1013,Clear,normal
3470127,Bauru,1771961348,27.48,87,1016,Clear,normal
3470127,Bauru,1772047748,27.45,76,1014,Rain,normal
3470127,Bauru,1772134148,27.3,59,1021,Clouds,normal
3470127,Bauru,1772220548,30.24,72,1008,Clouds,pressure_drop
3470127,Bauru,1772306948,29.15,40,1012,Clear,normal
3470127,Bauru,1772393348,31.18,70,1017,Clear,normal
3470127,Bauru,1772479748,23.15,40,1022,Clouds,normal
3470127,Bauru,1772566148,24.89,75,1019,Rain,normal
3470127,Bauru,1772652548,31.18,49,1018,Clouds,normal
3470127,Bauru,1772738948,30.33,72,1014,Clouds,normal
3470127,Bauru,1772825348,25.15,71,1020,Clear,normal
3470127,Bauru,1772911748,23.86,60,1014,Clear,normal
3470127,Bauru,1772998148,23.54,74,1015,Clouds,normal
3470127,Bauru,1773084548,26.92,47,1018,Clouds,normal
3470127,Bauru,1773170948,26.67,66,1015,Clear,normal
3470127,Bauru,1773257348,26.36,50,1021,Clear,normal
3470127,Bauru,1773343748,26.28,92,1012,Drizzle,normal
3470127,Bauru,1773430148,21.02,68,1017,Clouds,normal
3470127,Bauru,1773516548,30.22,38,1020,Clear,drought
3470127,Bauru,1773602948,24.57,86,1008,Rain,pressure_drop
3470127,Bauru,1773689348,24.5,67,1017,Clouds,normal
3470127,Bauru,1773775748,31.18,64,1013,Clear,normal
3470127,Bauru,1773862148,24.44,58,1016,Clouds,normal
3470127,Bauru,1773948548,24.24,92,1017,Rain,normal
3470127,Bauru,1774034948,23.8,59,1016,Clouds,normal
3470127,Bauru,1774121348,24.6,98,1014,Drizzle,extreme_humidity
3470127,Bauru,1774207748,24.22,43,1012,Clear,normal
3470127,Bauru,1774294148,31.18,71,1017,Clouds,normal
3470127,Bauru,1774380548,23.26,92,1013,Rain,normal
3470127,Bauru,1774466948,25.47,89,1013,Thunderstorm,storm_event
3470127,Bauru,1774553348,26.71,78,1022,Clear,normal
3470127,Bauru,1774639748,27.03,97,1019,Rain,extreme_humidity
3470127,Bauru,1774726148,25.92,60,1017,Clouds,normal
3470127,Bauru,1774812548,28.52,89,1015,Clouds,normal
3470127,Bauru,1774898948,23.24,75,1016,Clear,normal
3470127,Bauru,1774985348,31.18,41,1012,Clouds,normal
3470127,Bauru,1775071748,22.34,59,1012,Clear,normal
3470127,Bauru,1775158148,18.12,80,1008,Clouds,pressure_drop
3470127,Bauru,1775244548,22.11,88,1014,Clouds,normal
3470127,Bauru,1775330948,21.08,97,1009,Rain,storm_event
3470127,Bauru,1775417348,21.96,43,1012,Clouds,normal
3470127,Bauru,1775503748,21.82,81,1016,Clear,normal
3470127,Bauru,1775590148,23.06,58,1019,Clear,normal
3470127,Bauru,1775676548,18.31,74,1008,Clouds,pressure_drop
3470127,Bauru,1775762948,17.53,56,1014,Clear,normal
3470127,Bauru,1775849348,16.12,62,1015,Clear,normal
3470127,Bauru,1775935748,18.08,40,1018,Clouds,normal
3470127,Bauru,1776022148,19.62,93,1009,Rain,storm_event
3470127,Bauru,1776108548,20.81,89,1015,Rain,normal
3470127,Bauru,1776194948,21.22,47,1013,Clear,normal
3470127,Bauru,1776281348,22.57,68,1017,Clear,normal
3470127,Bauru,1776367748,18.95,58,1017,Clear,normal
3470127,Bauru,1776454148,15.39,78,1011,Clouds,normal
3470127,Bauru,1776540548,17.44,70,1009,Clouds,normal
3470127,Bauru,1776626948,18.13,60,1017,Rain,normal
3470127,Bauru,1776713348,22.61,94,1009,Rain,storm_event
3470127,Bauru,1776799748,23.91,89,1018,Clear,normal
3470127,Bauru,1776886148,19.84,75,1008,Clouds,pressure_drop
3470127,Bauru,1776972548,10.58,61,1021,Clear,cold_snap
3470127,Bauru,1777058948,18.82,64,1018,Clouds,normal
3470127,Bauru,1777145348,21.8,73,1009,Clear,normal
3470127,Bauru,1777231748,19.77,74,1011,Clouds,normal
3470127,Bauru,1777318148,19.68,88,1009,Clear,normal
3470127,Bauru,1777404548,25.3,48,1013,Clouds,normal
3470127,Bauru,1777490948,19.71,67,1020,Clear,normal
3470127,Bauru,1777577348,17.01,42,1016,Clouds,normal
3470127,Bauru,1777663748,19.01,83,1010,Clouds,normal
3470127,Bauru,1777750148,22.84,49,1020,Clear,normal
3470127,Bauru,1777836548,20.86,67,1009,Rain,normal
3470127,Bauru,1777922948,18.13,57,1014,Clouds,normal
3470127,Bauru,1778009348,12.19,62,1019,Clouds,cold_snap
3470127,Bauru,1778095748,25.84,60,1016,Rain,normal
3470127,Bauru,1778182148,21.23,74,1015,Clear,normal
3470127,Bauru,1778268548,20.35,90,1018,Clouds,normal
3470127,Bauru,1778354948,11.02,59,1019,Rain,cold_snap
3470127,Bauru,1778441348,22.41,59,1015,Clear,normal
3470127,Bauru,1778527748,20.5,74,1018,Clear,normal
3470127,Bauru,1778614148,20.07,47,1012,Clouds,normal
3470127,Bauru,1778700548,22.73,52,1017,Clouds,normal
3464359,Franca,1715714948,17.6,98,1009,Rain,storm_event
3464359,Franca,1715801348,22.19,54,1021,Clouds,normal
3464359,Franca,1715887748,21.49,68,1013,Clear,normal
3464359,Franca,1715974148,23.6,77,1014,Clear,normal
3464359,Franca,1716060548,20.21,79,1010,Clear,normal
3464359,Franca,1716146948,17.57,93,1009,Rain,storm_event
3464359,Franca,1716233348,22.03,65,1017,Clear,normal
3464359,Franca,1716319748,20.42,68,1013,Rain,normal
3464359,Franca,1716406148,16.2,60,1017,Clouds,normal
3464359,Franca,1716492548,16.8,77,1011,Clear,normal
3464359,Franca,1716578948,22.24,54,1019,Clouds,normal
3464359,Franca,1716665348,21.54,92,1015,Drizzle,normal
3464359,Franca,1716751748,17.95,74,1013,Rain,normal
3464359,Franca,1716838148,21.34,66,1014,Clouds,normal
3464359,Franca,1716924548,21.5,79,1022,Clouds,normal
3464359,Franca,1717010948,19.01,55,1010,Rain,normal
3464359,Franca,1717097348,19.58,83,1011,Rain,normal
3464359,Franca,1717183748,21.73,68,1008,Clouds,pressure_drop
3464359,Franca,1717270148,16.87,96,1013,Thunderstorm,storm_event
3464359,Franca,1717356548,19.35,63,1015,Clouds,normal
3464359,Franca,1717442948,17.98,78,1013,Drizzle,normal
3464359,Franca,1717529348,14.75,93,1009,Rain,storm_event
3464359,Franca,1717615748,18.69,91,1014,Clouds,normal
3464359,Franca,1717702148,19.32,67,1015,Clear,normal
3464359,Franca,1717788548,16.63,74,1016,Clear,normal
3464359,Franca,1717874948,16.91,83,1015,Clear,normal
3464359,Franca,1717961348,16.77,80,1015,Clouds,normal
3464359,Franca,1718047748,15.52,54,1010,Clouds,normal
3464359,Franca,1718134148,15.76,92,1011,Drizzle,normal
3464359,Franca,1718220548,16.66,55,1015,Clouds,normal
3464359,Franca,1718306948,13.76,96,1008,Clear,pressure_drop
3464359,Franca,1718393348,15.86,61,1021,Clouds,normal
3464359,Franca,1718479748,13.62,70,1017,Clouds,normal
3464359,Franca,1718566148,15.69,70,1011,Clear,normal
3464359,Franca,1718652548,16.44,90,1016,Clear,normal
3464359,Franca,1718738948,16.7,40,1015,Clouds,normal
3464359,Franca,1718825348,17.33,64,1020,Clouds,normal
3464359,Franca,1718911748,15.33,55,1012,Drizzle,normal
3464359,Franca,1718998148,16.52,92,1016,Rain,normal
3464359,Franca,1719084548,18.16,77,1020,Clouds,normal
3464359,Franca,1719170948,15.23,56,1017,Clouds,normal
3464359,Franca,1719257348,13.23,74,1021,Rain,normal
3464359,Franca,1719343748,16.28,52,1019,Clouds,normal
3464359,Franca,1719430148,16.23,56,1012,Clear,normal
3464359,Franca,1719516548,13.71,47,1020,Clouds,normal
3464359,Franca,1719602948,16.82,70,1012,Rain,normal
3464359,Franca,1719689348,14.08,68,1014,Clear,normal
3464359,Franca,1719775748,18.69,59,1015,Clouds,normal
3464359,Franca,1719862148,18.02,58,1011,Clear,normal
3464359,Franca,1719948548,19.04,58,1015,Clear,normal
3464359,Franca,1720034948,16.01,93,1011,Thunderstorm,storm_event
3464359,Franca,1720121348,7.71,75,1018,Clouds,cold_snap
3464359,Franca,1720207748,20.57,70,1015,Clear,normal
3464359,Franca,1720294148,17.26,53,1014,Clear,normal
3464359,Franca,1720380548,17.77,92,1018,Rain,normal
3464359,Franca,1720466948,15.75,40,1019,Clear,normal
3464359,Franca,1720553348,16.49,55,1019,Clouds,normal
3464359,Franca,1720639748,16.57,67,1015,Clear,normal
3464359,Franca,1720726148,20.07,82,1015,Clear,normal
3464359,Franca,1720812548,17.69,57,1020,Clouds,normal
3464359,Franca,1720898948,18.69,49,1013,Clouds,normal
3464359,Franca,1720985348,14.73,61,1016,Clouds,normal
3464359,Franca,1721071748,16.75,87,1008,Clouds,pressure_drop
3464359,Franca,1721158148,13.59,70,1013,Clear,normal
3464359,Franca,1721244548,15.43,58,1017,Clear,normal
3464359,Franca,1721330948,20.84,50,1019,Clear,normal
3464359,Franca,1721417348,16.73,72,1018,Clear,normal
3464359,Franca,1721503748,19.53,62,1021,Clear,normal
3464359,Franca,1721590148,12.27,73,1013,Drizzle,normal
3464359,Franca,1721676548,17.72,56,1020,Clouds,normal
3464359,Franca,1721762948,13.5,50,1016,Clear,normal
3464359,Franca,1721849348,14.87,57,1015,Clouds,normal
3464359,Franca,1721935748,17.49,98,1019,Rain,extreme_humidity
3464359,Franca,1722022148,17.82,67,1020,Clouds,normal
3464359,Franca,1722108548,16.03,66,1018,Clouds,normal
3464359,Franca,1722194948,14.62,55,1010,Drizzle,normal
3464359,Franca,1722281348,14.26,57,1021,Clear,normal
3464359,Franca,1722367748,16.14,68,1021,Rain,normal
3464359,Franca,1722454148,17.1,68,1019,Clouds,normal
3464359,Franca,1722540548,14.82,74,1015,Clear,normal
3464359,Franca,1722626948,19.59,73,1021,Clear,normal
3464359,Franca,1722713348,19.35,40,1016,Clear,normal
3464359,Franca,1722799748,12.36,97,1013,Thunderstorm,storm_event
3464359,Franca,1722886148,18.28,92,1012,Rain,normal
3464359,Franca,1722972548,22.87,37,1010,Clear,drought
3464359,Franca,1723058948,15.7,79,1017,Clouds,normal
3464359,Franca,1723145348,17.36,77,1017,Clouds,normal
3464359,Franca,1723231748,13.97,68,1009,Clear,normal
3464359,Franca,1723318148,17.15,69,1015,Clouds,normal
3464359,Franca,1723404548,19.77,66,1017,Clouds,normal
3464359,Franca,1723490948,11.68,61,1017,Clear,normal
3464359,Franca,1723577348,12.63,94,1008,Drizzle,pressure_drop
3464359,Franca,1723663748,19.74,76,1009,Clear,normal
3464359,Franca,1723750148,17.18,74,1009,Rain,normal
3464359,Franca,1723836548,16.88,98,1016,Rain,extreme_humidity
3464359,Franca,1723922948,16.94,69,1019,Clear,normal
3464359,Franca,1724009348,14.78,84,1018,Clouds,normal
3464359,Franca,1724095748,21.26,92,1020,Clear,normal
3464359,Franca,1724182148,19.18,72,1014,Clouds,normal
3464359,Franca,1724268548,19.71,79,1008,Drizzle,pressure_drop
3464359,Franca,1724354948,18.75,92,1014,Drizzle,normal
3464359,Franca,1724441348,18.45,76,1022,Clear,normal
3464359,Franca,1724527748,20.18,64,1021,Clouds,normal
3464359,Franca,1724614148,20.02,71,1015,Clouds,normal
3464359,Franca,1724700548,14.18,90,1013,Rain,normal
3464359,Franca,1724786948,13.9,85,1016,Clouds,normal
3464359,Franca,1724873348,15.97,92,1012,Thunderstorm,storm_event
3464359,Franca,1724959748,13.61,95,1013,Thunderstorm,storm_event
3464359,Franca,1725046148,22.08,69,1020,Clear,normal
3464359,Franca,1725132548,18.61,84,1011,Clear,normal
3464359,Franca,1725218948,18.82,62,1012,Clear,normal
3464359,Franca,1725305348,19.47,50,1017,Clear,normal
3464359,Franca,1725391748,20.43,81,1020,Clouds,normal
3464359,Franca,1725478148,24.86,66,1010,Clouds,normal
3464359,Franca,1725564548,20.48,79,1015,Clear,normal
3464359,Franca,1725650948,19.68,52,1017,Clouds,normal
3464359,Franca,1725737348,21.79,88,1014,Clouds,normal
3464359,Franca,1725823748,20.7,61,1009,Clouds,normal
3464359,Franca,1725910148,20.37,54,1009,Clear,normal
3464359,Franca,1725996548,25.26,74,1010,Rain,normal
3464359,Franca,1726082948,21.91,63,1021,Clouds,normal
3464359,Franca,1726169348,21.74,61,1016,Clear,normal
3464359,Franca,1726255748,23.29,78,1011,Rain,normal
3464359,Franca,1726342148,16.59,54,1013,Clear,normal
3464359,Franca,1726428548,25.09,72,1009,Clouds,normal
3464359,Franca,1726514948,25.49,69,1009,Clouds,normal
3464359,Franca,1726601348,17.42,75,1011,Clouds,normal
3464359,Franca,1726687748,17.22,65,1016,Rain,normal
3464359,Franca,1726774148,22.87,69,1011,Clouds,normal
3464359,Franca,1726860548,19.82,75,1017,Clouds,normal
3464359,Franca,1726946948,22.54,44,1015,Clouds,normal
3464359,Franca,1727033348,22.02,78,1011,Clouds,normal
3464359,Franca,1727119748,24.13,71,1014,Clear,normal
3464359,Franca,1727206148,22.14,47,1014,Clouds,normal
3464359,Franca,1727292548,17.28,97,1011,Thunderstorm,storm_event
3464359,Franca,1727378948,20.15,70,1013,Clouds,normal
3464359,Franca,1727465348,21.19,81,1017,Clear,normal
3464359,Franca,1727551748,22.71,92,1017,Rain,normal
3464359,Franca,1727638148,24.25,60,1022,Clear,normal
3464359,Franca,1727724548,21.15,84,1014,Rain,normal
3464359,Franca,1727810948,19.2,89,1009,Rain,normal
3464359,Franca,1727897348,21.97,81,1022,Clear,normal
3464359,Franca,1727983748,17.67,92,1009,Clear,normal
3464359,Franca,1728070148,18.75,93,1013,Thunderstorm,storm_event
3464359,Franca,1728156548,23.77,62,1016,Clear,normal
3464359,Franca,1728242948,13.09,62,1020,Clouds,cold_snap
3464359,Franca,1728329348,17.22,54,1014,Clear,normal
3464359,Franca,1728415748,22.99,72,1012,Rain,normal
3464359,Franca,1728502148,19.01,55,1011,Rain,normal
3464359,Franca,1728588548,24.78,55,1017,Rain,normal
3464359,Franca,1728674948,21.45,92,1017,Rain,normal
3464359,Franca,1728761348,18.01,86,1022,Clouds,normal
3464359,Franca,1728847748,20.67,71,1011,Clouds,normal
3464359,Franca,1728934148,20.33,79,1008,Rain,pressure_drop
3464359,Franca,1729020548,20.68,68,1014,Clouds,normal
3464359,Franca,1729106948,21.42,57,1017,Clouds,normal
3464359,Franca,1729193348,22.22,74,1016,Rain,normal
3464359,Franca,1729279748,21.42,81,1017,Clouds,normal
3464359,Franca,1729366148,19.75,43,1016,Clouds,normal
3464359,Franca,1729452548,19.23,57,1014,Clear,normal
3464359,Franca,1729538948,21.71,90,1013,Thunderstorm,storm_event
3464359,Franca,1729625348,25.21,77,1019,Clear,normal
3464359,Franca,1729711748,22.2,46,1009,Clear,normal
3464359,Franca,1729798148,19.08,92,1015,Drizzle,normal
3464359,Franca,1729884548,21.48,50,1018,Clear,normal
3464359,Franca,1729970948,25.21,80,1020,Rain,normal
3464359,Franca,1730057348,19.15,78,1017,Clear,normal
3464359,Franca,1730143748,23.94,55,1015,Clouds,normal
3464359,Franca,1730230148,20.86,92,1013,Rain,normal
3464359,Franca,1730316548,22.89,80,1020,Clear,normal
3464359,Franca,1730402948,21.96,70,1009,Clouds,normal
3464359,Franca,1730489348,24.67,92,1015,Rain,normal
3464359,Franca,1730575748,19.22,52,1015,Clouds,normal
3464359,Franca,1730662148,21.47,59,1016,Clouds,normal
3464359,Franca,1730748548,16.41,64,1015,Clear,normal
3464359,Franca,1730834948,19.0,43,1016,Clouds,normal
3464359,Franca,1730921348,22.26,41,1021,Clear,normal
3464359,Franca,1731007748,16.27,68,1014,Clouds,normal
3464359,Franca,1731094148,24.51,79,1016,Clouds,normal
3464359,Franca,1731180548,22.58,42,1016,Clouds,normal
3464359,Franca,1731266948,24.0,64,1013,Rain,normal
3464359,Franca,1731353348,19.24,53,1016,Clear,normal
3464359,Franca,1731439748,19.13,70,1010,Clear,normal
3464359,Franca,1731526148,17.16,46,1019,Clear,normal
3464359,Franca,1731612548,19.34,88,1018,Rain,normal
3464359,Franca,1731698948,19.78,66,1015,Clouds,normal
3464359,Franca,1731785348,23.8,44,1012,Clouds,normal
3464359,Franca,1731871748,18.67,68,1016,Clear,normal
3464359,Franca,1731958148,20.17,85,1016,Clear,normal
3464359,Franca,1732044548,21.42,76,1016,Clouds,normal
3464359,Franca,1732130948,25.91,79,1012,Drizzle,normal
3464359,Franca,1732217348,24.67,72,1017,Clouds,normal
3464359,Franca,1732303748,21.25,41,1013,Clear,normal
3464359,Franca,1732390148,22.79,62,1014,Clear,normal
3464359,Franca,1732476548,17.94,88,1013,Thunderstorm,storm_event
3464359,Franca,1732562948,23.36,63,1017,Clear,normal
3464359,Franca,1732649348,25.33,73,1017,Clouds,normal
3464359,Franca,1732735748,26.21,79,1015,Rain,normal
3464359,Franca,1732822148,21.49,80,1017,Clear,normal
3464359,Franca,1732908548,22.9,82,1008,Clouds,pressure_drop
3464359,Franca,1732994948,22.21,61,1015,Clouds,normal
3464359,Franca,1733081348,29.72,61,1012,Clouds,normal
3464359,Franca,1733167748,26.18,96,1008,Rain,pressure_drop
3464359,Franca,1733254148,30.37,78,1014,Clouds,normal
3464359,Franca,1733340548,27.47,54,1018,Clouds,normal
3464359,Franca,1733426948,30.69,38,1010,Clouds,drought
3464359,Franca,1733513348,28.88,36,1017,Clear,drought
3464359,Franca,1733599748,24.45,55,1009,Rain,normal
3464359,Franca,1733686148,25.17,78,1015,Clear,normal
3464359,Franca,1733772548,22.59,58,1019,Clouds,normal
3464359,Franca,1733858948,25.52,78,1020,Clouds,normal
3464359,Franca,1733945348,26.72,68,1019,Clear,normal
3464359,Franca,1734031748,19.03,56,1019,Clouds,cold_snap
3464359,Franca,1734118148,29.44,84,1012,Clouds,normal
3464359,Franca,1734204548,22.59,97,1012,Thunderstorm,storm_event
3464359,Franca,1734290948,21.57,40,1014,Clouds,normal
3464359,Franca,1734377348,26.03,97,1019,Clouds,extreme_humidity
3464359,Franca,1734463748,21.57,50,1021,Clear,normal
3464359,Franca,1734550148,20.95,91,1011,Thunderstorm,storm_event
3464359,Franca,1734636548,25.19,65,1018,Clear,normal
3464359,Franca,1734722948,30.37,62,1016,Clear,normal
3464359,Franca,1734809348,27.17,59,1008,Clouds,pressure_drop
3464359,Franca,1734895748,29.88,52,1014,Clear,normal
3464359,Franca,1734982148,26.77,55,1014,Rain,normal
3464359,Franca,1735068548,28.11,57,1008,Rain,pressure_drop
3464359,Franca,1735154948,29.13,63,1017,Clear,normal
3464359,Franca,1735241348,24.37,91,1012,Thunderstorm,storm_event
3464359,Franca,1735327748,27.28,62,1019,Clouds,normal
3464359,Franca,1735414148,22.66,40,1012,Clear,normal
3464359,Franca,1735500548,26.84,71,1014,Drizzle,normal
3464359,Franca,1735586948,26.79,92,1009,Rain,normal
3464359,Franca,1735673348,24.03,56,1010,Clouds,normal
3464359,Franca,1735759748,25.94,80,1018,Clouds,normal
3464359,Franca,1735846148,28.82,78,1014,Clouds,normal
3464359,Franca,1735932548,24.51,50,1017,Clear,normal
3464359,Franca,1736018948,25.61,40,1016,Clear,normal
3464359,Franca,1736105348,27.47,65,1015,Clouds,normal
3464359,Franca,1736191748,26.2,59,1013,Clear,normal
3464359,Franca,1736278148,25.76,60,1017,Clouds,normal
3464359,Franca,1736364548,31.88,51,1008,Rain,pressure_drop
3464359,Franca,1736450948,23.57,68,1018,Clear,normal
3464359,Franca,1736537348,24.23,61,1014,Clear,normal
3464359,Franca,1736623748,26.18,55,1013,Clear,normal
3464359,Franca,1736710148,29.72,66,1022,Clear,normal
3464359,Franca,1736796548,21.93,84,1019,Rain,normal
3464359,Franca,1736882948,25.14,64,1009,Clear,normal
3464359,Franca,1736969348,29.6,68,1008,Clear,pressure_drop
3464359,Franca,1737055748,25.94,87,1020,Clouds,normal
3464359,Franca,1737142148,21.46,49,1018,Clear,normal
3464359,Franca,1737228548,26.25,72,1016,Clouds,normal
3464359,Franca,1737314948,28.59,60,1017,Clear,normal
3464359,Franca,1737401348,28.62,98,1019,Rain,extreme_humidity
3464359,Franca,1737487748,30.14,66,1013,Clouds,normal
3464359,Franca,1737574148,19.45,63,1017,Clear,cold_snap
3464359,Franca,1737660548,25.13,61,1016,Clear,normal
3464359,Franca,1737746948,22.56,56,1017,Clear,normal
3464359,Franca,1737833348,21.45,79,1015,Clear,normal
3464359,Franca,1737919748,24.42,71,1009,Clouds,normal
3464359,Franca,1738006148,28.5,82,1019,Clear,normal
3464359,Franca,1738092548,25.58,94,1011,Thunderstorm,storm_event
3464359,Franca,1738178948,27.15,92,1020,Clouds,normal
3464359,Franca,1738265348,26.91,81,1015,Drizzle,normal
3464359,Franca,1738351748,24.54,92,1010,Clear,normal
3464359,Franca,1738438148,28.41,48,1012,Clear,normal
3464359,Franca,1738524548,20.85,81,1020,Clear,normal
3464359,Franca,1738610948,27.08,69,1014,Drizzle,normal
3464359,Franca,1738697348,24.94,89,1014,Clouds,normal
3464359,Franca,1738783748,26.39,65,1017,Clear,normal
3464359,Franca,1738870148,25.65,86,1015,Rain,normal
3464359,Franca,1738956548,23.72,66,1021,Rain,normal
3464359,Franca,1739042948,26.17,54,1018,Clear,normal
3464359,Franca,1739129348,24.47,88,1011,Clouds,normal
3464359,Franca,1739215748,28.75,96,1013,Thunderstorm,storm_event
3464359,Franca,1739302148,20.4,59,1018,Clouds,normal
3464359,Franca,1739388548,26.27,67,1016,Clear,normal
3464359,Franca,1739474948,23.35,95,1010,Thunderstorm,storm_event
3464359,Franca,1739561348,21.8,67,1017,Clear,normal
3464359,Franca,1739647748,27.76,66,1018,Clear,normal
3464359,Franca,1739734148,28.22,44,1010,Clear,normal
3464359,Franca,1739820548,28.17,60,1017,Clear,normal
3464359,Franca,1739906948,20.4,92,1010,Clouds,normal
3464359,Franca,1739993348,29.58,64,1012,Clear,normal
3464359,Franca,1740079748,23.42,52,1018,Clear,normal
3464359,Franca,1740166148,22.85,52,1014,Clear,normal
3464359,Franca,1740252548,17.81,64,1017,Clouds,cold_snap
3464359,Franca,1740338948,24.71,95,1009,Rain,storm_event
3464359,Franca,1740425348,28.29,49,1013,Clear,normal
3464359,Franca,1740511748,20.4,87,1012,Rain,normal
3464359,Franca,1740598148,30.46,73,1014,Rain,normal
3464359,Franca,1740684548,23.07,79,1015,Drizzle,normal
3464359,Franca,1740770948,30.31,38,1020,Clear,drought
3464359,Franca,1740857348,23.3,80,1016,Rain,normal
3464359,Franca,1740943748,25.62,95,1013,Thunderstorm,storm_event
3464359,Franca,1741030148,21.22,78,1017,Rain,normal
3464359,Franca,1741116548,26.63,40,1018,Clear,normal
3464359,Franca,1741202948,30.8,38,1012,Clear,drought
3464359,Franca,1741289348,25.7,89,1015,Rain,normal
3464359,Franca,1741375748,27.71,59,1019,Clear,normal
3464359,Franca,1741462148,24.13,74,1008,Clouds,pressure_drop
3464359,Franca,1741548548,25.92,92,1014,Clear,normal
3464359,Franca,1741634948,24.45,59,1014,Clear,normal
3464359,Franca,1741721348,24.13,56,1015,Clear,normal
3464359,Franca,1741807748,26.09,61,1010,Clear,normal
3464359,Franca,1741894148,28.52,77,1015,Clear,normal
3464359,Franca,1741980548,25.3,66,1014,Clear,normal
3464359,Franca,1742066948,21.54,56,1013,Clear,normal
3464359,Franca,1742153348,25.06,60,1015,Clouds,normal
3464359,Franca,1742239748,25.73,55,1009,Rain,normal
3464359,Franca,1742326148,28.13,73,1014,Clouds,normal
3464359,Franca,1742412548,28.69,75,1012,Clear,normal
3464359,Franca,1742498948,24.42,86,1014,Rain,normal
3464359,Franca,1742585348,22.29,76,1013,Clouds,normal
3464359,Franca,1742671748,26.47,57,1008,Clouds,pressure_drop
3464359,Franca,1742758148,22.35,40,1014,Clear,normal
3464359,Franca,1742844548,28.17,77,1014,Clear,normal
3464359,Franca,1742930948,29.67,36,1017,Clear,drought
3464359,Franca,1743017348,24.92,60,1015,Clouds,normal
3464359,Franca,1743103748,24.59,62,1012,Clouds,normal
3464359,Franca,1743190148,28.24,97,1013,Rain,extreme_humidity
3464359,Franca,1743276548,25.89,54,1017,Clear,normal
3464359,Franca,1743362948,27.91,76,1010,Rain,normal
3464359,Franca,1743449348,25.42,83,1008,Clouds,pressure_drop
3464359,Franca,1743535748,21.07,62,1017,Clouds,normal
3464359,Franca,1743622148,21.42,72,1012,Drizzle,normal
3464359,Franca,1743708548,21.13,41,1018,Clear,normal
3464359,Franca,1743794948,19.71,53,1013,Clear,normal
3464359,Franca,1743881348,20.56,65,1008,Clouds,pressure_drop
3464359,Franca,1743967748,22.22,82,1016,Clear,normal
3464359,Franca,1744054148,25.22,73,1010,Rain,normal
3464359,Franca,1744140548,20.89,63,1015,Rain,normal
3464359,Franca,1744226948,20.15,75,1013,Clouds,normal
3464359,Franca,1744313348,22.38,60,1013,Rain,normal
3464359,Franca,1744399748,18.22,63,1020,Clouds,normal
3464359,Franca,1744486148,20.44,64,1017,Clear,normal
3464359,Franca,1744572548,24.36,80,1011,Clouds,normal
3464359,Franca,1744658948,19.8,40,1020,Clouds,normal
3464359,Franca,1744745348,20.38,53,1010,Clear,normal
3464359,Franca,1744831748,19.73,90,1021,Clear,normal
3464359,Franca,1744918148,16.64,60,1022,Clear,normal
3464359,Franca,1745004548,19.28,68,1008,Clouds,pressure_drop
3464359,Franca,1745090948,21.97,69,1020,Clear,normal
3464359,Franca,1745177348,22.13,44,1012,Clouds,normal
3464359,Franca,1745263748,21.01,85,1022,Clear,normal
3464359,Franca,1745350148,22.4,45,1014,Clear,normal
3464359,Franca,1745436548,19.58,73,1014,Clear,normal
3464359,Franca,1745522948,23.09,81,1017,Clouds,normal
3464359,Franca,1745609348,18.96,54,1019,Clouds,normal
3464359,Franca,1745695748,25.54,78,1017,Clear,normal
3464359,Franca,1745782148,24.12,59,1012,Clear,normal
3464359,Franca,1745868548,20.85,55,1012,Clouds,normal
3464359,Franca,1745954948,23.2,90,1016,Clear,normal
3464359,Franca,1746041348,20.23,93,1009,Rain,storm_event
3464359,Franca,1746127748,17.47,96,1008,Thunderstorm,storm_event
3464359,Franca,1746214148,18.3,60,1018,Clouds,normal
3464359,Franca,1746300548,18.95,78,1015,Clouds,normal
3464359,Franca,1746386948,22.31,94,1009,Rain,storm_event
3464359,Franca,1746473348,20.03,84,1013,Clear,normal
3464359,Franca,1746559748,18.07,49,1017,Clear,normal
3464359,Franca,1746646148,17.56,86,1009,Rain,normal
3464359,Franca,1746732548,23.23,62,1015,Clear,normal
3464359,Franca,1746818948,22.34,78,1017,Clouds,normal
3464359,Franca,1746905348,22.44,59,1013,Clouds,normal
3464359,Franca,1746991748,18.21,92,1016,Rain,normal
3464359,Franca,1747078148,18.05,91,1013,Clouds,normal
3464359,Franca,1747164548,19.56,61,1010,Clear,normal
3464359,Franca,1747250948,19.11,75,1009,Clear,normal
3464359,Franca,1747337348,21.87,71,1014,Clouds,normal
3464359,Franca,1747423748,22.48,57,1013,Rain,normal
3464359,Franca,1747510148,20.24,60,1013,Rain,normal
3464359,Franca,1747596548,20.54,78,1011,Rain,normal
3464359,Franca,1747682948,16.2,82,1018,Clouds,normal
3464359,Franca,1747769348,23.25,74,1011,Clouds,normal
3464359,Franca,1747855748,18.87,82,1012,Clear,normal
3464359,Franca,1747942148,20.45,95,1013,Thunderstorm,storm_event
3464359,Franca,1748028548,20.14,78,1017,Clear,normal
3464359,Franca,1748114948,22.4,70,1016,Rain,normal
3464359,Franca,1748201348,21.93,73,1013,Drizzle,normal
3464359,Franca,1748287748,19.49,56,1019,Clear,normal
3464359,Franca,1748374148,19.24,74,1013,Clear,normal
3464359,Franca,1748460548,24.78,54,1010,Clouds,normal
3464359,Franca,1748546948,21.4,68,1008,Clear,pressure_drop
3464359,Franca,1748633348,16.48,85,1013,Clouds,normal
3464359,Franca,1748719748,18.67,91,1020,Clouds,normal
3464359,Franca,1748806148,16.79,62,1020,Clouds,normal
3464359,Franca,1748892548,18.4,65,1017,Clear,normal
3464359,Franca,1748978948,15.88,92,1015,Clouds,normal
3464359,Franca,1749065348,18.74,85,1016,Clouds,normal
3464359,Franca,1749151748,15.63,75,1011,Clouds,normal
3464359,Franca,1749238148,15.44,76,1017,Rain,normal
3464359,Franca,1749324548,20.0,92,1015,Rain,normal
3464359,Franca,1749410948,16.06,59,1018,Clear,normal
3464359,Franca,1749497348,15.61,56,1015,Clear,normal
3464359,Franca,1749583748,18.71,87,1018,Clouds,normal
3464359,Franca,1749670148,16.9,97,1019,Rain,extreme_humidity
3464359,Franca,1749756548,16.59,69,1016,Clear,normal
3464359,Franca,1749842948,14.79,51,1019,Clouds,normal
3464359,Franca,1749929348,21.19,61,1014,Clear,normal
3464359,Franca,1750015748,19.57,52,1015,Clouds,normal
3464359,Franca,1750102148,13.72,80,1019,Clear,normal
3464359,Franca,1750188548,17.02,67,1020,Clear,normal
3464359,Franca,1750274948,15.06,98,1009,Clouds,extreme_humidity
3464359,Franca,1750361348,17.21,53,1022,Clouds,normal
3464359,Franca,1750447748,16.75,84,1017,Clear,normal
3464359,Franca,1750534148,15.85,79,1018,Clear,normal
3464359,Franca,1750620548,19.87,50,1008,Clouds,pressure_drop
3464359,Franca,1750706948,19.09,68,1018,Clouds,normal
3464359,Franca,1750793348,16.8,55,1016,Rain,normal
3464359,Franca,1750879748,18.95,96,1013,Thunderstorm,storm_event
3464359,Franca,1750966148,19.4,40,1016,Clear,normal
3464359,Franca,1751052548,19.99,58,1012,Clear,normal
3464359,Franca,1751138948,17.17,57,1015,Clouds,normal
3464359,Franca,1751225348,17.59,62,1017,Clouds,normal
3464359,Franca,1751311748,14.82,92,1012,Thunderstorm,storm_event
3464359,Franca,1751398148,16.39,63,1016,Drizzle,normal
3464359,Franca,1751484548,13.01,80,1015,Clouds,normal
3464359,Franca,1751570948,17.03,72,1020,Clear,normal
3464359,Franca,1751657348,17.82,58,1010,Clear,normal
3464359,Franca,1751743748,18.45,81,1021,Clear,normal
3464359,Franca,1751830148,15.48,89,1013,Rain,normal
3464359,Franca,1751916548,21.81,67,1021,Clear,normal
3464359,Franca,1752002948,18.28,66,1009,Clouds,normal
3464359,Franca,1752089348,13.89,59,1016,Clear,normal
3464359,Franca,1752175748,17.95,68,1022,Clear,normal
3464359,Franca,1752262148,17.33,77,1013,Rain,normal
3464359,Franca,1752348548,20.32,87,1017,Clear,normal
3464359,Franca,1752434948,17.71,90,1014,Clear,normal
3464359,Franca,1752521348,21.81,66,1009,Drizzle,normal
3464359,Franca,1752607748,19.83,77,1008,Clear,pressure_drop
3464359,Franca,1752694148,17.46,64,1013,Clouds,normal
3464359,Franca,1752780548,18.42,78,1012,Clouds,normal
3464359,Franca,1752866948,19.29,59,1012,Clear,normal
3464359,Franca,1752953348,20.62,70,1017,Clear,normal
3464359,Franca,1753039748,16.97,74,1008,Rain,pressure_drop
3464359,Franca,1753126148,14.56,42,1022,Clouds,normal
3464359,Franca,1753212548,15.93,55,1019,Clear,normal
3464359,Franca,1753298948,16.08,59,1008,Rain,pressure_drop
3464359,Franca,1753385348,19.63,65,1008,Drizzle,pressure_drop
3464359,Franca,1753471748,15.97,62,1012,Clear,normal
3464359,Franca,1753558148,12.27,81,1010,Clear,normal
3464359,Franca,1753644548,17.25,85,1012,Clouds,normal
3464359,Franca,1753730948,17.79,57,1015,Clear,normal
3464359,Franca,1753817348,15.7,83,1018,Clouds,normal
3464359,Franca,1753903748,14.47,63,1010,Clouds,normal
3464359,Franca,1753990148,16.0,67,1014,Rain,normal
3464359,Franca,1754076548,19.54,92,1021,Rain,normal
3464359,Franca,1754162948,19.59,87,1009,Rain,normal
3464359,Franca,1754249348,21.84,88,1017,Rain,normal
3464359,Franca,1754335748,11.68,78,1020,Clouds,normal
3464359,Franca,1754422148,15.9,45,1014,Clouds,normal
3464359,Franca,1754508548,18.01,42,1015,Clouds,normal
3464359,Franca,1754594948,20.89,40,1019,Clouds,normal
3464359,Franca,1754681348,11.68,92,1020,Clouds,normal
3464359,Franca,1754767748,17.14,61,1016,Clear,normal
3464359,Franca,1754854148,15.38,59,1017,Clear,normal
3464359,Franca,1754940548,19.45,91,1018,Clouds,normal
3464359,Franca,1755026948,16.84,83,1017,Rain,normal
3464359,Franca,1755113348,15.52,84,1017,Clear,normal
3464359,Franca,1755199748,14.93,92,1016,Clouds,normal
3464359,Franca,1755286148,17.57,69,1011,Clouds,normal
3464359,Franca,1755372548,12.85,72,1010,Clear,normal
3464359,Franca,1755458948,15.79,98,1009,Rain,storm_event
3464359,Franca,1755545348,17.29,62,1015,Clear,normal
3464359,Franca,1755631748,17.19,93,1012,Thunderstorm,storm_event
3464359,Franca,1755718148,17.94,93,1009,Rain,storm_event
3464359,Franca,1755804548,17.11,74,1017,Clouds,normal
3464359,Franca,1755890948,11.68,69,1016,Clouds,normal
3464359,Franca,1755977348,19.1,82,1015,Clouds,normal
3464359,Franca,1756063748,22.08,70,1016,Clouds,normal
3464359,Franca,1756150148,15.79,92,1013,Rain,normal
3464359,Franca,1756236548,15.01,92,1018,Clouds,normal
3464359,Franca,1756322948,12.98,80,1020,Clouds,normal
3464359,Franca,1756409348,17.79,92,1018,Clear,normal
3464359,Franca,1756495748,15.17,83,1015,Rain,normal
3464359,Franca,1756582148,18.76,75,1019,Clouds,normal
3464359,Franca,1756668548,16.16,68,1017,Clear,normal
3464359,Franca,1756754948,16.68,93,1009,Rain,storm_event
3464359,Franca,1756841348,20.18,88,1011,Rain,normal
3464359,Franca,1756927748,21.18,73,1011,Clear,normal
3464359,Franca,1757014148,24.84,72,1013,Rain,normal
3464359,Franca,1757100548,20.84,80,1009,Drizzle,normal
3464359,Franca,1757186948,21.72,82,1014,Rain,normal
3464359,Franca,1757273348,17.3,97,1013,Thunderstorm,storm_event
3464359,Franca,1757359748,22.65,98,1014,Rain,extreme_humidity
3464359,Franca,1757446148,19.39,58,1012,Rain,normal
3464359,Franca,1757532548,24.36,66,1009,Clear,normal
3464359,Franca,1757618948,17.89,75,1017,Clear,normal
3464359,Franca,1757705348,23.23,75,1013,Rain,normal
3464359,Franca,1757791748,13.59,72,1020,Clear,cold_snap
3464359,Franca,1757878148,19.99,65,1009,Clear,normal
3464359,Franca,1757964548,20.11,62,1018,Clouds,normal
3464359,Franca,1758050948,23.21,50,1015,Clear,normal
3464359,Franca,1758137348,25.49,77,1012,Drizzle,normal
3464359,Franca,1758223748,22.08,74,1013,Clear,normal
3464359,Franca,1758310148,20.7,61,1010,Clear,normal
3464359,Franca,1758396548,22.21,70,1009,Rain,normal
3464359,Franca,1758482948,23.34,84,1013,Clouds,normal
3464359,Franca,1758569348,18.5,70,1008,Clouds,pressure_drop
3464359,Franca,1758655748,18.53,95,1010,Thunderstorm,storm_event
3464359,Franca,1758742148,19.72,97,1009,Rain,extreme_humidity
3464359,Franca,1758828548,20.75,94,1008,Clouds,pressure_drop
3464359,Franca,1758914948,21.82,65,1012,Clouds,normal
3464359,Franca,1759001348,25.49,59,1020,Clear,normal
3464359,Franca,1759087748,19.98,68,1014,Clouds,normal
3464359,Franca,1759174148,20.74,45,1016,Clouds,normal
3464359,Franca,1759260548,22.61,69,1016,Rain,normal
3464359,Franca,1759346948,20.48,98,1014,Drizzle,extreme_humidity
3464359,Franca,1759433348,21.87,92,1010,Clear,normal
3464359,Franca,1759519748,19.88,42,1017,Clear,normal
3464359,Franca,1759606148,16.01,58,1021,Clouds,normal
3464359,Franca,1759692548,18.87,59,1019,Clear,normal
3464359,Franca,1759778948,22.07,43,1021,Clear,normal
3464359,Franca,1759865348,16.09,64,1017,Clouds,normal
3464359,Franca,1759951748,20.51,76,1009,Clear,normal
3464359,Franca,1760038148,23.28,37,1015,Clear,drought
3464359,Franca,1760124548,17.78,65,1016,Clouds,normal
3464359,Franca,1760210948,19.93,47,1015,Clear,normal
3464359,Franca,1760297348,21.47,78,1019,Clear,normal
3464359,Franca,1760383748,18.9,62,1016,Clear,normal
3464359,Franca,1760470148,24.56,64,1016,Clear,normal
3464359,Franca,1760556548,18.83,51,1013,Clouds,normal
3464359,Franca,1760642948,21.95,65,1014,Clouds,normal
3464359,Franca,1760729348,18.56,55,1017,Rain,normal
3464359,Franca,1760815748,17.93,75,1016,Clear,normal
3464359,Franca,1760902148,13.09,54,1016,Clouds,cold_snap
3464359,Franca,1760988548,20.67,58,1016,Clear,normal
3464359,Franca,1761074948,19.07,92,1017,Clear,normal
3464359,Franca,1761161348,17.34,64,1015,Clear,normal
3464359,Franca,1761247748,19.15,75,1016,Clear,normal
3464359,Franca,1761334148,23.2,74,1019,Clear,normal
3464359,Franca,1761420548,21.93,73,1017,Clouds,normal
3464359,Franca,1761506948,20.89,80,1014,Clouds,normal
3464359,Franca,1761593348,21.72,64,1016,Clear,normal
3464359,Franca,1761679748,20.63,78,1015,Rain,normal
3464359,Franca,1761766148,20.1,98,1016,Clouds,extreme_humidity
3464359,Franca,1761852548,22.84,70,1015,Clear,normal
3464359,Franca,1761938948,23.68,79,1013,Rain,normal
3464359,Franca,1762025348,18.2,86,1008,Drizzle,pressure_drop
3464359,Franca,1762111748,23.11,68,1015,Clear,normal
3464359,Franca,1762198148,19.86,91,1013,Thunderstorm,storm_event
3464359,Franca,1762284548,23.28,52,1012,Clouds,normal
3464359,Franca,1762370948,20.79,40,1015,Clear,normal
3464359,Franca,1762457348,17.31,78,1008,Rain,pressure_drop
3464359,Franca,1762543748,23.85,40,1014,Clouds,normal
3464359,Franca,1762630148,17.2,61,1015,Clouds,normal
3464359,Franca,1762716548,24.89,92,1014,Rain,normal
3464359,Franca,1762802948,23.29,65,1017,Clear,normal
3464359,Franca,1762889348,18.92,64,1012,Rain,normal
3464359,Franca,1762975748,19.14,68,1012,Clouds,normal
3464359,Franca,1763062148,21.83,64,1017,Clouds,normal
3464359,Franca,1763148548,20.61,66,1013,Clouds,normal
3464359,Franca,1763234948,25.43,62,1015,Clear,normal
3464359,Franca,1763321348,22.22,57,1014,Clear,normal
3464359,Franca,1763407748,17.3,68,1013,Clouds,normal
3464359,Franca,1763494148,21.02,61,1011,Drizzle,normal
3464359,Franca,1763580548,22.74,64,1011,Clear,normal
3464359,Franca,1763666948,20.3,40,1021,Clear,normal
3464359,Franca,1763753348,19.03,67,1011,Clouds,normal
3464359,Franca,1763839748,25.31,66,1015,Rain,normal
3464359,Franca,1763926148,18.95,63,1014,Clear,normal
3464359,Franca,1764012548,19.27,52,1017,Clear,normal
3464359,Franca,1764098948,23.95,62,1016,Clouds,normal
3464359,Franca,1764185348,20.34,78,1017,Clear,normal
3464359,Franca,1764271748,17.22,72,1013,Drizzle,normal
3464359,Franca,1764358148,19.55,81,1012,Clear,normal
3464359,Franca,1764444548,25.68,79,1015,Rain,normal
3464359,Franca,1764530948,21.48,78,1013,Clouds,normal
3464359,Franca,1764617348,24.72,92,1014,Rain,normal
3464359,Franca,1764703748,26.27,40,1015,Clear,normal
3464359,Franca,1764790148,27.16,62,1019,Clouds,normal
3464359,Franca,1764876548,23.44,92,1022,Rain,normal
3464359,Franca,1764962948,22.74,48,1018,Clear,normal
3464359,Franca,1765049348,28.1,82,1011,Rain,normal
3464359,Franca,1765135748,28.04,57,1017,Clouds,normal
3464359,Franca,1765222148,26.21,58,1016,Clear,normal
3464359,Franca,1765308548,24.13,79,1021,Clear,normal
3464359,Franca,1765394948,25.86,77,1016,Clouds,normal
3464359,Franca,1765481348,26.22,79,1019,Rain,normal
3464359,Franca,1765567748,28.51,48,1015,Clear,normal
3464359,Franca,1765654148,29.56,53,1015,Clouds,normal
3464359,Franca,1765740548,25.75,55,1015,Rain,normal
3464359,Franca,1765826948,29.14,54,1011,Clear,normal
3464359,Franca,1765913348,24.75,61,1016,Clear,normal
3464359,Franca,1765999748,18.98,51,1020,Clouds,cold_snap
3464359,Franca,1766086148,26.11,72,1016,Clouds,normal
3464359,Franca,1766172548,24.81,71,1012,Rain,normal
3464359,Franca,1766258948,26.81,82,1018,Rain,normal
3464359,Franca,1766345348,25.98,85,1019,Rain,normal
3464359,Franca,1766431748,26.58,72,1009,Rain,normal
3464359,Franca,1766518148,28.84,40,1017,Clear,normal
3464359,Franca,1766604548,24.84,79,1021,Rain,normal
3464359,Franca,1766690948,22.27,78,1010,Rain,normal
3464359,Franca,1766777348,25.31,69,1016,Rain,normal
3464359,Franca,1766863748,25.62,74,1015,Rain,normal
3464359,Franca,1766950148,28.22,70,1014,Clear,normal
3464359,Franca,1767036548,23.88,66,1009,Rain,normal
3464359,Franca,1767122948,26.47,61,1008,Clear,pressure_drop
3464359,Franca,1767209348,25.36,55,1014,Drizzle,normal
3464359,Franca,1767295748,30.35,77,1009,Clouds,normal
3464359,Franca,1767382148,27.79,69,1009,Clear,normal
3464359,Franca,1767468548,26.97,78,1009,Drizzle,normal
3464359,Franca,1767554948,22.24,66,1014,Rain,normal
3464359,Franca,1767641348,26.92,64,1014,Clouds,normal
3464359,Franca,1767727748,28.75,78,1017,Clear,normal
3464359,Franca,1767814148,24.81,76,1013,Clouds,normal
3464359,Franca,1767900548,22.05,78,1008,Drizzle,pressure_drop
3464359,Franca,1767986948,26.72,98,1015,Rain,extreme_humidity
3464359,Franca,1768073348,25.67,95,1013,Thunderstorm,storm_event
3464359,Franca,1768159748,25.22,70,1011,Rain,normal
3464359,Franca,1768246148,21.74,85,1018,Clear,normal
3464359,Franca,1768332548,21.45,77,1012,Clear,normal
3464359,Franca,1768418948,27.07,76,1013,Clouds,normal
3464359,Franca,1768505348,28.07,67,1013,Rain,normal
3464359,Franca,1768591748,21.51,55,1009,Rain,normal
3464359,Franca,1768678148,29.95,72,1009,Rain,normal
3464359,Franca,1768764548,24.54,40,1012,Clear,normal
3464359,Franca,1768850948,26.12,68,1016,Clear,normal
3464359,Franca,1768937348,23.28,82,1014,Clouds,normal
3464359,Franca,1769023748,25.72,71,1017,Clear,normal
3464359,Franca,1769110148,24.43,58,1015,Clear,normal
3464359,Franca,1769196548,25.07,86,1022,Clear,normal
3464359,Franca,1769282948,29.0,68,1017,Clear,normal
3464359,Franca,1769369348,29.07,74,1014,Clouds,normal
3464359,Franca,1769455748,24.31,55,1008,Clouds,pressure_drop
3464359,Franca,1769542148,28.74,59,1011,Clouds,normal
3464359,Franca,1769628548,27.13,40,1022,Clear,normal
3464359,Franca,1769714948,24.95,92,1013,Thunderstorm,storm_event
3464359,Franca,1769801348,23.51,78,1010,Drizzle,normal
3464359,Franca,1769887748,25.53,97,1015,Rain,extreme_humidity
3464359,Franca,1769974148,29.49,41,1013,Clear,normal
3464359,Franca,1770060548,26.86,79,1008,Clouds,pressure_drop
3464359,Franca,1770146948,30.35,71,1015,Clouds,normal
3464359,Franca,1770233348,23.1,59,1008,Clouds,pressure_drop
3464359,Franca,1770319748,26.92,48,1020,Clear,normal
3464359,Franca,1770406148,17.07,75,1016,Clear,cold_snap
3464359,Franca,1770492548,26.09,69,1012,Clear,normal
3464359,Franca,1770578948,26.19,48,1014,Clear,normal
3464359,Franca,1770665348,22.8,60,1013,Clear,normal
3464359,Franca,1770751748,29.02,49,1014,Clear,normal
3464359,Franca,1770838148,20.96,47,1015,Clouds,normal
3464359,Franca,1770924548,23.7,64,1016,Clouds,normal
3464359,Franca,1771010948,28.11,83,1015,Clouds,normal
3464359,Franca,1771097348,22.24,77,1020,Clear,normal
3464359,Franca,1771183748,30.24,87,1008,Clouds,pressure_drop
3464359,Franca,1771270148,27.69,79,1010,Clear,normal
3464359,Franca,1771356548,18.07,39,1022,Rain,cold_snap
3464359,Franca,1771442948,27.64,86,1008,Drizzle,pressure_drop
3464359,Franca,1771529348,22.24,63,1017,Clear,normal
3464359,Franca,1771615748,24.91,96,1008,Rain,pressure_drop
3464359,Franca,1771702148,26.11,46,1020,Clear,normal
3464359,Franca,1771788548,25.33,92,1010,Thunderstorm,storm_event
3464359,Franca,1771874948,26.07,92,1015,Rain,normal
3464359,Franca,1771961348,33.4,50,1008,Clear,pressure_drop
3464359,Franca,1772047748,25.16,94,1009,Rain,storm_event
3464359,Franca,1772134148,23.19,60,1010,Clear,normal
3464359,Franca,1772220548,30.78,97,1019,Rain,extreme_humidity
3464359,Franca,1772306948,27.93,88,1018,Clouds,normal
3464359,Franca,1772393348,25.16,81,1018,Rain,normal
3464359,Franca,1772479748,25.27,58,1009,Clouds,normal
3464359,Franca,1772566148,24.83,46,1012,Clouds,normal
3464359,Franca,1772652548,28.04,61,1018,Clear,normal
3464359,Franca,1772738948,25.4,77,1012,Clear,normal
3464359,Franca,1772825348,23.58,52,1013,Clear,normal
3464359,Franca,1772911748,24.74,58,1015,Clouds,normal
3464359,Franca,1772998148,26.59,73,1020,Clear,normal
3464359,Franca,1773084548,27.19,60,1014,Clear,normal
3464359,Franca,1773170948,26.06,73,1009,Rain,normal
3464359,Franca,1773257348,24.1,84,1015,Clouds,normal
3464359,Franca,1773343748,31.72,37,1013,Clear,drought
3464359,Franca,1773430148,28.58,63,1017,Clear,normal
3464359,Franca,1773516548,23.14,64,1012,Clear,normal
3464359,Franca,1773602948,23.42,79,1008,Rain,pressure_drop
3464359,Franca,1773689348,26.49,40,1018,Clouds,normal
3464359,Franca,1773775748,26.45,56,1017,Clear,normal
3464359,Franca,1773862148,29.58,40,1015,Clear,normal
3464359,Franca,1773948548,27.05,83,1010,Clear,normal
3464359,Franca,1774034948,25.22,40,1022,Clear,normal
3464359,Franca,1774121348,27.62,74,1019,Clear,normal
3464359,Franca,1774207748,25.19,68,1013,Clear,normal
3464359,Franca,1774294148,24.73,69,1018,Clear,normal
3464359,Franca,1774380548,26.0,66,1008,Clear,pressure_drop
3464359,Franca,1774466948,27.43,62,1011,Clear,normal
3464359,Franca,1774553348,29.57,76,1008,Clouds,pressure_drop
3464359,Franca,1774639748,31.37,79,1016,Clear,normal
3464359,Franca,1774726148,29.32,53,1017,Clouds,normal
3464359,Franca,1774812548,24.83,44,1013,Clear,normal
3464359,Franca,1774898948,26.27,70,1012,Clear,normal
3464359,Franca,1774985348,26.8,63,1019,Clear,normal
3464359,Franca,1775071748,22.37,68,1010,Clouds,normal
3464359,Franca,1775158148,20.89,58,1022,Clear,normal
3464359,Franca,1775244548,19.28,73,1018,Clear,normal
3464359,Franca,1775330948,18.49,52,1018,Clear,normal
3464359,Franca,1775417348,20.42,82,1021,Clouds,normal
3464359,Franca,1775503748,24.62,65,1011,Clouds,normal
3464359,Franca,1775590148,20.82,56,1014,Clouds,normal
3464359,Franca,1775676548,22.79,92,1020,Rain,normal
3464359,Franca,1775762948,21.01,91,1018,Rain,normal
3464359,Franca,1775849348,21.48,55,1015,Clouds,normal
3464359,Franca,1775935748,22.81,63,1016,Rain,normal
3464359,Franca,1776022148,19.32,50,1010,Clouds,normal
3464359,Franca,1776108548,20.67,82,1019,Clear,normal
3464359,Franca,1776194948,16.65,69,1010,Clear,normal
3464359,Franca,1776281348,14.77,60,1020,Clouds,cold_snap
3464359,Franca,1776367748,21.35,63,1011,Clear,normal
3464359,Franca,1776454148,18.73,51,1013,Clear,normal
3464359,Franca,1776540548,23.42,77,1017,Rain,normal
3464359,Franca,1776626948,22.98,67,1020,Clouds,normal
3464359,Franca,1776713348,21.05,72,1019,Rain,normal
3464359,Franca,1776799748,17.86,66,1015,Clouds,normal
3464359,Franca,1776886148,19.52,72,1015,Clouds,normal
3464359,Franca,1776972548,23.22,65,1017,Clouds,normal
3464359,Franca,1777058948,15.16,91,1008,Clouds,pressure_drop
3464359,Franca,1777145348,17.11,92,1015,Rain,normal
3464359,Franca,1777231748,20.25,89,1014,Rain,normal
3464359,Franca,1777318148,20.58,72,1018,Clouds,normal
3464359,Franca,1777404548,17.95,60,1015,Rain,normal
3464359,Franca,1777490948,21.18,54,1016,Clouds,normal
3464359,Franca,1777577348,19.22,66,1018,Rain,normal
3464359,Franca,1777663748,20.61,55,1013,Clouds,normal
3464359,Franca,1777750148,19.03,72,1015,Rain,normal
3464359,Franca,1777836548,19.89,71,1014,Clouds,normal
3464359,Franca,1777922948,23.25,54,1020,Clouds,normal
3464359,Franca,1778009348,20.06,61,1019,Clear,normal
3464359,Franca,1778095748,22.13,40,1017,Clear,normal
3464359,Franca,1778182148,19.63,59,1014,Clear,normal
3464359,Franca,1778268548,17.08,57,1017,Clear,normal
3464359,Franca,1778354948,18.68,69,1016,Clouds,normal
3464359,Franca,1778441348,21.26,86,1014,Clear,normal
3464359,Franca,1778527748,22.48,58,1013,Clear,normal
3464359,Franca,1778614148,24.64,92,1014,Clouds,normal
3464359,Franca,1778700548,21.03,84,1008,Clear,pressure_drop
3459424,Itaquaquecetuba,1715714948,16.55,68,1009,Clear,normal
3459424,Itaquaquecetuba,1715801348,15.27,44,1013,Clear,normal
3459424,Itaquaquecetuba,1715887748,18.67,63,1012,Clouds,normal
3459424,Itaquaquecetuba,1715974148,18.89,56,1018,Clear,normal
3459424,Itaquaquecetuba,1716060548,16.53,92,1009,Rain,normal
3459424,Itaquaquecetuba,1716146948,21.31,62,1015,Drizzle,normal
3459424,Itaquaquecetuba,1716233348,15.35,63,1016,Clouds,normal
3459424,Itaquaquecetuba,1716319748,18.49,60,1014,Clear,normal
3459424,Itaquaquecetuba,1716406148,21.02,65,1014,Clear,normal
3459424,Itaquaquecetuba,1716492548,14.39,65,1017,Clouds,normal
3459424,Itaquaquecetuba,1716578948,21.35,53,1013,Clear,normal
3459424,Itaquaquecetuba,1716665348,16.04,57,1012,Clear,normal
3459424,Itaquaquecetuba,1716751748,22.51,98,1016,Clouds,extreme_humidity
3459424,Itaquaquecetuba,1716838148,22.38,75,1012,Clouds,normal
3459424,Itaquaquecetuba,1716924548,21.28,95,1012,Thunderstorm,storm_event
3459424,Itaquaquecetuba,1717010948,23.34,98,1014,Rain,extreme_humidity
3459424,Itaquaquecetuba,1717097348,21.69,67,1008,Drizzle,pressure_drop
3459424,Itaquaquecetuba,1717183748,25.33,83,1009,Clear,normal
3459424,Itaquaquecetuba,1717270148,12.95,87,1012,Clear,normal
3459424,Itaquaquecetuba,1717356548,14.43,93,1009,Rain,storm_event
3459424,Itaquaquecetuba,1717442948,18.21,73,1011,Clear,normal
3459424,Itaquaquecetuba,1717529348,19.32,73,1015,Clouds,normal
3459424,Itaquaquecetuba,1717615748,17.0,86,1021,Clouds,normal
3459424,Itaquaquecetuba,1717702148,16.72,65,1016,Clear,normal
3459424,Itaquaquecetuba,1717788548,15.06,92,1013,Clouds,normal
3459424,Itaquaquecetuba,1717874948,11.12,61,1015,Clear,normal
3459424,Itaquaquecetuba,1717961348,15.5,86,1015,Clear,normal
3459424,Itaquaquecetuba,1718047748,13.76,58,1018,Clear,normal
3459424,Itaquaquecetuba,1718134148,13.07,54,1012,Clouds,normal
3459424,Itaquaquecetuba,1718220548,19.36,68,1018,Clear,normal
3459424,Itaquaquecetuba,1718306948,14.86,46,1014,Clear,normal
3459424,Itaquaquecetuba,1718393348,18.31,67,1019,Clouds,normal
3459424,Itaquaquecetuba,1718479748,15.6,42,1020,Clear,normal
3459424,Itaquaquecetuba,1718566148,15.25,64,1021,Clear,normal
3459424,Itaquaquecetuba,1718652548,15.52,73,1020,Clear,normal
3459424,Itaquaquecetuba,1718738948,16.91,55,1020,Rain,normal
3459424,Itaquaquecetuba,1718825348,11.32,53,1017,Clear,normal
3459424,Itaquaquecetuba,1718911748,17.55,92,1011,Rain,normal
3459424,Itaquaquecetuba,1718998148,14.89,40,1011,Clouds,normal
3459424,Itaquaquecetuba,1719084548,17.03,94,1009,Thunderstorm,storm_event
3459424,Itaquaquecetuba,1719170948,21.32,78,1017,Rain,normal
3459424,Itaquaquecetuba,1719257348,14.48,76,1016,Clouds,normal
3459424,Itaquaquecetuba,1719343748,13.99,68,1010,Clouds,normal
3459424,Itaquaquecetuba,1719430148,12.45,74,1011,Clear,normal
3459424,Itaquaquecetuba,1719516548,18.93,63,1015,Clouds,normal
3459424,Itaquaquecetuba,1719602948,7.6,54,1020,Clear,cold_snap
3459424,Itaquaquecetuba,1719689348,22.02,36,1019,Clear,drought
3459424,Itaquaquecetuba,1719775748,22.01,48,1012,Clear,normal
3459424,Itaquaquecetuba,1719862148,17.96,55,1020,Clouds,normal
3459424,Itaquaquecetuba,1719948548,15.81,80,1016,Rain,normal
3459424,Itaquaquecetuba,1720034948,13.04,52,1009,Clear,normal
3459424,Itaquaquecetuba,1720121348,16.58,72,1018,Clear,normal
3459424,Itaquaquecetuba,1720207748,16.45,75,1009,Clouds,normal
3459424,Itaquaquecetuba,1720294148,21.54,79,1015,Clouds,normal
3459424,Itaquaquecetuba,1720380548,17.11,90,1013,Clear,normal
3459424,Itaquaquecetuba,1720466948,17.73,91,1018,Clouds,normal
3459424,Itaquaquecetuba,1720553348,16.82,64,1018,Clear,normal
3459424,Itaquaquecetuba,1720639748,16.79,66,1010,Clear,normal
3459424,Itaquaquecetuba,1720726148,15.38,97,1013,Thunderstorm,storm_event
3459424,Itaquaquecetuba,1720812548,16.89,57,1018,Clouds,normal
3459424,Itaquaquecetuba,1720898948,18.39,86,1009,Clouds,normal
3459424,Itaquaquecetuba,1720985348,15.14,72,1011,Clear,normal
3459424,Itaquaquecetuba,1721071748,16.34,67,1011,Drizzle,normal
3459424,Itaquaquecetuba,1721158148,14.49,72,1008,Clouds,pressure_drop
3459424,Itaquaquecetuba,1721244548,12.5,66,1008,Drizzle,pressure_drop
3459424,Itaquaquecetuba,1721330948,21.54,67,1012,Clear,normal
3459424,Itaquaquecetuba,1721417348,19.0,57,1019,Clouds,normal
3459424,Itaquaquecetuba,1721503748,17.0,78,1017,Clouds,normal
3459424,Itaquaquecetuba,1721590148,17.2,84,1011,Clouds,normal
3459424,Itaquaquecetuba,1721676548,21.48,68,1008,Clouds,pressure_drop
3459424,Itaquaquecetuba,1721762948,15.12,97,1016,Clouds,extreme_humidity
3459424,Itaquaquecetuba,1721849348,15.38,66,1013,Clouds,normal
3459424,Itaquaquecetuba,1721935748,17.96,72,1018,Clouds,normal
3459424,Itaquaquecetuba,1722022148,20.5,60,1019,Clear,normal
3459424,Itaquaquecetuba,1722108548,17.48,54,1010,Clear,normal
3459424,Itaquaquecetuba,1722194948,12.38,50,1008,Rain,pressure_drop
3459424,Itaquaquecetuba,1722281348,15.36,71,1017,Drizzle,normal
3459424,Itaquaquecetuba,1722367748,19.92,89,1014,Clear,normal
3459424,Itaquaquecetuba,1722454148,16.72,49,1016,Clouds,normal
3459424,Itaquaquecetuba,1722540548,16.78,64,1012,Clear,normal
3459424,Itaquaquecetuba,1722626948,12.82,57,1011,Clear,normal
3459424,Itaquaquecetuba,1722713348,11.37,57,1016,Clear,normal
3459424,Itaquaquecetuba,1722799748,19.68,39,1013,Clear,drought
3459424,Itaquaquecetuba,1722886148,16.38,66,1022,Clouds,normal
3459424,Itaquaquecetuba,1722972548,15.27,49,1014,Clouds,normal
3459424,Itaquaquecetuba,1723058948,21.64,77,1008,Rain,pressure_drop
3459424,Itaquaquecetuba,1723145348,11.37,85,1012,Rain,normal
3459424,Itaquaquecetuba,1723231748,15.86,86,1011,Rain,normal
3459424,Itaquaquecetuba,1723318148,15.75,84,1009,Drizzle,normal
3459424,Itaquaquecetuba,1723404548,16.38,64,1016,Clear,normal
3459424,Itaquaquecetuba,1723490948,21.87,55,1016,Clouds,normal
3459424,Itaquaquecetuba,1723577348,19.38,81,1013,Rain,normal
3459424,Itaquaquecetuba,1723663748,13.89,57,1012,Clear,normal
3459424,Itaquaquecetuba,1723750148,15.47,58,1014,Clouds,normal
3459424,Itaquaquecetuba,1723836548,16.73,59,1013,Rain,normal
3459424,Itaquaquecetuba,1723922948,21.87,71,1016,Clouds,normal
3459424,Itaquaquecetuba,1724009348,16.89,59,1015,Drizzle,normal
3459424,Itaquaquecetuba,1724095748,14.64,86,1011,Clouds,normal
3459424,Itaquaquecetuba,1724182148,21.02,38,1020,Clouds,drought
3459424,Itaquaquecetuba,1724268548,11.37,64,1013,Clouds,normal
3459424,Itaquaquecetuba,1724354948,16.34,43,1014,Clear,normal
3459424,Itaquaquecetuba,1724441348,11.37,72,1015,Drizzle,normal
3459424,Itaquaquecetuba,1724527748,15.84,55,1010,Rain,normal
3459424,Itaquaquecetuba,1724614148,16.63,62,1014,Clouds,normal
3459424,Itaquaquecetuba,1724700548,21.87,74,1013,Rain,normal
3459424,Itaquaquecetuba,1724786948,18.02,96,1010,Thunderstorm,storm_event
3459424,Itaquaquecetuba,1724873348,19.89,47,1014,Clear,normal
3459424,Itaquaquecetuba,1724959748,14.59,83,1017,Clear,normal
3459424,Itaquaquecetuba,1725046148,16.82,55,1018,Rain,normal
3459424,Itaquaquecetuba,1725132548,14.56,54,1016,Clouds,normal
3459424,Itaquaquecetuba,1725218948,25.25,70,1014,Drizzle,normal
3459424,Itaquaquecetuba,1725305348,22.07,54,1009,Clear,normal
3459424,Itaquaquecetuba,1725391748,21.59,79,1009,Drizzle,normal
3459424,Itaquaquecetuba,1725478148,21.41,67,1016,Clouds,normal
3459424,Itaquaquecetuba,1725564548,20.62,76,1013,Drizzle,normal
3459424,Itaquaquecetuba,1725650948,19.44,76,1015,Clear,normal
3459424,Itaquaquecetuba,1725737348,16.96,85,1014,Clear,normal
3459424,Itaquaquecetuba,1725823748,21.83,79,1015,Clear,normal
3459424,Itaquaquecetuba,1725910148,22.48,64,1018,Clouds,normal
3459424,Itaquaquecetuba,1725996548,18.98,67,1018,Clouds,normal
3459424,Itaquaquecetuba,1726082948,20.01,61,1019,Clouds,normal
3459424,Itaquaquecetuba,1726169348,22.64,64,1022,Clear,normal
3459424,Itaquaquecetuba,1726255748,21.26,90,1021,Clouds,normal
3459424,Itaquaquecetuba,1726342148,18.3,68,1018,Clouds,normal
3459424,Itaquaquecetuba,1726428548,25.64,58,1019,Clear,normal
3459424,Itaquaquecetuba,1726514948,20.35,66,1022,Drizzle,normal
3459424,Itaquaquecetuba,1726601348,20.81,72,1017,Clouds,normal
3459424,Itaquaquecetuba,1726687748,16.29,50,1008,Clouds,pressure_drop
3459424,Itaquaquecetuba,1726774148,21.2,55,1019,Clear,normal
3459424,Itaquaquecetuba,1726860548,15.83,75,1009,Rain,normal
3459424,Itaquaquecetuba,1726946948,22.49,93,1009,Rain,storm_event
3459424,Itaquaquecetuba,1727033348,18.1,62,1019,Clear,normal
3459424,Itaquaquecetuba,1727119748,22.49,71,1018,Clear,normal
3459424,Itaquaquecetuba,1727206148,21.1,78,1008,Clouds,pressure_drop
3459424,Itaquaquecetuba,1727292548,21.24,60,1015,Clouds,normal
3459424,Itaquaquecetuba,1727378948,21.98,52,1017,Clouds,normal
3459424,Itaquaquecetuba,1727465348,15.92,62,1017,Clouds,normal
3459424,Itaquaquecetuba,1727551748,21.04,61,1012,Clear,normal
3459424,Itaquaquecetuba,1727638148,18.96,72,1011,Clouds,normal
3459424,Itaquaquecetuba,1727724548,20.68,93,1009,Rain,storm_event
3459424,Itaquaquecetuba,1727810948,22.17,75,1014,Clear,normal
3459424,Itaquaquecetuba,1727897348,21.39,92,1013,Rain,normal
3459424,Itaquaquecetuba,1727983748,18.66,73,1017,Clear,normal
3459424,Itaquaquecetuba,1728070148,18.42,65,1012,Clear,normal
3459424,Itaquaquecetuba,1728156548,19.91,78,1010,Rain,normal
3459424,Itaquaquecetuba,1728242948,26.59,80,1015,Clear,normal
3459424,Itaquaquecetuba,1728329348,20.25,40,1013,Clouds,normal
3459424,Itaquaquecetuba,1728415748,21.41,69,1020,Clouds,normal
3459424,Itaquaquecetuba,1728502148,18.51,60,1017,Clouds,normal
3459424,Itaquaquecetuba,1728588548,19.08,70,1011,Clear,normal
3459424,Itaquaquecetuba,1728674948,22.5,52,1014,Clear,normal
3459424,Itaquaquecetuba,1728761348,21.21,49,1016,Clear,normal
3459424,Itaquaquecetuba,1728847748,25.96,57,1017,Clear,normal
3459424,Itaquaquecetuba,1728934148,18.3,97,1016,Clouds,extreme_humidity
3459424,Itaquaquecetuba,1729020548,23.46,50,1008,Clouds,pressure_drop
3459424,Itaquaquecetuba,1729106948,19.35,61,1010,Rain,normal
3459424,Itaquaquecetuba,1729193348,19.02,66,1016,Rain,normal
3459424,Itaquaquecetuba,1729279748,20.49,60,1016,Rain,normal
3459424,Itaquaquecetuba,1729366148,21.66,85,1014,Clear,normal
3459424,Itaquaquecetuba,1729452548,20.31,60,1018,Clouds,normal
3459424,Itaquaquecetuba,1729538948,20.59,80,1017,Clear,normal
3459424,Itaquaquecetuba,1729625348,21.28,68,1009,Rain,normal
3459424,Itaquaquecetuba,1729711748,24.84,93,1009,Rain,storm_event
3459424,Itaquaquecetuba,1729798148,21.94,92,1016,Rain,normal
3459424,Itaquaquecetuba,1729884548,21.08,56,1013,Clear,normal
3459424,Itaquaquecetuba,1729970948,20.64,57,1014,Rain,normal
3459424,Itaquaquecetuba,1730057348,17.27,55,1012,Clear,normal
3459424,Itaquaquecetuba,1730143748,19.8,77,1015,Clouds,normal
3459424,Itaquaquecetuba,1730230148,20.86,96,1011,Thunderstorm,storm_event
3459424,Itaquaquecetuba,1730316548,13.64,42,1019,Rain,cold_snap
3459424,Itaquaquecetuba,1730402948,21.69,60,1009,Clouds,normal
3459424,Itaquaquecetuba,1730489348,19.07,97,1009,Drizzle,extreme_humidity
3459424,Itaquaquecetuba,1730575748,23.31,59,1015,Clear,normal
3459424,Itaquaquecetuba,1730662148,21.63,45,1014,Clouds,normal
3459424,Itaquaquecetuba,1730748548,18.58,61,1018,Clear,normal
3459424,Itaquaquecetuba,1730834948,21.97,81,1016,Rain,normal
3459424,Itaquaquecetuba,1730921348,19.69,50,1009,Clear,normal
3459424,Itaquaquecetuba,1731007748,18.65,61,1008,Drizzle,pressure_drop
3459424,Itaquaquecetuba,1731094148,21.77,51,1016,Clouds,normal
3459424,Itaquaquecetuba,1731180548,25.49,58,1014,Clear,normal
3459424,Itaquaquecetuba,1731266948,17.95,59,1011,Clouds,normal
3459424,Itaquaquecetuba,1731353348,21.43,49,1017,Clouds,normal
3459424,Itaquaquecetuba,1731439748,18.71,87,1016,Clear,normal
3459424,Itaquaquecetuba,1731526148,16.45,40,1020,Clear,normal
3459424,Itaquaquecetuba,1731612548,24.8,92,1020,Clouds,normal
3459424,Itaquaquecetuba,1731698948,22.23,55,1015,Clear,normal
3459424,Itaquaquecetuba,1731785348,22.74,63,1009,Clouds,normal
3459424,Itaquaquecetuba,1731871748,22.03,72,1015,Rain,normal
3459424,Itaquaquecetuba,1731958148,18.53,88,1009,Clear,normal
3459424,Itaquaquecetuba,1732044548,18.55,65,1018,Clouds,normal
3459424,Itaquaquecetuba,1732130948,18.81,56,1009,Clear,normal
3459424,Itaquaquecetuba,1732217348,18.79,52,1009,Clouds,normal
3459424,Itaquaquecetuba,1732303748,20.77,65,1011,Clouds,normal
3459424,Itaquaquecetuba,1732390148,20.07,78,1012,Clouds,normal
3459424,Itaquaquecetuba,1732476548,20.05,59,1009,Clear,normal
3459424,Itaquaquecetuba,1732562948,18.66,64,1016,Clear,normal
3459424,Itaquaquecetuba,1732649348,22.11,61,1013,Clear,normal
3459424,Itaquaquecetuba,1732735748,20.37,56,1009,Drizzle,normal
3459424,Itaquaquecetuba,1732822148,19.51,92,1022,Drizzle,normal
3459424,Itaquaquecetuba,1732908548,22.5,40,1009,Clouds,normal
3459424,Itaquaquecetuba,1732994948,20.71,55,1009,Clear,normal
3459424,Itaquaquecetuba,1733081348,22.53,55,1012,Clear,normal
3459424,Itaquaquecetuba,1733167748,25.14,94,1009,Rain,storm_event
3459424,Itaquaquecetuba,1733254148,26.3,75,1011,Clear,normal
3459424,Itaquaquecetuba,1733340548,27.39,54,1017,Clear,normal
3459424,Itaquaquecetuba,1733426948,26.95,92,1013,Rain,normal
3459424,Itaquaquecetuba,1733513348,26.29,53,1009,Clear,normal
3459424,Itaquaquecetuba,1733599748,28.76,82,1016,Clear,normal
3459424,Itaquaquecetuba,1733686148,25.6,76,1008,Clouds,pressure_drop
3459424,Itaquaquecetuba,1733772548,24.31,51,1011,Clear,normal
3459424,Itaquaquecetuba,1733858948,28.56,62,1011,Rain,normal
3459424,Itaquaquecetuba,1733945348,25.72,73,1019,Rain,normal
3459424,Itaquaquecetuba,1734031748,26.78,75,1021,Clear,normal
3459424,Itaquaquecetuba,1734118148,26.7,69,1018,Clear,normal
3459424,Itaquaquecetuba,1734204548,24.69,75,1015,Clouds,normal
3459424,Itaquaquecetuba,1734290948,28.83,91,1017,Clear,normal
3459424,Itaquaquecetuba,1734377348,22.65,78,1011,Clouds,normal
3459424,Itaquaquecetuba,1734463748,26.81,79,1014,Clear,normal
3459424,Itaquaquecetuba,1734550148,25.96,56,1013,Clear,normal
3459424,Itaquaquecetuba,1734636548,27.52,93,1009,Rain,storm_event
3459424,Itaquaquecetuba,1734722948,25.56,50,1022,Clouds,normal
3459424,Itaquaquecetuba,1734809348,26.97,87,1008,Clear,pressure_drop
3459424,Itaquaquecetuba,1734895748,22.94,97,1012,Clouds,extreme_humidity
3459424,Itaquaquecetuba,1734982148,27.1,92,1013,Clear,normal
3459424,Itaquaquecetuba,1735068548,22.84,69,1022,Clouds,normal
3459424,Itaquaquecetuba,1735154948,24.42,81,1015,Clear,normal
3459424,Itaquaquecetuba,1735241348,25.61,78,1015,Rain,normal
3459424,Itaquaquecetuba,1735327748,22.56,40,1014,Clear,normal
3459424,Itaquaquecetuba,1735414148,24.82,83,1012,Clear,normal
3459424,Itaquaquecetuba,1735500548,22.06,59,1020,Clouds,normal
3459424,Itaquaquecetuba,1735586948,29.68,92,1013,Clear,normal
3459424,Itaquaquecetuba,1735673348,21.27,73,1016,Clear,normal
3459424,Itaquaquecetuba,1735759748,30.86,50,1021,Clouds,normal
3459424,Itaquaquecetuba,1735846148,27.58,65,1012,Clear,normal
3459424,Itaquaquecetuba,1735932548,27.09,51,1014,Clear,normal
3459424,Itaquaquecetuba,1736018948,25.26,40,1009,Clear,normal
3459424,Itaquaquecetuba,1736105348,18.43,87,1008,Rain,pressure_drop
3459424,Itaquaquecetuba,1736191748,27.11,46,1018,Clear,normal
3459424,Itaquaquecetuba,1736278148,29.8,92,1018,Clear,normal
3459424,Itaquaquecetuba,1736364548,25.96,66,1016,Clouds,normal
3459424,Itaquaquecetuba,1736450948,25.61,56,1009,Clear,normal
3459424,Itaquaquecetuba,1736537348,27.09,53,1017,Clear,normal
3459424,Itaquaquecetuba,1736623748,27.11,55,1018,Rain,normal
3459424,Itaquaquecetuba,1736710148,26.06,55,1016,Rain,normal
3459424,Itaquaquecetuba,1736796548,25.95,97,1009,Rain,extreme_humidity
3459424,Itaquaquecetuba,1736882948,24.4,84,1015,Clear,normal
3459424,Itaquaquecetuba,1736969348,29.67,90,1020,Clear,normal
3459424,Itaquaquecetuba,1737055748,25.55,85,1014,Rain,normal
3459424,Itaquaquecetuba,1737142148,26.6,84,1008,Clear,pressure_drop
3459424,Itaquaquecetuba,1737228548,22.59,61,1016,Clouds,normal
3459424,Itaquaquecetuba,1737314948,20.43,47,1016,Clear,normal
3459424,Itaquaquecetuba,1737401348,25.67,58,1018,Clear,normal
3459424,Itaquaquecetuba,1737487748,28.79,61,1014,Clouds,normal
3459424,Itaquaquecetuba,1737574148,28.57,74,1009,Rain,normal
3459424,Itaquaquecetuba,1737660548,24.39,76,1009,Rain,normal
3459424,Itaquaquecetuba,1737746948,31.43,82,1009,Clouds,normal
3459424,Itaquaquecetuba,1737833348,29.47,58,1014,Clouds,normal
3459424,Itaquaquecetuba,1737919748,27.98,71,1017,Clouds,normal
3459424,Itaquaquecetuba,1738006148,24.42,59,1012,Clouds,normal
3459424,Itaquaquecetuba,1738092548,28.21,54,1018,Clouds,normal
3459424,Itaquaquecetuba,1738178948,19.75,92,1013,Thunderstorm,storm_event
3459424,Itaquaquecetuba,1738265348,26.84,54,1010,Clear,normal
3459424,Itaquaquecetuba,1738351748,22.43,69,1020,Clouds,normal
3459424,Itaquaquecetuba,1738438148,25.41,63,1018,Clouds,normal
3459424,Itaquaquecetuba,1738524548,22.72,63,1008,Clear,pressure_drop
3459424,Itaquaquecetuba,1738610948,28.66,58,1017,Clear,normal
3459424,Itaquaquecetuba,1738697348,23.32,65,1017,Rain,normal
3459424,Itaquaquecetuba,1738783748,27.42,85,1011,Rain,normal
3459424,Itaquaquecetuba,1738870148,23.76,74,1012,Rain,normal
3459424,Itaquaquecetuba,1738956548,25.15,75,1011,Clear,normal
3459424,Itaquaquecetuba,1739042948,25.01,87,1017,Rain,normal
3459424,Itaquaquecetuba,1739129348,29.44,67,1012,Clear,normal
3459424,Itaquaquecetuba,1739215748,18.52,65,1017,Clear,cold_snap
3459424,Itaquaquecetuba,1739302148,24.7,69,1008,Clouds,pressure_drop
3459424,Itaquaquecetuba,1739388548,25.72,56,1011,Clear,normal
3459424,Itaquaquecetuba,1739474948,22.6,90,1019,Clouds,normal
3459424,Itaquaquecetuba,1739561348,27.89,81,1012,Clear,normal
3459424,Itaquaquecetuba,1739647748,25.72,74,1013,Clear,normal
3459424,Itaquaquecetuba,1739734148,25.67,60,1017,Clear,normal
3459424,Itaquaquecetuba,1739820548,20.67,40,1016,Clear,normal
3459424,Itaquaquecetuba,1739906948,22.27,60,1022,Clear,normal
3459424,Itaquaquecetuba,1739993348,28.64,54,1009,Clear,normal
3459424,Itaquaquecetuba,1740079748,21.98,55,1011,Drizzle,normal
3459424,Itaquaquecetuba,1740166148,26.57,54,1017,Clear,normal
3459424,Itaquaquecetuba,1740252548,25.64,55,1013,Drizzle,normal
3459424,Itaquaquecetuba,1740338948,25.59,48,1021,Clouds,normal
3459424,Itaquaquecetuba,1740425348,24.14,56,1022,Clear,normal
3459424,Itaquaquecetuba,1740511748,27.38,62,1014,Clear,normal
3459424,Itaquaquecetuba,1740598148,30.19,74,1009,Rain,normal
3459424,Itaquaquecetuba,1740684548,27.18,60,1013,Clear,normal
3459424,Itaquaquecetuba,1740770948,31.52,35,1015,Clear,drought
3459424,Itaquaquecetuba,1740857348,24.42,40,1016,Clear,normal
3459424,Itaquaquecetuba,1740943748,25.31,84,1013,Clear,normal
3459424,Itaquaquecetuba,1741030148,23.4,52,1021,Clear,normal
3459424,Itaquaquecetuba,1741116548,29.71,53,1016,Clear,normal
3459424,Itaquaquecetuba,1741202948,28.01,89,1017,Clear,normal
3459424,Itaquaquecetuba,1741289348,22.1,72,1017,Clouds,normal
3459424,Itaquaquecetuba,1741375748,24.7,70,1009,Rain,normal
3459424,Itaquaquecetuba,1741462148,29.66,85,1017,Clouds,normal
3459424,Itaquaquecetuba,1741548548,25.67,79,1010,Clear,normal
3459424,Itaquaquecetuba,1741634948,25.46,64,1016,Clear,normal
3459424,Itaquaquecetuba,1741721348,27.49,92,1018,Clouds,normal
3459424,Itaquaquecetuba,1741807748,22.1,49,1020,Clouds,normal
3459424,Itaquaquecetuba,1741894148,28.25,75,1015,Clear,normal
3459424,Itaquaquecetuba,1741980548,25.02,92,1012,Clouds,normal
3459424,Itaquaquecetuba,1742066948,30.98,37,1015,Clear,drought
3459424,Itaquaquecetuba,1742153348,23.85,54,1016,Clear,normal
3459424,Itaquaquecetuba,1742239748,27.37,79,1018,Rain,normal
3459424,Itaquaquecetuba,1742326148,22.89,80,1009,Clear,normal
3459424,Itaquaquecetuba,1742412548,27.08,57,1008,Rain,pressure_drop
3459424,Itaquaquecetuba,1742498948,24.89,98,1016,Clouds,extreme_humidity
3459424,Itaquaquecetuba,1742585348,29.66,60,1012,Clear,normal
3459424,Itaquaquecetuba,1742671748,31.13,65,1018,Clear,normal
3459424,Itaquaquecetuba,1742758148,28.47,85,1010,Clear,normal
3459424,Itaquaquecetuba,1742844548,26.73,84,1020,Clear,normal
3459424,Itaquaquecetuba,1742930948,29.02,64,1010,Rain,normal
3459424,Itaquaquecetuba,1743017348,25.78,81,1017,Clear,normal
3459424,Itaquaquecetuba,1743103748,30.07,39,1010,Clear,drought
3459424,Itaquaquecetuba,1743190148,28.51,69,1009,Rain,normal
3459424,Itaquaquecetuba,1743276548,27.89,89,1008,Clouds,pressure_drop
3459424,Itaquaquecetuba,1743362948,26.56,68,1017,Clear,normal
3459424,Itaquaquecetuba,1743449348,27.71,40,1019,Clear,normal
3459424,Itaquaquecetuba,1743535748,16.81,70,1016,Clear,normal
3459424,Itaquaquecetuba,1743622148,20.3,98,1009,Rain,storm_event
3459424,Itaquaquecetuba,1743708548,18.79,69,1018,Clear,normal
3459424,Itaquaquecetuba,1743794948,22.55,87,1018,Clear,normal
3459424,Itaquaquecetuba,1743881348,22.76,73,1018,Clouds,normal
3459424,Itaquaquecetuba,1743967748,20.26,73,1015,Clear,normal
3459424,Itaquaquecetuba,1744054148,13.74,40,1018,Clear,cold_snap
3459424,Itaquaquecetuba,1744140548,18.12,67,1015,Clear,normal
3459424,Itaquaquecetuba,1744226948,18.85,83,1022,Clear,normal
3459424,Itaquaquecetuba,1744313348,16.95,61,1020,Clear,normal
3459424,Itaquaquecetuba,1744399748,21.44,54,1022,Clear,normal
3459424,Itaquaquecetuba,1744486148,21.13,56,1012,Clear,normal
3459424,Itaquaquecetuba,1744572548,20.74,90,1009,Rain,normal
3459424,Itaquaquecetuba,1744658948,17.45,95,1012,Thunderstorm,storm_event
3459424,Itaquaquecetuba,1744745348,20.1,56,1012,Clear,normal
3459424,Itaquaquecetuba,1744831748,23.45,79,1019,Clear,normal
3459424,Itaquaquecetuba,1744918148,20.03,92,1016,Rain,normal
3459424,Itaquaquecetuba,1745004548,20.87,80,1015,Clear,normal
3459424,Itaquaquecetuba,1745090948,22.58,59,1016,Rain,normal
3459424,Itaquaquecetuba,1745177348,25.24,68,1011,Clear,normal
3459424,Itaquaquecetuba,1745263748,15.81,73,1018,Clear,normal
3459424,Itaquaquecetuba,1745350148,20.72,58,1016,Clear,normal
3459424,Itaquaquecetuba,1745436548,25.3,67,1008,Clouds,pressure_drop
3459424,Itaquaquecetuba,1745522948,22.7,79,1017,Clear,normal
3459424,Itaquaquecetuba,1745609348,16.42,97,1010,Thunderstorm,storm_event
3459424,Itaquaquecetuba,1745695748,18.04,98,1015,Clouds,extreme_humidity
3459424,Itaquaquecetuba,1745782148,20.98,69,1011,Clear,normal
3459424,Itaquaquecetuba,1745868548,18.63,57,1014,Clouds,normal
3459424,Itaquaquecetuba,1745954948,18.78,69,1017,Clear,normal
3459424,Itaquaquecetuba,1746041348,21.0,47,1016,Clouds,normal
3459424,Itaquaquecetuba,1746127748,14.8,64,1013,Clouds,normal
3459424,Itaquaquecetuba,1746214148,24.49,82,1013,Clear,normal
3459424,Itaquaquecetuba,1746300548,27.67,62,1016,Clouds,normal
3459424,Itaquaquecetuba,1746386948,18.47,85,1012,Rain,normal
3459424,Itaquaquecetuba,1746473348,17.08,82,1016,Clear,normal
3459424,Itaquaquecetuba,1746559748,10.67,71,1020,Clouds,cold_snap
3459424,Itaquaquecetuba,1746646148,16.75,87,1018,Rain,normal
3459424,Itaquaquecetuba,1746732548,19.95,76,1016,Drizzle,normal
3459424,Itaquaquecetuba,1746818948,26.08,83,1013,Clear,normal
3459424,Itaquaquecetuba,1746905348,11.09,74,1016,Clouds,cold_snap
3459424,Itaquaquecetuba,1746991748,20.43,74,1009,Clear,normal
3459424,Itaquaquecetuba,1747078148,21.93,86,1014,Clear,normal
3459424,Itaquaquecetuba,1747164548,15.78,64,1016,Clouds,normal
3459424,Itaquaquecetuba,1747250948,23.73,67,1014,Clear,normal
3459424,Itaquaquecetuba,1747337348,19.13,63,1013,Rain,normal
3459424,Itaquaquecetuba,1747423748,19.97,92,1022,Clear,normal
3459424,Itaquaquecetuba,1747510148,24.94,82,1013,Clear,normal
3459424,Itaquaquecetuba,1747596548,17.98,60,1014,Drizzle,normal
3459424,Itaquaquecetuba,1747682948,20.52,53,1013,Clear,normal
3459424,Itaquaquecetuba,1747769348,23.65,64,1010,Clouds,normal
3459424,Itaquaquecetuba,1747855748,22.78,84,1017,Clear,normal
3459424,Itaquaquecetuba,1747942148,22.58,86,1014,Rain,normal
3459424,Itaquaquecetuba,1748028548,20.94,93,1013,Thunderstorm,storm_event
3459424,Itaquaquecetuba,1748114948,17.44,74,1011,Clouds,normal
3459424,Itaquaquecetuba,1748201348,23.79,92,1017,Clouds,normal
3459424,Itaquaquecetuba,1748287748,17.18,87,1010,Rain,normal
3459424,Itaquaquecetuba,1748374148,10.15,75,1021,Rain,cold_snap
3459424,Itaquaquecetuba,1748460548,12.05,53,1017,Clouds,cold_snap
3459424,Itaquaquecetuba,1748546948,20.76,56,1019,Clear,normal
3459424,Itaquaquecetuba,1748633348,27.67,55,1012,Rain,normal
3459424,Itaquaquecetuba,1748719748,10.15,55,1016,Rain,cold_snap
3459424,Itaquaquecetuba,1748806148,12.42,42,1012,Clouds,normal
3459424,Itaquaquecetuba,1748892548,15.77,72,1013,Clear,normal
3459424,Itaquaquecetuba,1748978948,16.81,92,1020,Rain,normal
3459424,Itaquaquecetuba,1749065348,19.36,73,1008,Clear,pressure_drop
3459424,Itaquaquecetuba,1749151748,18.7,85,1016,Rain,normal
3459424,Itaquaquecetuba,1749238148,16.17,57,1011,Clear,normal
3459424,Itaquaquecetuba,1749324548,18.57,55,1011,Drizzle,normal
3459424,Itaquaquecetuba,1749410948,16.72,79,1015,Clear,normal
3459424,Itaquaquecetuba,1749497348,13.42,71,1011,Clear,normal
3459424,Itaquaquecetuba,1749583748,15.1,83,1015,Rain,normal
3459424,Itaquaquecetuba,1749670148,17.49,81,1013,Clouds,normal
3459424,Itaquaquecetuba,1749756548,21.16,79,1017,Clear,normal
3459424,Itaquaquecetuba,1749842948,17.52,45,1014,Clouds,normal
3459424,Itaquaquecetuba,1749929348,13.57,87,1017,Clouds,normal
3459424,Itaquaquecetuba,1750015748,18.86,45,1020,Clear,normal
3459424,Itaquaquecetuba,1750102148,20.52,88,1020,Clear,normal
3459424,Itaquaquecetuba,1750188548,17.82,65,1022,Clouds,normal
3459424,Itaquaquecetuba,1750274948,15.44,72,1020,Clear,normal
3459424,Itaquaquecetuba,1750361348,13.41,88,1015,Rain,normal
3459424,Itaquaquecetuba,1750447748,20.71,88,1021,Clouds,normal
3459424,Itaquaquecetuba,1750534148,17.11,94,1009,Rain,storm_event
3459424,Itaquaquecetuba,1750620548,15.91,75,1018,Rain,normal
3459424,Itaquaquecetuba,1750706948,20.79,84,1013,Clear,normal
3459424,Itaquaquecetuba,1750793348,13.69,83,1012,Drizzle,normal
3459424,Itaquaquecetuba,1750879748,17.28,92,1013,Rain,normal
3459424,Itaquaquecetuba,1750966148,19.08,92,1018,Rain,normal
3459424,Itaquaquecetuba,1751052548,11.65,85,1008,Rain,pressure_drop
3459424,Itaquaquecetuba,1751138948,18.2,84,1009,Rain,normal
3459424,Itaquaquecetuba,1751225348,17.55,65,1015,Clouds,normal
3459424,Itaquaquecetuba,1751311748,16.96,48,1017,Clouds,normal
3459424,Itaquaquecetuba,1751398148,8.33,69,1017,Clear,cold_snap
3459424,Itaquaquecetuba,1751484548,18.05,87,1008,Rain,pressure_drop
3459424,Itaquaquecetuba,1751570948,18.02,81,1015,Clouds,normal
3459424,Itaquaquecetuba,1751657348,18.48,68,1016,Clear,normal
3459424,Itaquaquecetuba,1751743748,11.72,71,1012,Clear,normal
3459424,Itaquaquecetuba,1751830148,14.45,80,1012,Clear,normal
3459424,Itaquaquecetuba,1751916548,13.59,53,1015,Clear,normal
3459424,Itaquaquecetuba,1752002948,18.6,92,1009,Rain,normal
3459424,Itaquaquecetuba,1752089348,15.58,62,1010,Rain,normal
3459424,Itaquaquecetuba,1752175748,8.33,59,1015,Clouds,cold_snap
3459424,Itaquaquecetuba,1752262148,16.51,79,1015,Clear,normal
3459424,Itaquaquecetuba,1752348548,16.38,73,1014,Clouds,normal
3459424,Itaquaquecetuba,1752434948,18.74,81,1015,Clear,normal
3459424,Itaquaquecetuba,1752521348,17.72,73,1019,Clouds,normal
3459424,Itaquaquecetuba,1752607748,20.33,55,1013,Clouds,normal
3459424,Itaquaquecetuba,1752694148,14.9,44,1015,Clear,normal
3459424,Itaquaquecetuba,1752780548,13.95,65,1013,Clear,normal
3459424,Itaquaquecetuba,1752866948,13.8,94,1013,Thunderstorm,storm_event
3459424,Itaquaquecetuba,1752953348,17.1,72,1013,Clouds,normal
3459424,Itaquaquecetuba,1753039748,17.89,68,1008,Clear,pressure_drop
3459424,Itaquaquecetuba,1753126148,12.69,44,1009,Clouds,normal
3459424,Itaquaquecetuba,1753212548,18.72,59,1013,Clouds,normal
3459424,Itaquaquecetuba,1753298948,14.23,92,1010,Rain,normal
3459424,Itaquaquecetuba,1753385348,13.26,91,1012,Thunderstorm,storm_event
3459424,Itaquaquecetuba,1753471748,14.09,66,1008,Clear,pressure_drop
3459424,Itaquaquecetuba,1753558148,18.41,90,1017,Rain,normal
3459424,Itaquaquecetuba,1753644548,16.47,54,1012,Clear,normal
3459424,Itaquaquecetuba,1753730948,19.37,78,1015,Clear,normal
3459424,Itaquaquecetuba,1753817348,16.54,84,1016,Clouds,normal
3459424,Itaquaquecetuba,1753903748,19.05,64,1016,Clouds,normal
3459424,Itaquaquecetuba,1753990148,18.09,92,1017,Drizzle,normal
3459424,Itaquaquecetuba,1754076548,20.51,51,1020,Clear,normal
3459424,Itaquaquecetuba,1754162948,17.01,71,1011,Rain,normal
3459424,Itaquaquecetuba,1754249348,20.61,35,1014,Clear,drought
3459424,Itaquaquecetuba,1754335748,16.12,55,1015,Drizzle,normal
3459424,Itaquaquecetuba,1754422148,18.84,54,1015,Clouds,normal
3459424,Itaquaquecetuba,1754508548,18.36,92,1012,Drizzle,normal
3459424,Itaquaquecetuba,1754594948,15.93,83,1013,Clear,normal
3459424,Itaquaquecetuba,1754681348,14.04,73,1013,Clear,normal
3459424,Itaquaquecetuba,1754767748,15.96,66,1019,Clear,normal
3459424,Itaquaquecetuba,1754854148,19.89,54,1008,Clouds,pressure_drop
3459424,Itaquaquecetuba,1754940548,13.2,85,1020,Drizzle,normal
3459424,Itaquaquecetuba,1755026948,12.13,62,1015,Clear,normal
3459424,Itaquaquecetuba,1755113348,14.01,87,1016,Rain,normal
3459424,Itaquaquecetuba,1755199748,16.48,76,1016,Clouds,normal
3459424,Itaquaquecetuba,1755286148,18.19,56,1016,Rain,normal
3459424,Itaquaquecetuba,1755372548,17.43,55,1014,Rain,normal
3459424,Itaquaquecetuba,1755458948,18.59,61,1010,Drizzle,normal
3459424,Itaquaquecetuba,1755545348,18.0,88,1009,Clear,normal
3459424,Itaquaquecetuba,1755631748,15.05,81,1012,Rain,normal
3459424,Itaquaquecetuba,1755718148,14.74,70,1016,Clouds,normal
3459424,Itaquaquecetuba,1755804548,14.69,75,1015,Clouds,normal
3459424,Itaquaquecetuba,1755890948,18.06,65,1015,Drizzle,normal
3459424,Itaquaquecetuba,1755977348,20.84,54,1011,Clouds,normal
3459424,Itaquaquecetuba,1756063748,20.24,50,1008,Clear,pressure_drop
3459424,Itaquaquecetuba,1756150148,14.86,62,1010,Clear,normal
3459424,Itaquaquecetuba,1756236548,11.94,84,1014,Rain,normal
3459424,Itaquaquecetuba,1756322948,16.57,57,1018,Clouds,normal
3459424,Itaquaquecetuba,1756409348,20.43,82,1009,Rain,normal
3459424,Itaquaquecetuba,1756495748,20.26,87,1019,Drizzle,normal
3459424,Itaquaquecetuba,1756582148,15.11,56,1016,Clouds,normal
3459424,Itaquaquecetuba,1756668548,16.61,55,1012,Rain,normal
3459424,Itaquaquecetuba,1756754948,22.61,75,1015,Clouds,normal
3459424,Itaquaquecetuba,1756841348,20.41,44,1012,Clear,normal
3459424,Itaquaquecetuba,1756927748,22.96,55,1008,Rain,pressure_drop
3459424,Itaquaquecetuba,1757014148,19.9,58,1017,Clouds,normal
3459424,Itaquaquecetuba,1757100548,18.35,59,1015,Clouds,normal
3459424,Itaquaquecetuba,1757186948,21.5,65,1018,Clear,normal
3459424,Itaquaquecetuba,1757273348,16.99,85,1019,Clear,normal
3459424,Itaquaquecetuba,1757359748,21.15,85,1015,Clear,normal
3459424,Itaquaquecetuba,1757446148,23.62,70,1022,Clear,normal
3459424,Itaquaquecetuba,1757532548,20.95,69,1015,Rain,normal
3459424,Itaquaquecetuba,1757618948,18.3,64,1019,Clear,normal
3459424,Itaquaquecetuba,1757705348,21.13,92,1022,Clear,normal
3459424,Itaquaquecetuba,1757791748,22.55,58,1016,Drizzle,normal
3459424,Itaquaquecetuba,1757878148,22.33,60,1012,Clouds,normal
3459424,Itaquaquecetuba,1757964548,18.19,72,1020,Clear,normal
3459424,Itaquaquecetuba,1758050948,23.41,58,1016,Clouds,normal
3459424,Itaquaquecetuba,1758137348,19.33,98,1018,Rain,extreme_humidity
3459424,Itaquaquecetuba,1758223748,20.63,54,1016,Clouds,normal
3459424,Itaquaquecetuba,1758310148,22.68,58,1015,Clouds,normal
3459424,Itaquaquecetuba,1758396548,14.42,35,1018,Rain,cold_snap
3459424,Itaquaquecetuba,1758482948,17.52,73,1008,Clear,pressure_drop
3459424,Itaquaquecetuba,1758569348,19.71,55,1014,Drizzle,normal
3459424,Itaquaquecetuba,1758655748,16.68,91,1012,Clouds,normal
3459424,Itaquaquecetuba,1758742148,22.89,72,1015,Clouds,normal
3459424,Itaquaquecetuba,1758828548,23.78,50,1019,Clouds,normal
3459424,Itaquaquecetuba,1758914948,17.45,49,1015,Clouds,normal
3459424,Itaquaquecetuba,1759001348,19.1,68,1014,Clouds,normal
3459424,Itaquaquecetuba,1759087748,19.0,56,1012,Clouds,normal
3459424,Itaquaquecetuba,1759174148,15.31,90,1011,Thunderstorm,storm_event
3459424,Itaquaquecetuba,1759260548,19.97,55,1012,Clear,normal
3459424,Itaquaquecetuba,1759346948,21.67,46,1014,Clear,normal
3459424,Itaquaquecetuba,1759433348,19.78,61,1017,Rain,normal
3459424,Itaquaquecetuba,1759519748,22.79,61,1015,Clear,normal
3459424,Itaquaquecetuba,1759606148,18.98,89,1011,Clouds,normal
3459424,Itaquaquecetuba,1759692548,26.22,84,1016,Rain,normal
3459424,Itaquaquecetuba,1759778948,20.46,67,1019,Clear,normal
3459424,Itaquaquecetuba,1759865348,19.73,61,1016,Clouds,normal
3459424,Itaquaquecetuba,1759951748,20.63,47,1018,Clear,normal
3459424,Itaquaquecetuba,1760038148,22.02,53,1012,Clouds,normal
3459424,Itaquaquecetuba,1760124548,21.86,93,1013,Thunderstorm,storm_event
3459424,Itaquaquecetuba,1760210948,27.7,37,1015,Clear,drought
3459424,Itaquaquecetuba,1760297348,20.09,74,1009,Rain,normal
3459424,Itaquaquecetuba,1760383748,21.78,66,1017,Clear,normal
3459424,Itaquaquecetuba,1760470148,25.5,79,1015,Clear,normal
3459424,Itaquaquecetuba,1760556548,21.96,55,1017,Drizzle,normal
3459424,Itaquaquecetuba,1760642948,25.68,57,1014,Clouds,normal
3459424,Itaquaquecetuba,1760729348,20.85,92,1014,Clear,normal
3459424,Itaquaquecetuba,1760815748,17.81,91,1012,Thunderstorm,storm_event
3459424,Itaquaquecetuba,1760902148,22.74,48,1013,Clear,normal
3459424,Itaquaquecetuba,1760988548,19.84,40,1009,Clear,normal
3459424,Itaquaquecetuba,1761074948,17.02,87,1014,Clear,normal
3459424,Itaquaquecetuba,1761161348,22.2,48,1013,Clear,normal
3459424,Itaquaquecetuba,1761247748,24.37,77,1008,Rain,pressure_drop
3459424,Itaquaquecetuba,1761334148,22.24,93,1009,Rain,storm_event
3459424,Itaquaquecetuba,1761420548,17.48,67,1011,Clouds,normal
3459424,Itaquaquecetuba,1761506948,18.16,67,1017,Clear,normal
3459424,Itaquaquecetuba,1761593348,23.75,80,1018,Rain,normal
3459424,Itaquaquecetuba,1761679748,16.07,72,1009,Rain,normal
3459424,Itaquaquecetuba,1761766148,22.22,61,1008,Drizzle,pressure_drop
3459424,Itaquaquecetuba,1761852548,24.14,76,1011,Clear,normal
3459424,Itaquaquecetuba,1761938948,14.27,60,1020,Clouds,cold_snap
3459424,Itaquaquecetuba,1762025348,22.75,71,1014,Rain,normal
3459424,Itaquaquecetuba,1762111748,18.44,70,1017,Clouds,normal
3459424,Itaquaquecetuba,1762198148,16.21,63,1017,Clear,normal
3459424,Itaquaquecetuba,1762284548,23.49,56,1013,Clouds,normal
3459424,Itaquaquecetuba,1762370948,18.57,79,1019,Clouds,normal
3459424,Itaquaquecetuba,1762457348,20.39,92,1019,Clouds,normal
3459424,Itaquaquecetuba,1762543748,23.74,40,1017,Clear,normal
3459424,Itaquaquecetuba,1762630148,23.43,36,1015,Clear,drought
3459424,Itaquaquecetuba,1762716548,19.62,56,1018,Clouds,normal
3459424,Itaquaquecetuba,1762802948,19.44,63,1013,Clouds,normal
3459424,Itaquaquecetuba,1762889348,21.94,52,1020,Clouds,normal
3459424,Itaquaquecetuba,1762975748,16.31,69,1011,Clear,normal
3459424,Itaquaquecetuba,1763062148,20.47,76,1017,Clear,normal
3459424,Itaquaquecetuba,1763148548,25.49,54,1020,Clear,normal
3459424,Itaquaquecetuba,1763234948,20.7,98,1017,Clouds,extreme_humidity
3459424,Itaquaquecetuba,1763321348,19.6,72,1014,Rain,normal
3459424,Itaquaquecetuba,1763407748,18.29,64,1011,Rain,normal
3459424,Itaquaquecetuba,1763494148,18.93,73,1022,Clear,normal
3459424,Itaquaquecetuba,1763580548,18.23,61,1010,Clear,normal
3459424,Itaquaquecetuba,1763666948,23.47,35,1011,Clear,drought
3459424,Itaquaquecetuba,1763753348,23.21,71,1011,Clear,normal
3459424,Itaquaquecetuba,1763839748,20.47,69,1008,Clouds,pressure_drop
3459424,Itaquaquecetuba,1763926148,20.09,58,1012,Clouds,normal
3459424,Itaquaquecetuba,1764012548,19.78,96,1013,Thunderstorm,storm_event
3459424,Itaquaquecetuba,1764098948,22.84,45,1015,Clear,normal
3459424,Itaquaquecetuba,1764185348,21.63,81,1008,Clouds,pressure_drop
3459424,Itaquaquecetuba,1764271748,18.54,54,1016,Clear,normal
3459424,Itaquaquecetuba,1764358148,18.52,71,1013,Clear,normal
3459424,Itaquaquecetuba,1764444548,16.65,61,1015,Clouds,normal
3459424,Itaquaquecetuba,1764530948,22.58,62,1016,Clear,normal
3459424,Itaquaquecetuba,1764617348,28.2,60,1009,Rain,normal
3459424,Itaquaquecetuba,1764703748,25.61,93,1009,Rain,storm_event
3459424,Itaquaquecetuba,1764790148,27.56,73,1018,Rain,normal
3459424,Itaquaquecetuba,1764876548,26.65,71,1009,Rain,normal
3459424,Itaquaquecetuba,1764962948,25.96,80,1015,Clouds,normal
3459424,Itaquaquecetuba,1765049348,24.99,71,1016,Clear,normal
3459424,Itaquaquecetuba,1765135748,23.25,80,1021,Clear,normal
3459424,Itaquaquecetuba,1765222148,21.27,87,1013,Clouds,normal
3459424,Itaquaquecetuba,1765308548,23.26,68,1013,Clear,normal
3459424,Itaquaquecetuba,1765394948,28.76,92,1010,Rain,normal
3459424,Itaquaquecetuba,1765481348,24.65,92,1016,Clear,normal
3459424,Itaquaquecetuba,1765567748,26.96,84,1013,Rain,normal
3459424,Itaquaquecetuba,1765654148,24.52,56,1012,Clear,normal
3459424,Itaquaquecetuba,1765740548,23.43,73,1017,Clear,normal
3459424,Itaquaquecetuba,1765826948,24.58,76,1013,Drizzle,normal
3459424,Itaquaquecetuba,1765913348,28.86,57,1017,Clear,normal
3459424,Itaquaquecetuba,1765999748,29.47,72,1014,Clouds,normal
3459424,Itaquaquecetuba,1766086148,25.16,48,1018,Clear,normal
3459424,Itaquaquecetuba,1766172548,26.02,65,1010,Rain,normal
3459424,Itaquaquecetuba,1766258948,21.76,98,1017,Clouds,extreme_humidity
3459424,Itaquaquecetuba,1766345348,28.32,40,1016,Clouds,normal
3459424,Itaquaquecetuba,1766431748,25.67,68,1013,Clear,normal
3459424,Itaquaquecetuba,1766518148,22.9,69,1019,Clear,normal
3459424,Itaquaquecetuba,1766604548,26.87,62,1021,Clouds,normal
3459424,Itaquaquecetuba,1766690948,27.83,50,1015,Clouds,normal
3459424,Itaquaquecetuba,1766777348,31.24,57,1013,Clear,normal
3459424,Itaquaquecetuba,1766863748,18.31,72,1018,Clear,cold_snap
3459424,Itaquaquecetuba,1766950148,28.17,47,1017,Clear,normal
3459424,Itaquaquecetuba,1767036548,24.39,71,1015,Clear,normal
3459424,Itaquaquecetuba,1767122948,29.91,86,1010,Clear,normal
3459424,Itaquaquecetuba,1767209348,29.85,78,1016,Clear,normal
3459424,Itaquaquecetuba,1767295748,27.61,50,1013,Clear,normal
3459424,Itaquaquecetuba,1767382148,29.98,39,1013,Clear,drought
3459424,Itaquaquecetuba,1767468548,23.33,88,1012,Clouds,normal
3459424,Itaquaquecetuba,1767554948,26.51,69,1015,Clear,normal
3459424,Itaquaquecetuba,1767641348,30.33,77,1008,Drizzle,pressure_drop
3459424,Itaquaquecetuba,1767727748,21.48,70,1009,Drizzle,normal
3459424,Itaquaquecetuba,1767814148,31.61,64,1014,Clear,normal
3459424,Itaquaquecetuba,1767900548,28.37,44,1021,Clouds,normal
3459424,Itaquaquecetuba,1767986948,29.31,57,1009,Clear,normal
3459424,Itaquaquecetuba,1768073348,22.89,83,1010,Clouds,normal
3459424,Itaquaquecetuba,1768159748,16.86,66,1017,Clouds,cold_snap
3459424,Itaquaquecetuba,1768246148,16.87,51,1015,Clouds,cold_snap
3459424,Itaquaquecetuba,1768332548,23.59,97,1010,Rain,extreme_humidity
3459424,Itaquaquecetuba,1768418948,21.33,65,1012,Clear,normal
3459424,Itaquaquecetuba,1768505348,26.17,62,1017,Clouds,normal
3459424,Itaquaquecetuba,1768591748,28.5,71,1014,Clouds,normal
3459424,Itaquaquecetuba,1768678148,26.54,83,1010,Drizzle,normal
3459424,Itaquaquecetuba,1768764548,26.21,85,1016,Clear,normal
3459424,Itaquaquecetuba,1768850948,24.18,60,1012,Clouds,normal
3459424,Itaquaquecetuba,1768937348,32.05,72,1016,Clear,normal
3459424,Itaquaquecetuba,1769023748,28.54,62,1013,Clear,normal
3459424,Itaquaquecetuba,1769110148,21.24,97,1009,Rain,storm_event
3459424,Itaquaquecetuba,1769196548,28.06,92,1010,Clear,normal
3459424,Itaquaquecetuba,1769282948,31.72,54,1016,Clear,normal
3459424,Itaquaquecetuba,1769369348,25.45,92,1008,Thunderstorm,storm_event
3459424,Itaquaquecetuba,1769455748,24.82,75,1015,Drizzle,normal
3459424,Itaquaquecetuba,1769542148,34.41,55,1008,Rain,pressure_drop
3459424,Itaquaquecetuba,1769628548,30.34,50,1015,Clear,normal
3459424,Itaquaquecetuba,1769714948,28.96,44,1014,Clear,normal
3459424,Itaquaquecetuba,1769801348,27.89,98,1014,Rain,extreme_humidity
3459424,Itaquaquecetuba,1769887748,31.91,89,1017,Clear,normal
3459424,Itaquaquecetuba,1769974148,20.67,47,1009,Clouds,normal
3459424,Itaquaquecetuba,1770060548,28.79,92,1019,Clear,normal
3459424,Itaquaquecetuba,1770146948,26.82,70,1009,Clouds,normal
3459424,Itaquaquecetuba,1770233348,21.26,92,1012,Thunderstorm,storm_event
3459424,Itaquaquecetuba,1770319748,24.86,71,1014,Clear,normal
3459424,Itaquaquecetuba,1770406148,28.2,92,1017,Rain,normal
3459424,Itaquaquecetuba,1770492548,19.73,95,1011,Thunderstorm,storm_event
3459424,Itaquaquecetuba,1770578948,27.48,78,1012,Rain,normal
3459424,Itaquaquecetuba,1770665348,30.18,46,1016,Clouds,normal
3459424,Itaquaquecetuba,1770751748,28.28,57,1012,Clear,normal
3459424,Itaquaquecetuba,1770838148,26.81,96,1008,Rain,pressure_drop
3459424,Itaquaquecetuba,1770924548,27.34,41,1018,Clear,normal
3459424,Itaquaquecetuba,1771010948,33.3,50,1008,Clouds,pressure_drop
3459424,Itaquaquecetuba,1771097348,22.86,69,1011,Clear,normal
3459424,Itaquaquecetuba,1771183748,25.3,75,1009,Rain,normal
3459424,Itaquaquecetuba,1771270148,25.05,74,1015,Clear,normal
3459424,Itaquaquecetuba,1771356548,20.25,94,1009,Thunderstorm,storm_event
3459424,Itaquaquecetuba,1771442948,21.28,82,1008,Clear,pressure_drop
3459424,Itaquaquecetuba,1771529348,24.68,51,1019,Clouds,normal
3459424,Itaquaquecetuba,1771615748,24.55,54,1015,Clear,normal
3459424,Itaquaquecetuba,1771702148,22.94,93,1009,Rain,storm_event
3459424,Itaquaquecetuba,1771788548,31.06,57,1016,Clear,normal
3459424,Itaquaquecetuba,1771874948,29.33,66,1008,Rain,pressure_drop
3459424,Itaquaquecetuba,1771961348,27.7,73,1009,Clouds,normal
3459424,Itaquaquecetuba,1772047748,25.37,58,1022,Clouds,normal
3459424,Itaquaquecetuba,1772134148,25.82,62,1014,Clear,normal
3459424,Itaquaquecetuba,1772220548,26.73,49,1016,Clear,normal
3459424,Itaquaquecetuba,1772306948,25.38,64,1021,Clear,normal
3459424,Itaquaquecetuba,1772393348,32.25,37,1015,Clear,drought
3459424,Itaquaquecetuba,1772479748,25.16,92,1016,Clouds,normal
3459424,Itaquaquecetuba,1772566148,31.13,58,1016,Clear,normal
3459424,Itaquaquecetuba,1772652548,28.86,68,1020,Clear,normal
3459424,Itaquaquecetuba,1772738948,25.15,63,1013,Clear,normal
3459424,Itaquaquecetuba,1772825348,28.74,49,1013,Clear,normal
3459424,Itaquaquecetuba,1772911748,29.56,66,1009,Rain,normal
3459424,Itaquaquecetuba,1772998148,29.43,71,1016,Clear,normal
3459424,Itaquaquecetuba,1773084548,27.73,77,1016,Clear,normal
3459424,Itaquaquecetuba,1773170948,30.13,55,1008,Rain,pressure_drop
3459424,Itaquaquecetuba,1773257348,27.99,70,1008,Clear,pressure_drop
3459424,Itaquaquecetuba,1773343748,29.15,83,1014,Clouds,normal
3459424,Itaquaquecetuba,1773430148,29.23,60,1014,Clouds,normal
3459424,Itaquaquecetuba,1773516548,25.49,46,1015,Clouds,normal
3459424,Itaquaquecetuba,1773602948,24.56,93,1009,Rain,storm_event
3459424,Itaquaquecetuba,1773689348,29.38,78,1011,Clear,normal
3459424,Itaquaquecetuba,1773775748,25.37,61,1019,Clear,normal
3459424,Itaquaquecetuba,1773862148,27.29,60,1008,Clouds,pressure_drop
3459424,Itaquaquecetuba,1773948548,25.45,89,1022,Clouds,normal
3459424,Itaquaquecetuba,1774034948,27.28,68,1019,Clouds,normal
3459424,Itaquaquecetuba,1774121348,23.18,92,1011,Clear,normal
3459424,Itaquaquecetuba,1774207748,28.44,92,1018,Clouds,normal
3459424,Itaquaquecetuba,1774294148,29.23,72,1011,Rain,normal
3459424,Itaquaquecetuba,1774380548,28.21,98,1009,Rain,extreme_humidity
3459424,Itaquaquecetuba,1774466948,25.93,97,1011,Rain,extreme_humidity
3459424,Itaquaquecetuba,1774553348,27.01,76,1011,Rain,normal
3459424,Itaquaquecetuba,1774639748,31.13,51,1015,Clouds,normal
3459424,Itaquaquecetuba,1774726148,22.51,81,1008,Clouds,pressure_drop
3459424,Itaquaquecetuba,1774812548,29.59,59,1012,Clear,normal
3459424,Itaquaquecetuba,1774898948,23.32,93,1012,Thunderstorm,storm_event
3459424,Itaquaquecetuba,1774985348,29.17,67,1021,Clear,normal
3459424,Itaquaquecetuba,1775071748,21.07,67,1016,Clear,normal
3459424,Itaquaquecetuba,1775158148,15.42,77,1016,Clear,normal
3459424,Itaquaquecetuba,1775244548,19.11,62,1009,Rain,normal
3459424,Itaquaquecetuba,1775330948,16.83,92,1011,Clouds,normal
3459424,Itaquaquecetuba,1775417348,20.47,49,1017,Clear,normal
3459424,Itaquaquecetuba,1775503748,18.75,87,1018,Clear,normal
3459424,Itaquaquecetuba,1775590148,19.88,73,1015,Clear,normal
3459424,Itaquaquecetuba,1775676548,18.93,94,1013,Thunderstorm,storm_event
3459424,Itaquaquecetuba,1775762948,22.0,65,1012,Drizzle,normal
3459424,Itaquaquecetuba,1775849348,24.54,73,1022,Clear,normal
3459424,Itaquaquecetuba,1775935748,18.67,86,1021,Rain,normal
3459424,Itaquaquecetuba,1776022148,24.26,40,1018,Clouds,normal
3459424,Itaquaquecetuba,1776108548,18.4,83,1015,Clouds,normal
3459424,Itaquaquecetuba,1776194948,20.44,66,1018,Clear,normal
3459424,Itaquaquecetuba,1776281348,22.53,54,1021,Clear,normal
3459424,Itaquaquecetuba,1776367748,24.59,74,1014,Clouds,normal
3459424,Itaquaquecetuba,1776454148,18.36,65,1013,Clear,normal
3459424,Itaquaquecetuba,1776540548,18.3,59,1014,Clouds,normal
3459424,Itaquaquecetuba,1776626948,22.42,68,1008,Clouds,pressure_drop
3459424,Itaquaquecetuba,1776713348,17.23,65,1011,Clouds,normal
3459424,Itaquaquecetuba,1776799748,15.99,88,1013,Thunderstorm,storm_event
3459424,Itaquaquecetuba,1776886148,18.19,58,1018,Clear,normal
3459424,Itaquaquecetuba,1776972548,24.74,96,1008,Rain,pressure_drop
3459424,Itaquaquecetuba,1777058948,18.11,88,1021,Clouds,normal
3459424,Itaquaquecetuba,1777145348,22.63,75,1021,Rain,normal
3459424,Itaquaquecetuba,1777231748,22.61,59,1011,Clear,normal
3459424,Itaquaquecetuba,1777318148,15.55,85,1012,Rain,normal
3459424,Itaquaquecetuba,1777404548,18.11,95,1009,Rain,storm_event
3459424,Itaquaquecetuba,1777490948,22.1,82,1020,Rain,normal
3459424,Itaquaquecetuba,1777577348,21.71,70,1020,Clear,normal
3459424,Itaquaquecetuba,1777663748,18.68,77,1020,Clouds,normal
3459424,Itaquaquecetuba,1777750148,23.14,71,1015,Clear,normal
3459424,Itaquaquecetuba,1777836548,21.42,64,1013,Clear,normal
3459424,Itaquaquecetuba,1777922948,19.4,98,1014,Clouds,extreme_humidity
3459424,Itaquaquecetuba,1778009348,17.54,65,1013,Clear,normal
3459424,Itaquaquecetuba,1778095748,25.02,67,1008,Drizzle,pressure_drop
3459424,Itaquaquecetuba,1778182148,19.92,60,1014,Clear,normal
3459424,Itaquaquecetuba,1778268548,23.48,65,1013,Clear,normal
3459424,Itaquaquecetuba,1778354948,18.74,97,1013,Thunderstorm,storm_event
3459424,Itaquaquecetuba,1778441348,22.59,46,1015,Clear,normal
3459424,Itaquaquecetuba,1778527748,21.46,71,1021,Clear,normal
3459424,Itaquaquecetuba,1778614148,20.69,89,1008,Thunderstorm,storm_event
3459424,Itaquaquecetuba,1778700548,21.05,92,1014,Rain,normal
3447814,São Vicente,1715714948,19.43,98,1009,Clouds,extreme_humidity
3447814,São Vicente,1715801348,19.75,68,1009,Clouds,normal
3447814,São Vicente,1715887748,27.19,77,1014,Drizzle,normal
3447814,São Vicente,1715974148,21.99,65,1008,Clouds,pressure_drop
3447814,São Vicente,1716060548,18.78,92,1012,Rain,normal
3447814,São Vicente,1716146948,16.06,91,1009,Thunderstorm,storm_event
3447814,São Vicente,1716233348,18.89,66,1010,Clouds,normal
3447814,São Vicente,1716319748,17.82,85,1016,Clouds,normal
3447814,São Vicente,1716406148,17.82,55,1017,Clouds,normal
3447814,São Vicente,1716492548,21.92,61,1013,Clear,normal
3447814,São Vicente,1716578948,24.71,66,1013,Clear,normal
3447814,São Vicente,1716665348,26.24,71,1013,Rain,normal
3447814,São Vicente,1716751748,20.19,92,1016,Rain,normal
3447814,São Vicente,1716838148,27.19,72,1014,Clouds,normal
3447814,São Vicente,1716924548,22.61,58,1008,Drizzle,pressure_drop
3447814,São Vicente,1717010948,23.55,75,1013,Rain,normal
3447814,São Vicente,1717097348,22.7,92,1009,Rain,normal
3447814,São Vicente,1717183748,22.06,52,1015,Clear,normal
3447814,São Vicente,1717270148,16.61,75,1018,Clear,normal
3447814,São Vicente,1717356548,15.75,77,1018,Clouds,normal
3447814,São Vicente,1717442948,21.11,57,1016,Clouds,normal
3447814,São Vicente,1717529348,14.32,85,1015,Clouds,normal
3447814,São Vicente,1717615748,20.86,70,1016,Clouds,normal
3447814,São Vicente,1717702148,14.78,61,1015,Clear,normal
3447814,São Vicente,1717788548,20.39,80,1013,Clouds,normal
3447814,São Vicente,1717874948,20.44,41,1015,Clear,normal
3447814,São Vicente,1717961348,21.56,78,1014,Clouds,normal
3447814,São Vicente,1718047748,15.21,92,1009,Clear,normal
3447814,São Vicente,1718134148,16.98,52,1015,Clear,normal
3447814,São Vicente,1718220548,20.84,67,1019,Clear,normal
3447814,São Vicente,1718306948,20.31,67,1019,Clear,normal
3447814,São Vicente,1718393348,13.31,98,1013,Thunderstorm,storm_event
3447814,São Vicente,1718479748,16.86,48,1017,Clear,normal
3447814,São Vicente,1718566148,21.56,63,1019,Clear,normal
3447814,São Vicente,1718652548,17.5,54,1018,Clear,normal
3447814,São Vicente,1718738948,15.73,75,1014,Clouds,normal
3447814,São Vicente,1718825348,18.11,52,1012,Clouds,normal
3447814,São Vicente,1718911748,18.4,98,1009,Clouds,extreme_humidity
3447814,São Vicente,1718998148,17.16,70,1013,Rain,normal
3447814,São Vicente,1719084548,16.13,55,1022,Clear,normal
3447814,São Vicente,1719170948,15.11,91,1013,Rain,normal
3447814,São Vicente,1719257348,19.39,92,1013,Clear,normal
3447814,São Vicente,1719343748,13.37,83,1013,Rain,normal
3447814,São Vicente,1719430148,16.94,70,1015,Clear,normal
3447814,São Vicente,1719516548,17.68,75,1015,Clear,normal
3447814,São Vicente,1719602948,18.6,62,1015,Clear,normal
3447814,São Vicente,1719689348,14.25,60,1018,Clear,normal
3447814,São Vicente,1719775748,17.94,52,1019,Clear,normal
3447814,São Vicente,1719862148,19.29,66,1012,Clear,normal
3447814,São Vicente,1719948548,16.09,63,1019,Clear,normal
3447814,São Vicente,1720034948,16.54,68,1015,Clouds,normal
3447814,São Vicente,1720121348,20.59,50,1008,Clear,pressure_drop
3447814,São Vicente,1720207748,14.34,94,1013,Thunderstorm,storm_event
3447814,São Vicente,1720294148,13.47,71,1018,Drizzle,normal
3447814,São Vicente,1720380548,16.16,48,1010,Clear,normal
3447814,São Vicente,1720466948,13.43,60,1015,Clouds,normal
3447814,São Vicente,1720553348,17.13,55,1012,Drizzle,normal
3447814,São Vicente,1720639748,16.74,55,1015,Clear,normal
3447814,São Vicente,1720726148,14.56,71,1015,Clouds,normal
3447814,São Vicente,1720812548,15.69,77,1009,Rain,normal
3447814,São Vicente,1720898948,16.11,53,1018,Clouds,normal
3447814,São Vicente,1720985348,19.59,54,1014,Clear,normal
3447814,São Vicente,1721071748,18.21,92,1013,Rain,normal
3447814,São Vicente,1721158148,22.59,69,1018,Clear,normal
3447814,São Vicente,1721244548,17.43,80,1017,Clear,normal
3447814,São Vicente,1721330948,17.05,59,1010,Clear,normal
3447814,São Vicente,1721417348,18.24,80,1010,Clear,normal
3447814,São Vicente,1721503748,16.95,65,1019,Clouds,normal
3447814,São Vicente,1721590148,16.85,73,1008,Clear,pressure_drop
3447814,São Vicente,1721676548,22.57,92,1013,Rain,normal
3447814,São Vicente,1721762948,19.76,60,1014,Clear,normal
3447814,São Vicente,1721849348,16.37,80,1013,Clear,normal
3447814,São Vicente,1721935748,14.84,52,1017,Clear,normal
3447814,São Vicente,1722022148,22.95,67,1015,Clouds,normal
3447814,São Vicente,1722108548,14.69,76,1014,Clear,normal
3447814,São Vicente,1722194948,20.8,57,1016,Clouds,normal
3447814,São Vicente,1722281348,18.16,50,1019,Clear,normal
3447814,São Vicente,1722367748,12.04,80,1017,Clear,normal
3447814,São Vicente,1722454148,17.53,84,1019,Clear,normal
3447814,São Vicente,1722540548,19.27,74,1015,Clouds,normal
3447814,São Vicente,1722626948,16.11,79,1019,Clouds,normal
3447814,São Vicente,1722713348,15.9,88,1016,Clear,normal
3447814,São Vicente,1722799748,13.37,62,1019,Clear,normal
3447814,São Vicente,1722886148,16.76,69,1020,Clouds,normal
3447814,São Vicente,1722972548,21.78,82,1017,Rain,normal
3447814,São Vicente,1723058948,21.75,57,1013,Clear,normal
3447814,São Vicente,1723145348,19.95,55,1009,Drizzle,normal
3447814,São Vicente,1723231748,20.81,51,1015,Clear,normal
3447814,São Vicente,1723318148,7.08,49,1017,Rain,cold_snap
3447814,São Vicente,1723404548,21.35,49,1009,Clear,normal
3447814,São Vicente,1723490948,10.58,74,1008,Rain,pressure_drop
3447814,São Vicente,1723577348,17.53,96,1008,Drizzle,pressure_drop
3447814,São Vicente,1723663748,15.33,63,1014,Clear,normal
3447814,São Vicente,1723750148,21.68,57,1012,Clouds,normal
3447814,São Vicente,1723836548,19.66,58,1016,Clear,normal
3447814,São Vicente,1723922948,22.31,89,1009,Rain,normal
3447814,São Vicente,1724009348,14.82,69,1011,Rain,normal
3447814,São Vicente,1724095748,16.53,61,1012,Drizzle,normal
3447814,São Vicente,1724182148,16.88,76,1009,Rain,normal
3447814,São Vicente,1724268548,20.46,40,1013,Clouds,normal
3447814,São Vicente,1724354948,14.69,53,1010,Clear,normal
3447814,São Vicente,1724441348,14.48,55,1019,Rain,normal
3447814,São Vicente,1724527748,19.39,77,1016,Drizzle,normal
3447814,São Vicente,1724614148,18.81,79,1019,Drizzle,normal
3447814,São Vicente,1724700548,19.63,57,1014,Drizzle,normal
3447814,São Vicente,1724786948,15.26,97,1009,Rain,storm_event
3447814,São Vicente,1724873348,15.52,59,1012,Rain,normal
3447814,São Vicente,1724959748,15.63,68,1013,Clouds,normal
3447814,São Vicente,1725046148,22.0,67,1013,Rain,normal
3447814,São Vicente,1725132548,15.33,47,1017,Clear,normal
3447814,São Vicente,1725218948,22.48,49,1019,Clouds,normal
3447814,São Vicente,1725305348,17.42,78,1019,Clear,normal
3447814,São Vicente,1725391748,17.96,76,1011,Rain,normal
3447814,São Vicente,1725478148,21.67,63,1012,Clear,normal
3447814,São Vicente,1725564548,24.08,81,1013,Rain,normal
3447814,São Vicente,1725650948,23.31,77,1017,Clear,normal
3447814,São Vicente,1725737348,22.52,43,1016,Clear,normal
3447814,São Vicente,1725823748,21.28,66,1013,Clouds,normal
3447814,São Vicente,1725910148,11.89,62,1017,Clouds,cold_snap
3447814,São Vicente,1725996548,23.05,72,1016,Clear,normal
3447814,São Vicente,1726082948,19.02,85,1012,Rain,normal
3447814,São Vicente,1726169348,17.92,40,1016,Clear,normal
3447814,São Vicente,1726255748,21.86,92,1011,Thunderstorm,storm_event
3447814,São Vicente,1726342148,16.3,71,1011,Rain,normal
3447814,São Vicente,1726428548,20.78,66,1016,Clear,normal
3447814,São Vicente,1726514948,21.7,65,1016,Clouds,normal
3447814,São Vicente,1726601348,17.45,92,1017,Rain,normal
3447814,São Vicente,1726687748,22.87,40,1020,Clear,normal
3447814,São Vicente,1726774148,20.01,76,1017,Clear,normal
3447814,São Vicente,1726860548,21.12,83,1015,Rain,normal
3447814,São Vicente,1726946948,21.11,90,1013,Clear,normal
3447814,São Vicente,1727033348,17.69,74,1012,Clear,normal
3447814,São Vicente,1727119748,24.25,72,1012,Rain,normal
3447814,São Vicente,1727206148,20.3,62,1009,Rain,normal
3447814,São Vicente,1727292548,17.46,69,1012,Clouds,normal
3447814,São Vicente,1727378948,24.78,51,1014,Clouds,normal
3447814,São Vicente,1727465348,16.76,60,1012,Rain,normal
3447814,São Vicente,1727551748,19.68,92,1018,Clear,normal
3447814,São Vicente,1727638148,19.83,73,1020,Clouds,normal
3447814,São Vicente,1727724548,21.24,97,1011,Drizzle,extreme_humidity
3447814,São Vicente,1727810948,17.65,79,1017,Clear,normal
3447814,São Vicente,1727897348,25.77,80,1019,Rain,normal
3447814,São Vicente,1727983748,18.38,78,1017,Clear,normal
3447814,São Vicente,1728070148,23.31,83,1015,Clear,normal
3447814,São Vicente,1728156548,21.33,90,1012,Thunderstorm,storm_event
3447814,São Vicente,1728242948,26.31,53,1017,Clouds,normal
3447814,São Vicente,1728329348,21.33,43,1012,Clouds,normal
3447814,São Vicente,1728415748,24.24,69,1017,Clouds,normal
3447814,São Vicente,1728502148,20.08,59,1013,Clouds,normal
3447814,São Vicente,1728588548,18.07,55,1017,Clear,normal
3447814,São Vicente,1728674948,20.0,50,1008,Clouds,pressure_drop
3447814,São Vicente,1728761348,19.24,90,1013,Thunderstorm,storm_event
3447814,São Vicente,1728847748,22.32,79,1015,Clear,normal
3447814,São Vicente,1728934148,26.37,40,1014,Clear,normal
3447814,São Vicente,1729020548,19.36,56,1015,Clouds,normal
3447814,São Vicente,1729106948,18.9,56,1019,Clouds,normal
3447814,São Vicente,1729193348,22.79,52,1020,Clouds,normal
3447814,São Vicente,1729279748,21.1,74,1021,Clouds,normal
3447814,São Vicente,1729366148,18.34,70,1011,Clouds,normal
3447814,São Vicente,1729452548,16.78,67,1009,Clear,normal
3447814,São Vicente,1729538948,16.0,71,1017,Clouds,normal
3447814,São Vicente,1729625348,24.73,76,1013,Clear,normal
3447814,São Vicente,1729711748,23.88,74,1015,Clouds,normal
3447814,São Vicente,1729798148,24.01,66,1015,Clouds,normal
3447814,São Vicente,1729884548,22.88,64,1014,Clouds,normal
3447814,São Vicente,1729970948,21.67,81,1011,Rain,normal
3447814,São Vicente,1730057348,19.49,74,1014,Clear,normal
3447814,São Vicente,1730143748,22.15,48,1010,Clear,normal
3447814,São Vicente,1730230148,19.62,78,1014,Clear,normal
3447814,São Vicente,1730316548,20.4,68,1018,Clouds,normal
3447814,São Vicente,1730402948,23.24,41,1017,Clear,normal
3447814,São Vicente,1730489348,20.3,55,1009,Rain,normal
3447814,São Vicente,1730575748,22.05,66,1011,Clouds,normal
3447814,São Vicente,1730662148,12.42,63,1022,Rain,cold_snap
3447814,São Vicente,1730748548,19.01,67,1015,Clear,normal
3447814,São Vicente,1730834948,21.65,65,1015,Clouds,normal
3447814,São Vicente,1730921348,20.72,92,1012,Clear,normal
3447814,São Vicente,1731007748,18.88,92,1013,Rain,normal
3447814,São Vicente,1731094148,19.99,75,1013,Clouds,normal
3447814,São Vicente,1731180548,25.31,54,1012,Clouds,normal
3447814,São Vicente,1731266948,16.1,77,1021,Clear,normal
3447814,São Vicente,1731353348,18.63,56,1008,Clear,pressure_drop
3447814,São Vicente,1731439748,21.94,90,1021,Clear,normal
3447814,São Vicente,1731526148,19.6,55,1017,Clear,normal
3447814,São Vicente,1731612548,21.17,66,1022,Clear,normal
3447814,São Vicente,1731698948,16.1,66,1016,Clear,normal
3447814,São Vicente,1731785348,24.27,61,1012,Clear,normal
3447814,São Vicente,1731871748,22.74,47,1013,Clear,normal
3447814,São Vicente,1731958148,17.44,51,1009,Clouds,normal
3447814,São Vicente,1732044548,19.63,63,1012,Clear,normal
3447814,São Vicente,1732130948,23.54,71,1022,Clouds,normal
3447814,São Vicente,1732217348,19.82,81,1013,Drizzle,normal
3447814,São Vicente,1732303748,20.02,79,1022,Clear,normal
3447814,São Vicente,1732390148,21.32,73,1016,Clouds,normal
3447814,São Vicente,1732476548,18.49,70,1015,Clear,normal
3447814,São Vicente,1732562948,16.1,64,1019,Clear,normal
3447814,São Vicente,1732649348,18.43,47,1015,Clear,normal
3447814,São Vicente,1732735748,22.33,68,1017,Clear,normal
3447814,São Vicente,1732822148,22.55,80,1014,Clear,normal
3447814,São Vicente,1732908548,22.89,59,1009,Clear,normal
3447814,São Vicente,1732994948,21.65,69,1015,Clear,normal
3447814,São Vicente,1733081348,23.46,71,1015,Clouds,normal
3447814,São Vicente,1733167748,22.37,80,1013,Clear,normal
3447814,São Vicente,1733254148,22.74,92,1014,Clouds,normal
3447814,São Vicente,1733340548,24.06,61,1014,Rain,normal
3447814,São Vicente,1733426948,24.77,64,1009,Clouds,normal
3447814,São Vicente,1733513348,28.39,89,1012,Clear,normal
3447814,São Vicente,1733599748,22.69,68,1019,Rain,normal
3447814,São Vicente,1733686148,28.22,92,1010,Rain,normal
3447814,São Vicente,1733772548,29.35,83,1013,Clear,normal
3447814,São Vicente,1733858948,22.33,53,1016,Clouds,normal
3447814,São Vicente,1733945348,27.4,68,1015,Clouds,normal
3447814,São Vicente,1734031748,28.68,83,1014,Clear,normal
3447814,São Vicente,1734118148,26.67,60,1018,Clear,normal
3447814,São Vicente,1734204548,26.35,74,1015,Clouds,normal
3447814,São Vicente,1734290948,26.41,92,1015,Clouds,normal
3447814,São Vicente,1734377348,24.26,96,1008,Clear,pressure_drop
3447814,São Vicente,1734463748,22.2,91,1008,Thunderstorm,storm_event
3447814,São Vicente,1734550148,27.93,75,1012,Clear,normal
3447814,São Vicente,1734636548,29.68,70,1009,Clouds,normal
3447814,São Vicente,1734722948,25.52,75,1017,Clouds,normal
3447814,São Vicente,1734809348,30.05,65,1016,Clouds,normal
3447814,São Vicente,1734895748,29.11,92,1012,Clear,normal
3447814,São Vicente,1734982148,25.94,92,1019,Clouds,normal
3447814,São Vicente,1735068548,24.45,66,1014,Clouds,normal
3447814,São Vicente,1735154948,28.41,90,1016,Drizzle,normal
3447814,São Vicente,1735241348,26.21,66,1013,Clouds,normal
3447814,São Vicente,1735327748,28.4,92,1012,Clouds,normal
3447814,São Vicente,1735414148,24.6,77,1022,Clear,normal
3447814,São Vicente,1735500548,31.59,59,1013,Clear,normal
3447814,São Vicente,1735586948,27.21,69,1017,Clouds,normal
3447814,São Vicente,1735673348,31.59,51,1013,Clouds,normal
3447814,São Vicente,1735759748,24.76,58,1017,Clear,normal
3447814,São Vicente,1735846148,23.24,78,1018,Clouds,normal
3447814,São Vicente,1735932548,25.9,92,1015,Rain,normal
3447814,São Vicente,1736018948,17.64,36,1019,Rain,cold_snap
3447814,São Vicente,1736105348,30.05,75,1019,Clear,normal
3447814,São Vicente,1736191748,26.52,89,1020,Rain,normal
3447814,São Vicente,1736278148,27.74,67,1009,Rain,normal
3447814,São Vicente,1736364548,24.93,72,1019,Rain,normal
3447814,São Vicente,1736450948,26.9,55,1014,Rain,normal
3447814,São Vicente,1736537348,29.37,73,1008,Clear,pressure_drop
3447814,São Vicente,1736623748,19.72,70,1012,Clear,normal
3447814,São Vicente,1736710148,27.78,83,1013,Rain,normal
3447814,São Vicente,1736796548,24.37,92,1011,Rain,normal
3447814,São Vicente,1736882948,23.36,92,1013,Clouds,normal
3447814,São Vicente,1736969348,26.32,94,1012,Thunderstorm,storm_event
3447814,São Vicente,1737055748,23.76,73,1009,Clear,normal
3447814,São Vicente,1737142148,26.12,98,1012,Rain,extreme_humidity
3447814,São Vicente,1737228548,22.33,74,1018,Rain,normal
3447814,São Vicente,1737314948,30.05,60,1021,Rain,normal
3447814,São Vicente,1737401348,23.08,63,1015,Clear,normal
3447814,São Vicente,1737487748,28.79,75,1015,Clear,normal
3447814,São Vicente,1737574148,28.32,97,1009,Rain,storm_event
3447814,São Vicente,1737660548,17.16,90,1013,Thunderstorm,storm_event
3447814,São Vicente,1737746948,30.05,58,1012,Clear,normal
3447814,São Vicente,1737833348,27.59,92,1021,Rain,normal
3447814,São Vicente,1737919748,23.74,61,1009,Clouds,normal
3447814,São Vicente,1738006148,24.89,88,1017,Drizzle,normal
3447814,São Vicente,1738092548,29.4,64,1013,Clear,normal
3447814,São Vicente,1738178948,26.36,82,1014,Clear,normal
3447814,São Vicente,1738265348,28.48,51,1022,Clear,normal
3447814,São Vicente,1738351748,24.32,77,1017,Clouds,normal
3447814,São Vicente,1738438148,27.08,50,1013,Clear,normal
3447814,São Vicente,1738524548,25.63,71,1008,Drizzle,pressure_drop
3447814,São Vicente,1738610948,24.44,63,1018,Clouds,normal
3447814,São Vicente,1738697348,25.42,47,1017,Clear,normal
3447814,São Vicente,1738783748,27.55,58,1009,Clear,normal
3447814,São Vicente,1738870148,23.13,80,1021,Clear,normal
3447814,São Vicente,1738956548,16.62,59,1018,Clouds,cold_snap
3447814,São Vicente,1739042948,25.72,70,1009,Clear,normal
3447814,São Vicente,1739129348,23.97,64,1011,Clear,normal
3447814,São Vicente,1739215748,26.01,95,1010,Thunderstorm,storm_event
3447814,São Vicente,1739302148,30.25,92,1016,Clouds,normal
3447814,São Vicente,1739388548,22.79,83,1009,Clear,normal
3447814,São Vicente,1739474948,26.27,55,1016,Rain,normal
3447814,São Vicente,1739561348,19.62,58,1018,Clear,cold_snap
3447814,São Vicente,1739647748,25.99,97,1013,Rain,extreme_humidity
3447814,São Vicente,1739734148,28.44,78,1021,Clear,normal
3447814,São Vicente,1739820548,25.83,40,1016,Clear,normal
3447814,São Vicente,1739906948,28.53,66,1012,Rain,normal
3447814,São Vicente,1739993348,24.88,85,1015,Clear,normal
3447814,São Vicente,1740079748,24.06,70,1010,Rain,normal
3447814,São Vicente,1740166148,26.62,40,1011,Clear,normal
3447814,São Vicente,1740252548,25.4,67,1021,Clear,normal
3447814,São Vicente,1740338948,28.74,71,1013,Clear,normal
3447814,São Vicente,1740425348,29.11,63,1014,Clear,normal
3447814,São Vicente,1740511748,24.04,45,1018,Clear,normal
3447814,São Vicente,1740598148,28.22,95,1010,Thunderstorm,storm_event
3447814,São Vicente,1740684548,26.31,67,1015,Clear,normal
3447814,São Vicente,1740770948,28.05,70,1011,Rain,normal
3447814,São Vicente,1740857348,21.29,40,1010,Clouds,normal
3447814,São Vicente,1740943748,23.75,75,1015,Rain,normal
3447814,São Vicente,1741030148,20.09,92,1008,Thunderstorm,storm_event
3447814,São Vicente,1741116548,27.4,78,1016,Drizzle,normal
3447814,São Vicente,1741202948,25.7,71,1010,Clouds,normal
3447814,São Vicente,1741289348,32.01,69,1008,Drizzle,pressure_drop
3447814,São Vicente,1741375748,23.72,72,1008,Drizzle,pressure_drop
3447814,São Vicente,1741462148,27.76,62,1019,Clear,normal
3447814,São Vicente,1741548548,24.85,92,1009,Clear,normal
3447814,São Vicente,1741634948,20.59,70,1016,Rain,normal
3447814,São Vicente,1741721348,25.29,59,1008,Drizzle,pressure_drop
3447814,São Vicente,1741807748,25.96,69,1013,Clear,normal
3447814,São Vicente,1741894148,25.69,57,1015,Clear,normal
3447814,São Vicente,1741980548,26.49,51,1014,Clouds,normal
3447814,São Vicente,1742066948,23.32,81,1021,Clear,normal
3447814,São Vicente,1742153348,25.56,84,1009,Clear,normal
3447814,São Vicente,1742239748,25.11,79,1013,Clouds,normal
3447814,São Vicente,1742326148,29.39,60,1008,Drizzle,pressure_drop
3447814,São Vicente,1742412548,28.47,82,1009,Rain,normal
3447814,São Vicente,1742498948,22.45,54,1015,Clear,normal
3447814,São Vicente,1742585348,26.92,64,1009,Clear,normal
3447814,São Vicente,1742671748,25.0,68,1021,Clouds,normal
3447814,São Vicente,1742758148,27.54,82,1016,Clouds,normal
3447814,São Vicente,1742844548,27.6,64,1018,Clear,normal
3447814,São Vicente,1742930948,29.02,50,1008,Rain,pressure_drop
3447814,São Vicente,1743017348,23.56,90,1010,Thunderstorm,storm_event
3447814,São Vicente,1743103748,27.51,58,1009,Clouds,normal
3447814,São Vicente,1743190148,24.88,76,1015,Clear,normal
3447814,São Vicente,1743276548,26.77,92,1019,Clouds,normal
3447814,São Vicente,1743362948,30.22,96,1008,Clear,pressure_drop
3447814,São Vicente,1743449348,21.61,74,1015,Rain,normal
3447814,São Vicente,1743535748,24.97,63,1022,Clear,normal
3447814,São Vicente,1743622148,16.09,98,1012,Drizzle,extreme_humidity
3447814,São Vicente,1743708548,21.82,97,1017,Clouds,extreme_humidity
3447814,São Vicente,1743794948,19.21,73,1022,Clear,normal
3447814,São Vicente,1743881348,22.3,92,1017,Clear,normal
3447814,São Vicente,1743967748,19.41,40,1012,Clouds,normal
3447814,São Vicente,1744054148,21.25,93,1009,Rain,storm_event
3447814,São Vicente,1744140548,18.71,67,1009,Rain,normal
3447814,São Vicente,1744226948,23.03,67,1013,Clear,normal
3447814,São Vicente,1744313348,13.61,59,1017,Clear,cold_snap
3447814,São Vicente,1744399748,25.27,75,1014,Clouds,normal
3447814,São Vicente,1744486148,18.9,55,1009,Rain,normal
3447814,São Vicente,1744572548,24.41,59,1011,Clear,normal
3447814,São Vicente,1744658948,23.0,92,1010,Clear,normal
3447814,São Vicente,1744745348,24.78,40,1012,Clouds,normal
3447814,São Vicente,1744831748,17.25,76,1010,Rain,normal
3447814,São Vicente,1744918148,21.43,63,1012,Clear,normal
3447814,São Vicente,1745004548,17.51,92,1014,Rain,normal
3447814,São Vicente,1745090948,19.63,97,1019,Clouds,extreme_humidity
3447814,São Vicente,1745177348,21.85,49,1014,Clear,normal
3447814,São Vicente,1745263748,19.66,60,1015,Clear,normal
3447814,São Vicente,1745350148,18.27,79,1011,Clouds,normal
3447814,São Vicente,1745436548,21.52,64,1016,Clear,normal
3447814,São Vicente,1745522948,17.66,90,1020,Clear,normal
3447814,São Vicente,1745609348,21.96,61,1019,Clear,normal
3447814,São Vicente,1745695748,23.99,54,1011,Clear,normal
3447814,São Vicente,1745782148,13.61,75,1021,Rain,cold_snap
3447814,São Vicente,1745868548,22.37,42,1017,Clear,normal
3447814,São Vicente,1745954948,19.94,67,1019,Rain,normal
3447814,São Vicente,1746041348,14.19,68,1020,Clouds,cold_snap
3447814,São Vicente,1746127748,23.07,92,1018,Rain,normal
3447814,São Vicente,1746214148,26.22,64,1015,Drizzle,normal
3447814,São Vicente,1746300548,19.89,55,1017,Clouds,normal
3447814,São Vicente,1746386948,23.31,72,1016,Drizzle,normal
3447814,São Vicente,1746473348,20.82,72,1008,Drizzle,pressure_drop
3447814,São Vicente,1746559748,23.9,48,1017,Clouds,normal
3447814,São Vicente,1746646148,22.25,66,1017,Clouds,normal
3447814,São Vicente,1746732548,27.01,84,1015,Clear,normal
3447814,São Vicente,1746818948,17.82,82,1015,Rain,normal
3447814,São Vicente,1746905348,21.05,72,1016,Clear,normal
3447814,São Vicente,1746991748,26.67,66,1011,Clear,normal
3447814,São Vicente,1747078148,25.72,87,1017,Clear,normal
3447814,São Vicente,1747164548,16.05,98,1010,Thunderstorm,storm_event
3447814,São Vicente,1747250948,19.57,65,1012,Rain,normal
3447814,São Vicente,1747337348,24.12,74,1014,Clear,normal
3447814,São Vicente,1747423748,20.51,65,1013,Clouds,normal
3447814,São Vicente,1747510148,21.44,74,1018,Clouds,normal
3447814,São Vicente,1747596548,18.51,65,1012,Clouds,normal
3447814,São Vicente,1747682948,17.82,44,1018,Clear,normal
3447814,São Vicente,1747769348,25.39,57,1017,Clouds,normal
3447814,São Vicente,1747855748,23.69,90,1012,Thunderstorm,storm_event
3447814,São Vicente,1747942148,23.68,58,1009,Clear,normal
3447814,São Vicente,1748028548,23.58,71,1012,Clear,normal
3447814,São Vicente,1748114948,24.15,89,1014,Clear,normal
3447814,São Vicente,1748201348,26.13,71,1016,Clouds,normal
3447814,São Vicente,1748287748,20.1,56,1010,Clouds,normal
3447814,São Vicente,1748374148,21.4,60,1008,Clouds,pressure_drop
3447814,São Vicente,1748460548,19.06,89,1019,Clear,normal
3447814,São Vicente,1748546948,23.72,96,1008,Rain,pressure_drop
3447814,São Vicente,1748633348,19.12,63,1017,Clouds,normal
3447814,São Vicente,1748719748,22.07,67,1016,Clear,normal
3447814,São Vicente,1748806148,20.81,60,1016,Rain,normal
3447814,São Vicente,1748892548,17.55,92,1016,Rain,normal
3447814,São Vicente,1748978948,12.73,68,1014,Clear,normal
3447814,São Vicente,1749065348,19.72,82,1008,Clear,pressure_drop
3447814,São Vicente,1749151748,17.39,79,1015,Clear,normal
3447814,São Vicente,1749238148,14.62,82,1014,Clear,normal
3447814,São Vicente,1749324548,13.44,71,1015,Clear,normal
3447814,São Vicente,1749410948,12.98,79,1014,Rain,normal
3447814,São Vicente,1749497348,18.34,74,1008,Clouds,pressure_drop
3447814,São Vicente,1749583748,17.25,67,1013,Clear,normal
3447814,São Vicente,1749670148,13.84,58,1015,Clear,normal
3447814,São Vicente,1749756548,20.77,35,1022,Clear,drought
3447814,São Vicente,1749842948,16.17,92,1018,Rain,normal
3447814,São Vicente,1749929348,16.14,52,1021,Clouds,normal
3447814,São Vicente,1750015748,15.75,67,1008,Drizzle,pressure_drop
3447814,São Vicente,1750102148,16.98,69,1009,Clear,normal
3447814,São Vicente,1750188548,15.55,83,1013,Clear,normal
3447814,São Vicente,1750274948,14.55,92,1014,Clear,normal
3447814,São Vicente,1750361348,13.2,67,1016,Clouds,normal
3447814,São Vicente,1750447748,21.56,49,1014,Clear,normal
3447814,São Vicente,1750534148,16.11,40,1017,Clear,normal
3447814,São Vicente,1750620548,18.32,95,1013,Thunderstorm,storm_event
3447814,São Vicente,1750706948,14.57,41,1019,Clear,normal
3447814,São Vicente,1750793348,15.63,98,1009,Rain,storm_event
3447814,São Vicente,1750879748,12.73,64,1013,Drizzle,normal
3447814,São Vicente,1750966148,19.37,74,1019,Clouds,normal
3447814,São Vicente,1751052548,18.08,60,1018,Rain,normal
3447814,São Vicente,1751138948,17.07,41,1020,Clear,normal
3447814,São Vicente,1751225348,19.95,83,1012,Clear,normal
3447814,São Vicente,1751311748,13.49,85,1017,Clear,normal
3447814,São Vicente,1751398148,16.74,51,1019,Clouds,normal
3447814,São Vicente,1751484548,21.43,64,1016,Clouds,normal
3447814,São Vicente,1751570948,17.82,92,1019,Rain,normal
3447814,São Vicente,1751657348,17.76,60,1015,Clouds,normal
3447814,São Vicente,1751743748,15.96,53,1012,Clear,normal
3447814,São Vicente,1751830148,16.19,70,1021,Clear,normal
3447814,São Vicente,1751916548,12.04,59,1012,Clouds,normal
3447814,São Vicente,1752002948,16.15,40,1016,Clear,normal
3447814,São Vicente,1752089348,15.47,40,1019,Clear,normal
3447814,São Vicente,1752175748,20.77,64,1019,Clear,normal
3447814,São Vicente,1752262148,14.46,73,1008,Clear,pressure_drop
3447814,São Vicente,1752348548,16.94,53,1014,Clear,normal
3447814,São Vicente,1752434948,20.11,40,1022,Clouds,normal
3447814,São Vicente,1752521348,17.5,73,1009,Clouds,normal
3447814,São Vicente,1752607748,19.46,62,1016,Clear,normal
3447814,São Vicente,1752694148,15.41,86,1014,Clear,normal
3447814,São Vicente,1752780548,20.59,37,1012,Clear,drought
3447814,São Vicente,1752866948,15.31,97,1015,Drizzle,extreme_humidity
3447814,São Vicente,1752953348,17.22,53,1020,Clear,normal
3447814,São Vicente,1753039748,16.66,54,1018,Clear,normal
3447814,São Vicente,1753126148,14.81,91,1012,Thunderstorm,storm_event
3447814,São Vicente,1753212548,9.67,66,1016,Clouds,cold_snap
3447814,São Vicente,1753298948,19.27,98,1013,Rain,extreme_humidity
3447814,São Vicente,1753385348,12.04,91,1009,Drizzle,normal
3447814,São Vicente,1753471748,22.84,88,1016,Clear,normal
3447814,São Vicente,1753558148,17.16,59,1009,Rain,normal
3447814,São Vicente,1753644548,23.05,48,1018,Clouds,normal
3447814,São Vicente,1753730948,13.61,59,1014,Clouds,normal
3447814,São Vicente,1753817348,16.83,48,1016,Clear,normal
3447814,São Vicente,1753903748,18.66,49,1014,Clouds,normal
3447814,São Vicente,1753990148,19.07,57,1012,Clouds,normal
3447814,São Vicente,1754076548,15.74,79,1016,Clear,normal
3447814,São Vicente,1754162948,11.42,72,1014,Clear,normal
3447814,São Vicente,1754249348,11.51,67,1016,Clouds,normal
3447814,São Vicente,1754335748,20.25,60,1018,Drizzle,normal
3447814,São Vicente,1754422148,19.04,57,1018,Clear,normal
3447814,São Vicente,1754508548,16.53,64,1015,Clouds,normal
3447814,São Vicente,1754594948,23.8,38,1017,Clouds,drought
3447814,São Vicente,1754681348,15.42,51,1014,Clear,normal
3447814,São Vicente,1754767748,18.99,57,1011,Clear,normal
3447814,São Vicente,1754854148,12.81,56,1017,Rain,normal
3447814,São Vicente,1754940548,22.31,67,1013,Clear,normal
3447814,São Vicente,1755026948,17.35,52,1017,Clear,normal
3447814,São Vicente,1755113348,17.67,92,1017,Rain,normal
3447814,São Vicente,1755199748,19.67,55,1021,Rain,normal
3447814,São Vicente,1755286148,15.87,73,1012,Drizzle,normal
3447814,São Vicente,1755372548,22.31,40,1016,Clear,normal
3447814,São Vicente,1755458948,14.82,69,1010,Clouds,normal
3447814,São Vicente,1755545348,13.85,88,1013,Thunderstorm,storm_event
3447814,São Vicente,1755631748,20.85,40,1015,Clear,normal
3447814,São Vicente,1755718148,14.62,56,1013,Clouds,normal
3447814,São Vicente,1755804548,13.46,41,1014,Clouds,normal
3447814,São Vicente,1755890948,19.66,91,1008,Thunderstorm,storm_event
3447814,São Vicente,1755977348,14.49,59,1015,Clear,normal
3447814,São Vicente,1756063748,15.61,77,1018,Clear,normal
3447814,São Vicente,1756150148,17.49,70,1014,Clear,normal
3447814,São Vicente,1756236548,9.24,96,1012,Thunderstorm,storm_event
3447814,São Vicente,1756322948,18.88,64,1014,Clear,normal
3447814,São Vicente,1756409348,17.99,78,1021,Clear,normal
3447814,São Vicente,1756495748,14.78,74,1013,Clear,normal
3447814,São Vicente,1756582148,16.02,92,1015,Drizzle,normal
3447814,São Vicente,1756668548,19.05,76,1008,Clouds,pressure_drop
3447814,São Vicente,1756754948,22.4,65,1014,Clear,normal
3447814,São Vicente,1756841348,18.84,61,1015,Clear,normal
3447814,São Vicente,1756927748,13.6,93,1009,Rain,storm_event
3447814,São Vicente,1757014148,11.89,52,1017,Rain,cold_snap
3447814,São Vicente,1757100548,17.12,75,1012,Rain,normal
3447814,São Vicente,1757186948,16.83,63,1018,Clouds,normal
3447814,São Vicente,1757273348,26.41,66,1012,Clear,normal
3447814,São Vicente,1757359748,14.71,79,1020,Clear,normal
3447814,São Vicente,1757446148,17.94,53,1017,Clear,normal
3447814,São Vicente,1757532548,17.87,52,1021,Clouds,normal
3447814,São Vicente,1757618948,23.16,72,1013,Clear,normal
3447814,São Vicente,1757705348,17.44,84,1012,Clear,normal
3447814,São Vicente,1757791748,19.02,53,1019,Clear,normal
3447814,São Vicente,1757878148,14.85,70,1013,Clear,normal
3447814,São Vicente,1757964548,15.52,97,1009,Rain,storm_event
3447814,São Vicente,1758050948,24.3,71,1011,Rain,normal
3447814,São Vicente,1758137348,18.11,69,1013,Rain,normal
3447814,São Vicente,1758223748,20.85,66,1010,Rain,normal
3447814,São Vicente,1758310148,19.97,56,1015,Clouds,normal
3447814,São Vicente,1758396548,26.41,68,1016,Clear,normal
3447814,São Vicente,1758482948,20.48,87,1008,Drizzle,pressure_drop
3447814,São Vicente,1758569348,21.06,75,1019,Clouds,normal
3447814,São Vicente,1758655748,12.04,71,1015,Clouds,cold_snap
3447814,São Vicente,1758742148,18.74,79,1014,Rain,normal
3447814,São Vicente,1758828548,18.32,53,1013,Clear,normal
3447814,São Vicente,1758914948,26.41,89,1013,Rain,normal
3447814,São Vicente,1759001348,21.05,61,1009,Rain,normal
3447814,São Vicente,1759087748,15.93,79,1017,Clear,normal
3447814,São Vicente,1759174148,22.9,68,1009,Clear,normal
3447814,São Vicente,1759260548,19.39,84,1014,Clouds,normal
3447814,São Vicente,1759346948,18.04,64,1011,Clear,normal
3447814,São Vicente,1759433348,20.15,48,1020,Clouds,normal
3447814,São Vicente,1759519748,17.11,69,1019,Clear,normal
3447814,São Vicente,1759606148,24.4,38,1015,Clear,drought
3447814,São Vicente,1759692548,13.78,74,1016,Clear,cold_snap
3447814,São Vicente,1759778948,24.18,69,1013,Clear,normal
3447814,São Vicente,1759865348,17.39,93,1009,Rain,storm_event
3447814,São Vicente,1759951748,20.2,92,1012,Clear,normal
3447814,São Vicente,1760038148,23.76,62,1014,Clouds,normal
3447814,São Vicente,1760124548,25.04,48,1009,Clear,normal
3447814,São Vicente,1760210948,17.5,63,1011,Clear,normal
3447814,São Vicente,1760297348,21.55,69,1020,Clouds,normal
3447814,São Vicente,1760383748,21.66,61,1019,Clear,normal
3447814,São Vicente,1760470148,20.11,65,1012,Clear,normal
3447814,São Vicente,1760556548,22.27,47,1017,Clear,normal
3447814,São Vicente,1760642948,19.3,84,1017,Clear,normal
3447814,São Vicente,1760729348,24.78,68,1017,Clouds,normal
3447814,São Vicente,1760815748,16.35,71,1016,Clear,normal
3447814,São Vicente,1760902148,16.0,73,1013,Clear,normal
3447814,São Vicente,1760988548,17.74,97,1009,Drizzle,extreme_humidity
3447814,São Vicente,1761074948,26.71,57,1018,Clear,normal
3447814,São Vicente,1761161348,22.14,64,1018,Clouds,normal
3447814,São Vicente,1761247748,27.95,38,1018,Clear,drought
3447814,São Vicente,1761334148,21.63,72,1013,Rain,normal
3447814,São Vicente,1761420548,25.25,78,1015,Drizzle,normal
3447814,São Vicente,1761506948,19.91,64,1010,Clouds,normal
3447814,São Vicente,1761593348,16.07,74,1016,Clear,normal
3447814,São Vicente,1761679748,23.53,67,1017,Clear,normal
3447814,São Vicente,1761766148,18.9,87,1020,Clear,normal
3447814,São Vicente,1761852548,21.79,75,1020,Clouds,normal
3447814,São Vicente,1761938948,19.81,79,1015,Clear,normal
3447814,São Vicente,1762025348,23.17,92,1018,Rain,normal
3447814,São Vicente,1762111748,22.85,81,1008,Clouds,pressure_drop
3447814,São Vicente,1762198148,23.44,58,1015,Clear,normal
3447814,São Vicente,1762284548,21.41,40,1022,Clouds,normal
3447814,São Vicente,1762370948,19.65,67,1010,Clouds,normal
3447814,São Vicente,1762457348,27.44,36,1016,Clear,drought
3447814,São Vicente,1762543748,18.05,92,1013,Rain,normal
3447814,São Vicente,1762630148,22.35,58,1020,Clear,normal
3447814,São Vicente,1762716548,27.27,36,1015,Clear,drought
3447814,São Vicente,1762802948,21.31,55,1011,Rain,normal
3447814,São Vicente,1762889348,17.22,98,1013,Thunderstorm,storm_event
3447814,São Vicente,1762975748,25.87,70,1015,Clear,normal
3447814,São Vicente,1763062148,20.22,98,1011,Rain,extreme_humidity
3447814,São Vicente,1763148548,21.92,78,1020,Clear,normal
3447814,São Vicente,1763234948,21.19,57,1019,Clouds,normal
3447814,São Vicente,1763321348,19.46,67,1009,Clear,normal
3447814,São Vicente,1763407748,14.39,75,1017,Rain,cold_snap
3447814,São Vicente,1763494148,23.64,78,1019,Clear,normal
3447814,São Vicente,1763580548,18.0,92,1017,Clear,normal
3447814,São Vicente,1763666948,23.09,55,1013,Drizzle,normal
3447814,São Vicente,1763753348,17.4,83,1016,Drizzle,normal
3447814,São Vicente,1763839748,21.49,60,1017,Clouds,normal
3447814,São Vicente,1763926148,16.33,97,1012,Clouds,extreme_humidity
3447814,São Vicente,1764012548,18.05,50,1014,Clouds,normal
3447814,São Vicente,1764098948,22.89,75,1018,Clear,normal
3447814,São Vicente,1764185348,18.77,48,1017,Clear,normal
3447814,São Vicente,1764271748,18.08,48,1015,Clouds,normal
3447814,São Vicente,1764358148,23.14,85,1008,Clouds,pressure_drop
3447814,São Vicente,1764444548,23.69,61,1014,Clear,normal
3447814,São Vicente,1764530948,23.48,80,1015,Clear,normal
3447814,São Vicente,1764617348,24.53,84,1012,Clouds,normal
3447814,São Vicente,1764703748,25.63,59,1009,Clouds,normal
3447814,São Vicente,1764790148,28.78,77,1016,Clouds,normal
3447814,São Vicente,1764876548,25.27,54,1016,Clouds,normal
3447814,São Vicente,1764962948,23.5,68,1016,Clear,normal
3447814,São Vicente,1765049348,28.65,61,1010,Clouds,normal
3447814,São Vicente,1765135748,28.99,86,1014,Clouds,normal
3447814,São Vicente,1765222148,26.35,64,1010,Clouds,normal
3447814,São Vicente,1765308548,29.49,89,1018,Clouds,normal
3447814,São Vicente,1765394948,30.87,57,1018,Clouds,normal
3447814,São Vicente,1765481348,27.3,62,1013,Rain,normal
3447814,São Vicente,1765567748,33.17,38,1010,Clouds,drought
3447814,São Vicente,1765654148,30.83,69,1016,Clouds,normal
3447814,São Vicente,1765740548,26.26,78,1019,Rain,normal
3447814,São Vicente,1765826948,29.53,67,1015,Clouds,normal
3447814,São Vicente,1765913348,25.12,41,1018,Clear,normal
3447814,São Vicente,1765999748,23.48,82,1021,Clouds,normal
3447814,São Vicente,1766086148,23.6,75,1016,Clouds,normal
3447814,São Vicente,1766172548,25.92,55,1017,Drizzle,normal
3447814,São Vicente,1766258948,26.79,71,1014,Clear,normal
3447814,São Vicente,1766345348,28.41,85,1014,Clouds,normal
3447814,São Vicente,1766431748,23.57,92,1011,Drizzle,normal
3447814,São Vicente,1766518148,28.08,93,1009,Rain,storm_event
3447814,São Vicente,1766604548,27.76,93,1009,Rain,storm_event
3447814,São Vicente,1766690948,26.95,93,1008,Rain,pressure_drop
3447814,São Vicente,1766777348,33.19,87,1008,Clouds,pressure_drop
3447814,São Vicente,1766863748,25.52,94,1010,Thunderstorm,storm_event
3447814,São Vicente,1766950148,26.27,63,1014,Clouds,normal
3447814,São Vicente,1767036548,25.12,80,1012,Clear,normal
3447814,São Vicente,1767122948,23.64,81,1014,Rain,normal
3447814,São Vicente,1767209348,25.28,75,1008,Clouds,pressure_drop
3447814,São Vicente,1767295748,26.11,83,1015,Rain,normal
3447814,São Vicente,1767382148,23.19,72,1016,Clear,normal
3447814,São Vicente,1767468548,26.51,92,1016,Clear,normal
3447814,São Vicente,1767554948,24.08,66,1013,Clear,normal
3447814,São Vicente,1767641348,19.86,75,1019,Clear,normal
3447814,São Vicente,1767727748,27.7,61,1020,Clear,normal
3447814,São Vicente,1767814148,15.44,75,1019,Rain,cold_snap
3447814,São Vicente,1767900548,28.77,98,1009,Clouds,extreme_humidity
3447814,São Vicente,1767986948,21.01,80,1014,Rain,normal
3447814,São Vicente,1768073348,21.24,78,1013,Clear,normal
3447814,São Vicente,1768159748,23.44,89,1015,Drizzle,normal
3447814,São Vicente,1768246148,24.6,92,1013,Drizzle,normal
3447814,São Vicente,1768332548,29.12,62,1012,Clear,normal
3447814,São Vicente,1768418948,28.21,92,1015,Rain,normal
3447814,São Vicente,1768505348,27.67,66,1017,Clear,normal
3447814,São Vicente,1768591748,25.41,72,1014,Clear,normal
3447814,São Vicente,1768678148,25.83,75,1020,Clear,normal
3447814,São Vicente,1768764548,24.19,86,1021,Clear,normal
3447814,São Vicente,1768850948,25.95,60,1017,Rain,normal
3447814,São Vicente,1768937348,25.4,75,1009,Rain,normal
3447814,São Vicente,1769023748,29.0,92,1015,Drizzle,normal
3447814,São Vicente,1769110148,28.53,83,1013,Drizzle,normal
3447814,São Vicente,1769196548,21.11,71,1016,Clear,normal
3447814,São Vicente,1769282948,27.41,88,1009,Clouds,normal
3447814,São Vicente,1769369348,23.83,66,1013,Rain,normal
3447814,São Vicente,1769455748,28.32,92,1011,Rain,normal
3447814,São Vicente,1769542148,19.72,92,1016,Drizzle,normal
3447814,São Vicente,1769628548,29.33,76,1018,Clouds,normal
3447814,São Vicente,1769714948,17.83,73,1018,Clouds,cold_snap
3447814,São Vicente,1769801348,24.71,56,1013,Clear,normal
3447814,São Vicente,1769887748,25.12,70,1011,Clouds,normal
3447814,São Vicente,1769974148,25.82,61,1016,Rain,normal
3447814,São Vicente,1770060548,27.23,40,1016,Clear,normal
3447814,São Vicente,1770146948,23.29,64,1015,Clear,normal
3447814,São Vicente,1770233348,29.45,38,1013,Clouds,drought
3447814,São Vicente,1770319748,20.78,86,1008,Rain,pressure_drop
3447814,São Vicente,1770406148,23.23,75,1017,Clear,normal
3447814,São Vicente,1770492548,29.09,61,1014,Clouds,normal
3447814,São Vicente,1770578948,30.65,70,1014,Clouds,normal
3447814,São Vicente,1770665348,29.9,58,1013,Clouds,normal
3447814,São Vicente,1770751748,28.32,52,1017,Clouds,normal
3447814,São Vicente,1770838148,25.53,63,1021,Clear,normal
3447814,São Vicente,1770924548,25.28,56,1013,Clouds,normal
3447814,São Vicente,1771010948,30.4,52,1020,Clear,normal
3447814,São Vicente,1771097348,25.99,65,1019,Clear,normal
3447814,São Vicente,1771183748,27.52,63,1016,Clear,normal
3447814,São Vicente,1771270148,25.27,72,1010,Clear,normal
3447814,São Vicente,1771356548,26.49,55,1016,Clear,normal
3447814,São Vicente,1771442948,26.41,65,1019,Clear,normal
3447814,São Vicente,1771529348,23.3,72,1017,Clear,normal
3447814,São Vicente,1771615748,23.12,92,1014,Rain,normal
3447814,São Vicente,1771702148,24.54,40,1011,Clear,normal
3447814,São Vicente,1771788548,24.9,52,1010,Clear,normal
3447814,São Vicente,1771874948,29.1,54,1014,Clear,normal
3447814,São Vicente,1771961348,24.42,92,1018,Clear,normal
3447814,São Vicente,1772047748,25.56,84,1012,Clear,normal
3447814,São Vicente,1772134148,30.38,58,1013,Clear,normal
3447814,São Vicente,1772220548,21.34,79,1015,Clear,normal
3447814,São Vicente,1772306948,25.77,57,1013,Clouds,normal
3447814,São Vicente,1772393348,23.67,72,1014,Clear,normal
3447814,São Vicente,1772479748,24.69,67,1013,Clouds,normal
3447814,São Vicente,1772566148,26.65,64,1013,Clouds,normal
3447814,São Vicente,1772652548,24.23,55,1016,Clear,normal
3447814,São Vicente,1772738948,24.68,73,1012,Clear,normal
3447814,São Vicente,1772825348,22.22,54,1011,Clear,normal
3447814,São Vicente,1772911748,22.62,40,1009,Clouds,normal
3447814,São Vicente,1772998148,23.7,58,1015,Clear,normal
3447814,São Vicente,1773084548,25.74,92,1013,Clear,normal
3447814,São Vicente,1773170948,27.06,61,1011,Rain,normal
3447814,São Vicente,1773257348,27.97,58,1008,Clouds,pressure_drop
3447814,São Vicente,1773343748,20.59,72,1014,Clouds,normal
3447814,São Vicente,1773430148,26.91,86,1015,Clouds,normal
3447814,São Vicente,1773516548,25.86,72,1012,Clear,normal
3447814,São Vicente,1773602948,26.36,68,1008,Drizzle,pressure_drop
3447814,São Vicente,1773689348,30.23,56,1008,Clouds,pressure_drop
3447814,São Vicente,1773775748,21.0,58,1011,Clouds,normal
3447814,São Vicente,1773862148,25.73,76,1009,Clear,normal
3447814,São Vicente,1773948548,25.01,56,1016,Clouds,normal
3447814,São Vicente,1774034948,25.68,86,1014,Clear,normal
3447814,São Vicente,1774121348,20.59,66,1010,Clear,normal
3447814,São Vicente,1774207748,24.09,80,1013,Clear,normal
3447814,São Vicente,1774294148,27.87,56,1019,Drizzle,normal
3447814,São Vicente,1774380548,31.35,62,1016,Clear,normal
3447814,São Vicente,1774466948,25.97,55,1016,Clouds,normal
3447814,São Vicente,1774553348,20.59,53,1012,Clear,normal
3447814,São Vicente,1774639748,27.82,58,1015,Clear,normal
3447814,São Vicente,1774726148,20.82,71,1014,Clear,normal
3447814,São Vicente,1774812548,23.38,61,1014,Clear,normal
3447814,São Vicente,1774898948,27.97,51,1009,Clear,normal
3447814,São Vicente,1774985348,26.38,90,1010,Rain,normal
3447814,São Vicente,1775071748,24.19,73,1018,Clouds,normal
3447814,São Vicente,1775158148,17.01,47,1016,Clear,normal
3447814,São Vicente,1775244548,20.28,77,1015,Clouds,normal
3447814,São Vicente,1775330948,22.72,92,1014,Rain,normal
3447814,São Vicente,1775417348,24.16,85,1009,Rain,normal
3447814,São Vicente,1775503748,20.07,90,1012,Drizzle,normal
3447814,São Vicente,1775590148,18.57,64,1015,Clouds,normal
3447814,São Vicente,1775676548,24.8,51,1016,Clear,normal
3447814,São Vicente,1775762948,20.8,92,1016,Rain,normal
3447814,São Vicente,1775849348,23.32,61,1013,Clouds,normal
3447814,São Vicente,1775935748,22.22,62,1013,Clear,normal
3447814,São Vicente,1776022148,22.5,83,1015,Clouds,normal
3447814,São Vicente,1776108548,17.68,95,1012,Thunderstorm,storm_event
3447814,São Vicente,1776194948,20.51,69,1016,Clouds,normal
3447814,São Vicente,1776281348,17.62,46,1016,Clear,normal
3447814,São Vicente,1776367748,17.09,90,1019,Clouds,normal
3447814,São Vicente,1776454148,21.41,66,1017,Clear,normal
3447814,São Vicente,1776540548,22.46,91,1017,Clear,normal
3447814,São Vicente,1776626948,13.61,56,1017,Clear,cold_snap
3447814,São Vicente,1776713348,17.53,68,1019,Rain,normal
3447814,São Vicente,1776799748,22.05,51,1008,Drizzle,pressure_drop
3447814,São Vicente,1776886148,18.08,40,1017,Clear,normal
3447814,São Vicente,1776972548,20.24,74,1018,Clear,normal
3447814,São Vicente,1777058948,20.64,75,1015,Clouds,normal
3447814,São Vicente,1777145348,19.71,97,1009,Rain,storm_event
3447814,São Vicente,1777231748,19.52,57,1019,Clouds,normal
3447814,São Vicente,1777318148,21.71,68,1014,Rain,normal
3447814,São Vicente,1777404548,25.6,71,1013,Clear,normal
3447814,São Vicente,1777490948,18.49,58,1016,Clouds,normal
3447814,São Vicente,1777577348,24.19,90,1018,Rain,normal
3447814,São Vicente,1777663748,25.06,92,1013,Clear,normal
3447814,São Vicente,1777750148,20.63,92,1011,Rain,normal
3447814,São Vicente,1777836548,24.7,68,1018,Clear,normal
3447814,São Vicente,1777922948,26.76,79,1009,Rain,normal
3447814,São Vicente,1778009348,20.04,74,1013,Clear,normal
3447814,São Vicente,1778095748,22.61,40,1013,Clouds,normal
3447814,São Vicente,1778182148,17.94,97,1014,Clouds,extreme_humidity
3447814,São Vicente,1778268548,21.76,64,1013,Clear,normal
3447814,São Vicente,1778354948,20.45,76,1014,Clear,normal
3447814,São Vicente,1778441348,21.29,51,1017,Clouds,normal
3447814,São Vicente,1778527748,23.53,81,1011,Clear,normal
3447814,São Vicente,1778614148,23.86,93,1008,Rain,pressure_drop
3447814,São Vicente,1778700548,18.1,63,1009,Rain,normal
